rowIndex,barcode,excelOrder,coneId,issueStatus,latestIssueOrder,latestIssueArticleId,issueTxnId,action,reason,needsConeClose,needsReturnTxn,returnTxnId
2,6999618d4583baeaf6e4406c,ORD-000044,6999618d4583baeaf6e44075,not_issued,,,,skip_not_issued,issueStatus is 'not_issued' (only currently issued cones are empty-returned),false,false,
3,699969af4583baeaf6e48914,ORD-000083,699969af4583baeaf6e48915,not_issued,,,,skip_not_issued,issueStatus is 'not_issued' (only currently issued cones are empty-returned),false,false,
4,699969d74583baeaf6e48a62,ORD-000083,699969d74583baeaf6e48a6d,not_issued,,,,skip_not_issued,issueStatus is 'not_issued' (only currently issued cones are empty-returned),false,false,
5,69996a0a4583baeaf6e48bc9,ORD-000070,69996a0a4583baeaf6e48bd2,not_issued,,,,skip_not_issued,issueStatus is 'not_issued' (only currently issued cones are empty-returned),false,false,
6,69996b384583baeaf6e49741,ORD-000087,69996b384583baeaf6e4974a,not_issued,,,,skip_not_issued,issueStatus is 'not_issued' (only currently issued cones are empty-returned),false,false,
7,69996b7d4583baeaf6e499f7,ORD-000087,69996b7d4583baeaf6e499fa,not_issued,,,,skip_not_issued,issueStatus is 'not_issued' (only currently issued cones are empty-returned),false,false,
8,699a92764583baeaf6e532c9,ORD-000087,699a92764583baeaf6e532cc,issued,ORD-000024,69d883c5edc59d9ec1045ffb,69d896e5edc59d9ec10501c6,would_close_cone_and_create_return_txn,Empty-return cone and create 0 kg yarn_returned for latest issue order+article,true,true,
9,699a9f264583baeaf6e5688c,ORD-000024,699a9f264583baeaf6e568b3,issued,ORD-000024,69d883c5edc59d9ec1046006,69eaeb5186f7ddd153de6433,would_close_cone_and_create_return_txn,Empty-return cone and create 0 kg yarn_returned for latest issue order+article,true,true,
10,699aa0ae4583baeaf6e56db0,ORD-000082,699aa0ae4583baeaf6e56dc6,not_issued,,,,skip_not_issued,issueStatus is 'not_issued' (only currently issued cones are empty-returned),false,false,
11,699aa0ae4583baeaf6e56db3,ORD-000082,699aa0ae4583baeaf6e56dc9,not_issued,,,,skip_not_issued,issueStatus is 'not_issued' (only currently issued cones are empty-returned),false,false,
12,699aa0ae4583baeaf6e56db5,ORD-000082,699aa0ae4583baeaf6e56dcb,not_issued,,,,skip_not_issued,issueStatus is 'not_issued' (only currently issued cones are empty-returned),false,false,
13,699aa0ae4583baeaf6e56dba,ORD-000082,699aa0ae4583baeaf6e56dd0,not_issued,,,,skip_not_issued,issueStatus is 'not_issued' (only currently issued cones are empty-returned),false,false,
14,699aa0ae4583baeaf6e56dbf,ORD-000082,699aa0ae4583baeaf6e56dd5,not_issued,,,,skip_not_issued,issueStatus is 'not_issued' (only currently issued cones are empty-returned),false,false,
15,699aa0ae4583baeaf6e56dc1,ORD-000082,699aa0ae4583baeaf6e56dd7,not_issued,,,,skip_not_issued,issueStatus is 'not_issued' (only currently issued cones are empty-returned),false,false,
16,699aa5454583baeaf6e577bb,ORD-000079,699aa5454583baeaf6e577ea,not_issued,,,,skip_not_issued,issueStatus is 'not_issued' (only currently issued cones are empty-returned),false,false,
17,699aa5454583baeaf6e577c0,ORD-000048,699aa5454583baeaf6e577ef,not_issued,,,,skip_not_issued,issueStatus is 'not_issued' (only currently issued cones are empty-returned),false,false,
18,699aa55d4583baeaf6e579c9,ORD-000079,699aa55d4583baeaf6e57a8d,issued,ORD-000024,69d883c5edc59d9ec1045ffb,69d8965dedc59d9ec105013d,would_close_cone_and_create_return_txn,Empty-return cone and create 0 kg yarn_returned for latest issue order+article,true,true,
19,699aa55d4583baeaf6e57a25,ORD-000069,699aa55d4583baeaf6e57ae9,not_issued,,,,skip_not_issued,issueStatus is 'not_issued' (only currently issued cones are empty-returned),false,false,
20,699aa55d4583baeaf6e57a34,ORD-000031,699aa55d4583baeaf6e57af8,not_issued,,,,skip_not_issued,issueStatus is 'not_issued' (only currently issued cones are empty-returned),false,false,
21,699aa55d4583baeaf6e57a49,ORD-000047,699aa55d4583baeaf6e57b0d,not_issued,,,,skip_not_issued,issueStatus is 'not_issued' (only currently issued cones are empty-returned),false,false,
22,699aa55d4583baeaf6e57a51,ORD-000079,699aa55d4583baeaf6e57b15,not_issued,,,,skip_not_issued,issueStatus is 'not_issued' (only currently issued cones are empty-returned),false,false,
23,699aa86a4583baeaf6e5da24,ORD-000082,699aa86a4583baeaf6e5da2b,not_issued,,,,skip_not_issued,issueStatus is 'not_issued' (only currently issued cones are empty-returned),false,false,
24,699aa86a4583baeaf6e5da25,ORD-000085,699aa86a4583baeaf6e5da2c,not_issued,,,,skip_not_issued,issueStatus is 'not_issued' (only currently issued cones are empty-returned),false,false,
25,699aaa344583baeaf6e5de9a,ORD-000023,699aaa344583baeaf6e5de9c,issued,ORD-000023,69d7513eedc59d9ec1012dfa,69ddabee007e05d7e73eba8e,would_close_cone_and_create_return_txn,Empty-return cone and create 0 kg yarn_returned for latest issue order+article,true,true,
26,699aca0e4583baeaf6e6513c,ORD-000082,699aca0e4583baeaf6e65147,not_issued,,,,skip_not_issued,issueStatus is 'not_issued' (only currently issued cones are empty-returned),false,false,
27,699aca0e4583baeaf6e65142,ORD-000082,699aca0e4583baeaf6e6514d,not_issued,,,,skip_not_issued,issueStatus is 'not_issued' (only currently issued cones are empty-returned),false,false,
28,699bd4144583baeaf6e674d0,ORD-000029,699bd4144583baeaf6e674e2,issued,ORD-000029,69de2b3d007e05d7e741f3ed,69de3107007e05d7e7420cae,would_close_cone_and_create_return_txn,Empty-return cone and create 0 kg yarn_returned for latest issue order+article,true,true,
29,699bd4144583baeaf6e674d3,ORD-000087,699bd4144583baeaf6e674e5,not_issued,,,,skip_not_issued,issueStatus is 'not_issued' (only currently issued cones are empty-returned),false,false,
30,699bd4144583baeaf6e674d8,ORD-000087,699bd4144583baeaf6e674ea,not_issued,,,,skip_not_issued,issueStatus is 'not_issued' (only currently issued cones are empty-returned),false,false,
31,699bd4144583baeaf6e674dc,ORD-000087,699bd4144583baeaf6e674ee,not_issued,,,,skip_not_issued,issueStatus is 'not_issued' (only currently issued cones are empty-returned),false,false,
32,699bd5294583baeaf6e67a3f,ORD-000029,699bd5294583baeaf6e67a80,issued,ORD-000029,69de2b3d007e05d7e741f3f0,69df158900ca64e3cf521dd2,would_close_cone_and_create_return_txn,Empty-return cone and create 0 kg yarn_returned for latest issue order+article,true,true,
33,699bd5294583baeaf6e67a41,ORD-000071,699bd5294583baeaf6e67a82,not_issued,,,,skip_not_issued,issueStatus is 'not_issued' (only currently issued cones are empty-returned),false,false,
34,699bd5294583baeaf6e67a43,ORD-000071,699bd5294583baeaf6e67a84,not_issued,,,,skip_not_issued,issueStatus is 'not_issued' (only currently issued cones are empty-returned),false,false,
35,699bd5294583baeaf6e67a47,ORD-000029,699bd5294583baeaf6e67a88,issued,ORD-000029,69de2b3d007e05d7e741f3ed,69de30ac007e05d7e7420b89,would_close_cone_and_create_return_txn,Empty-return cone and create 0 kg yarn_returned for latest issue order+article,true,true,
36,699bd5294583baeaf6e67a4c,ORD-000071,699bd5294583baeaf6e67a8d,not_issued,,,,skip_not_issued,issueStatus is 'not_issued' (only currently issued cones are empty-returned),false,false,
37,699bd5294583baeaf6e67a4f,ORD-000071,699bd5294583baeaf6e67a90,issued,ORD-000031,69e20427514236271de9197c,69e6f270f0694e7c1e219ae8,would_close_cone_and_create_return_txn,Empty-return cone and create 0 kg yarn_returned for latest issue order+article,true,true,
38,699bd5294583baeaf6e67a51,ORD-000071,699bd5294583baeaf6e67a92,not_issued,,,,skip_not_issued,issueStatus is 'not_issued' (only currently issued cones are empty-returned),false,false,
39,699bd5294583baeaf6e67a54,ORD-000071,699bd5294583baeaf6e67a95,issued,ORD-000031,69e20427514236271de9197c,69e6f262f0694e7c1e219ac1,would_close_cone_and_create_return_txn,Empty-return cone and create 0 kg yarn_returned for latest issue order+article,true,true,
40,699bd5294583baeaf6e67a58,ORD-000071,699bd5294583baeaf6e67a99,not_issued,,,,skip_not_issued,issueStatus is 'not_issued' (only currently issued cones are empty-returned),false,false,
41,699bd5294583baeaf6e67a5a,ORD-000071,699bd5294583baeaf6e67a9b,not_issued,,,,skip_not_issued,issueStatus is 'not_issued' (only currently issued cones are empty-returned),false,false,
42,699bd5294583baeaf6e67a60,ORD-000071,699bd5294583baeaf6e67aa1,issued,ORD-000031,69e20427514236271de9197c,69e6f28ef0694e7c1e219b23,would_close_cone_and_create_return_txn,Empty-return cone and create 0 kg yarn_returned for latest issue order+article,true,true,
43,699bd5294583baeaf6e67a62,ORD-000071,699bd5294583baeaf6e67aa3,not_issued,,,,skip_not_issued,issueStatus is 'not_issued' (only currently issued cones are empty-returned),false,false,
44,699bd5294583baeaf6e67a66,ORD-000071,699bd5294583baeaf6e67aa7,not_issued,,,,skip_not_issued,issueStatus is 'not_issued' (only currently issued cones are empty-returned),false,false,
45,699bd5294583baeaf6e67a67,ORD-000071,699bd5294583baeaf6e67aa8,not_issued,,,,skip_not_issued,issueStatus is 'not_issued' (only currently issued cones are empty-returned),false,false,
46,699bd5294583baeaf6e67a6c,ORD-000029,699bd5294583baeaf6e67aad,issued,ORD-000029,69de2b3d007e05d7e741f3ed,69de30b9007e05d7e7420ba4,would_close_cone_and_create_return_txn,Empty-return cone and create 0 kg yarn_returned for latest issue order+article,true,true,
47,699bd5294583baeaf6e67a70,ORD-000071,699bd5294583baeaf6e67ab1,not_issued,,,,skip_not_issued,issueStatus is 'not_issued' (only currently issued cones are empty-returned),false,false,
48,699bd5294583baeaf6e67a79,ORD-000071,699bd5294583baeaf6e67aba,not_issued,,,,skip_not_issued,issueStatus is 'not_issued' (only currently issued cones are empty-returned),false,false,
49,699bd5e94583baeaf6e67de0,ORD-000083,699bd5e94583baeaf6e67df2,not_issued,,,,skip_not_issued,issueStatus is 'not_issued' (only currently issued cones are empty-returned),false,false,
50,699bebbf4583baeaf6e694de,ORD-000029,699bebbf4583baeaf6e694e8,issued,ORD-000029,69df238300ca64e3cf525543,69e24f2e34696b42ea75499a,would_close_cone_and_create_return_txn,Empty-return cone and create 0 kg yarn_returned for latest issue order+article,true,true,
51,699bec2c4583baeaf6e698d1,ORD-000087,699bec2c4583baeaf6e698d5,not_issued,,,,skip_not_issued,issueStatus is 'not_issued' (only currently issued cones are empty-returned),false,false,
52,699bf24f4583baeaf6e6ccba,ORD-000076,699bf24f4583baeaf6e6ccc1,not_issued,,,,skip_not_issued,issueStatus is 'not_issued' (only currently issued cones are empty-returned),false,false,
53,699bf24f4583baeaf6e6ccbc,ORD-000051,699bf24f4583baeaf6e6ccc3,not_issued,,,,skip_not_issued,issueStatus is 'not_issued' (only currently issued cones are empty-returned),false,false,
54,699bf8a94583baeaf6e6fe12,ORD-000076,699bf8a94583baeaf6e6fe24,not_issued,,,,skip_not_issued,issueStatus is 'not_issued' (only currently issued cones are empty-returned),false,false,
55,699bf8a94583baeaf6e6fe14,ORD-000076,699bf8a94583baeaf6e6fe26,not_issued,,,,skip_not_issued,issueStatus is 'not_issued' (only currently issued cones are empty-returned),false,false,
56,699bf8a94583baeaf6e6fe15,ORD-000076,699bf8a94583baeaf6e6fe27,not_issued,,,,skip_not_issued,issueStatus is 'not_issued' (only currently issued cones are empty-returned),false,false,
57,699bf95d4583baeaf6e7074a,ORD-000051,699bf95d4583baeaf6e70753,not_issued,,,,skip_not_issued,issueStatus is 'not_issued' (only currently issued cones are empty-returned),false,false,
58,699c44544583baeaf6e8127a,ORD-000022,699c44544583baeaf6e81286,issued,ORD-000022,69d4acca2614366a5d8b8ac7,69d78e40edc59d9ec1028b99,would_close_cone_and_create_return_txn,Empty-return cone and create 0 kg yarn_returned for latest issue order+article,true,true,
59,699c56cc4583baeaf6e871fb,ORD-000079,699c56cc4583baeaf6e871fe,not_issued,,,,skip_not_issued,issueStatus is 'not_issued' (only currently issued cones are empty-returned),false,false,
60,699d8f30c926fc0fe856be06,ORD-000088,699d8f30c926fc0fe856be18,not_issued,,,,skip_not_issued,issueStatus is 'not_issued' (only currently issued cones are empty-returned),false,false,
61,699d9812c926fc0fe856ced8,ORD-000084,699d9812c926fc0fe856ceda,not_issued,,,,skip_not_issued,issueStatus is 'not_issued' (only currently issued cones are empty-returned),false,false,
62,699da6e1c926fc0fe856e480,ORD-000069,699da6e1c926fc0fe856e4a8,not_issued,,,,skip_not_issued,issueStatus is 'not_issued' (only currently issued cones are empty-returned),false,false,
63,699da6e1c926fc0fe856e481,ORD-000088,699da6e1c926fc0fe856e4a9,not_issued,,,,skip_not_issued,issueStatus is 'not_issued' (only currently issued cones are empty-returned),false,false,
64,699da6e1c926fc0fe856e484,ORD-000069,699da6e1c926fc0fe856e4ac,not_issued,,,,skip_not_issued,issueStatus is 'not_issued' (only currently issued cones are empty-returned),false,false,
65,699da6e1c926fc0fe856e486,ORD-000069,699da6e1c926fc0fe856e4ae,not_issued,,,,skip_not_issued,issueStatus is 'not_issued' (only currently issued cones are empty-returned),false,false,
66,699da6e1c926fc0fe856e488,ORD-000088,699da6e1c926fc0fe856e4b0,not_issued,,,,skip_not_issued,issueStatus is 'not_issued' (only currently issued cones are empty-returned),false,false,
67,699da6e1c926fc0fe856e48b,ORD-000069,699da6e1c926fc0fe856e4b3,not_issued,,,,skip_not_issued,issueStatus is 'not_issued' (only currently issued cones are empty-returned),false,false,
68,699da6e1c926fc0fe856e48c,ORD-000069,699da6e1c926fc0fe856e4b4,not_issued,,,,skip_not_issued,issueStatus is 'not_issued' (only currently issued cones are empty-returned),false,false,
69,699da6e1c926fc0fe856e493,ORD-000069,699da6e1c926fc0fe856e4bb,not_issued,,,,skip_not_issued,issueStatus is 'not_issued' (only currently issued cones are empty-returned),false,false,
70,699da6e1c926fc0fe856e496,ORD-000069,699da6e1c926fc0fe856e4be,not_issued,,,,skip_not_issued,issueStatus is 'not_issued' (only currently issued cones are empty-returned),false,false,
71,699da6e1c926fc0fe856e498,ORD-000069,699da6e1c926fc0fe856e4c0,not_issued,,,,skip_not_issued,issueStatus is 'not_issued' (only currently issued cones are empty-returned),false,false,
72,699da6e1c926fc0fe856e4a0,ORD-000061,699da6e1c926fc0fe856e4c8,not_issued,,,,skip_not_issued,issueStatus is 'not_issued' (only currently issued cones are empty-returned),false,false,
73,699da6e1c926fc0fe856e4a1,ORD-000088,699da6e1c926fc0fe856e4c9,not_issued,,,,skip_not_issued,issueStatus is 'not_issued' (only currently issued cones are empty-returned),false,false,
74,699da6e1c926fc0fe856e4a3,ORD-000069,699da6e1c926fc0fe856e4cb,not_issued,,,,skip_not_issued,issueStatus is 'not_issued' (only currently issued cones are empty-returned),false,false,
75,699da719c926fc0fe856e7ff,ORD-000088,699da719c926fc0fe856e842,not_issued,,,,skip_not_issued,issueStatus is 'not_issued' (only currently issued cones are empty-returned),false,false,
76,699da719c926fc0fe856e80e,ORD-000088,699da719c926fc0fe856e851,not_issued,,,,skip_not_issued,issueStatus is 'not_issued' (only currently issued cones are empty-returned),false,false,
77,699da719c926fc0fe856e810,ORD-000088,699da719c926fc0fe856e853,not_issued,,,,skip_not_issued,issueStatus is 'not_issued' (only currently issued cones are empty-returned),false,false,
78,699da719c926fc0fe856e828,ORD-000088,699da719c926fc0fe856e86b,not_issued,,,,skip_not_issued,issueStatus is 'not_issued' (only currently issued cones are empty-returned),false,false,
79,699da719c926fc0fe856e82e,ORD-000088,699da719c926fc0fe856e871,not_issued,,,,skip_not_issued,issueStatus is 'not_issued' (only currently issued cones are empty-returned),false,false,
80,699e972bc926fc0fe857d02d,ORD-000084,699e972bc926fc0fe857d03a,not_issued,,,,skip_not_issued,issueStatus is 'not_issued' (only currently issued cones are empty-returned),false,false,
81,699e9eb9c926fc0fe8582731,ORD-000061,699e9eb9c926fc0fe8582749,not_issued,,,,skip_not_issued,issueStatus is 'not_issued' (only currently issued cones are empty-returned),false,false,
82,699ea084c926fc0fe8583c3c,ORD-000087,699ea084c926fc0fe8583c3e,not_issued,,,,skip_not_issued,issueStatus is 'not_issued' (only currently issued cones are empty-returned),false,false,
83,699ea251c926fc0fe858569e,ORD-000087,699ea251c926fc0fe85856a7,not_issued,,,,skip_not_issued,issueStatus is 'not_issued' (only currently issued cones are empty-returned),false,false,
84,699ea251c926fc0fe858569f,ORD-000087,699ea251c926fc0fe85856a8,not_issued,,,,skip_not_issued,issueStatus is 'not_issued' (only currently issued cones are empty-returned),false,false,
85,699ea2e6c926fc0fe8585c05,ORD-000087,699ea2e6c926fc0fe8585c0d,not_issued,,,,skip_not_issued,issueStatus is 'not_issued' (only currently issued cones are empty-returned),false,false,
86,699ea2e6c926fc0fe8585c06,ORD-000087,699ea2e6c926fc0fe8585c0e,not_issued,,,,skip_not_issued,issueStatus is 'not_issued' (only currently issued cones are empty-returned),false,false,
87,699ea34fc926fc0fe8586001,ORD-000087,699ea34fc926fc0fe8586005,issued,ORD-000025,69d88ec5edc59d9ec104b7b9,69da2dcdedc59d9ec10b6689,would_close_cone_and_create_return_txn,Empty-return cone and create 0 kg yarn_returned for latest issue order+article,true,true,
88,699ea369c926fc0fe858626e,ORD-000087,699ea369c926fc0fe8586276,not_issued,,,,skip_not_issued,issueStatus is 'not_issued' (only currently issued cones are empty-returned),false,false,
89,699ea369c926fc0fe858626f,ORD-000087,699ea369c926fc0fe8586277,not_issued,,,,skip_not_issued,issueStatus is 'not_issued' (only currently issued cones are empty-returned),false,false,
90,699ea369c926fc0fe8586271,ORD-000087,699ea369c926fc0fe8586279,not_issued,,,,skip_not_issued,issueStatus is 'not_issued' (only currently issued cones are empty-returned),false,false,
91,699ea369c926fc0fe8586272,ORD-000087,699ea369c926fc0fe858627a,not_issued,,,,skip_not_issued,issueStatus is 'not_issued' (only currently issued cones are empty-returned),false,false,
92,699ea51ec926fc0fe85875ac,ORD-000084,699ea51ec926fc0fe85875b1,not_issued,,,,skip_not_issued,issueStatus is 'not_issued' (only currently issued cones are empty-returned),false,false,
93,699ea51ec926fc0fe85875ad,ORD-000084,699ea51ec926fc0fe85875b2,not_issued,,,,skip_not_issued,issueStatus is 'not_issued' (only currently issued cones are empty-returned),false,false,
94,699ea51ec926fc0fe85875ae,ORD-000084,699ea51ec926fc0fe85875b3,not_issued,,,,skip_not_issued,issueStatus is 'not_issued' (only currently issued cones are empty-returned),false,false,
95,699ea51ec926fc0fe85875af,ORD-000084,699ea51ec926fc0fe85875b4,not_issued,,,,skip_not_issued,issueStatus is 'not_issued' (only currently issued cones are empty-returned),false,false,
96,699ea5b2c926fc0fe8587a11,ORD-000084,699ea5b2c926fc0fe8587a13,not_issued,,,,skip_not_issued,issueStatus is 'not_issued' (only currently issued cones are empty-returned),false,false,
97,699ea5b2c926fc0fe8587a12,ORD-000084,699ea5b2c926fc0fe8587a14,not_issued,,,,skip_not_issued,issueStatus is 'not_issued' (only currently issued cones are empty-returned),false,false,
98,699ea632c926fc0fe8588120,ORD-000084,699ea632c926fc0fe858812a,not_issued,,,,skip_not_issued,issueStatus is 'not_issued' (only currently issued cones are empty-returned),false,false,
99,699ea677c926fc0fe85884d8,ORD-000084,699ea677c926fc0fe85884e4,not_issued,,,,skip_not_issued,issueStatus is 'not_issued' (only currently issued cones are empty-returned),false,false,
100,69a13c657317942502216d25,ORD-000076,69a13c657317942502216d30,not_issued,,,,skip_not_issued,issueStatus is 'not_issued' (only currently issued cones are empty-returned),false,false,
101,69a19697a47ecd5436f6e67f,ORD-000029,69a19697a47ecd5436f6e687,issued,ORD-000029,69de2b3d007e05d7e741f3ed,69de373f00ca64e3cf50dcd5,would_close_cone_and_create_return_txn,Empty-return cone and create 0 kg yarn_returned for latest issue order+article,true,true,
102,69a26de6a47ecd5436f7064f,ORD-000021,69a26de6a47ecd5436f70664,issued,ORD-000021,69d0e47e97fe9152fa9fb768,69d7c5b3edc59d9ec1031d9a,would_close_cone_and_create_return_txn,Empty-return cone and create 0 kg yarn_returned for latest issue order+article,true,true,
103,69a26de6a47ecd5436f70659,ORD-000087,69a26de6a47ecd5436f7066e,not_issued,,,,skip_not_issued,issueStatus is 'not_issued' (only currently issued cones are empty-returned),false,false,
104,69a26ea1a47ecd5436f7073e,ORD-000085,69a26ea1a47ecd5436f70743,not_issued,,,,skip_not_issued,issueStatus is 'not_issued' (only currently issued cones are empty-returned),false,false,
105,69a26ea1a47ecd5436f7073f,ORD-000013,69a26ea1a47ecd5436f70744,issued,ORD-000013,69ca497e0ab7021c82e521f1,69df2d7500ca64e3cf529540,would_close_cone_and_create_return_txn,Empty-return cone and create 0 kg yarn_returned for latest issue order+article,true,true,
106,69a26f4da47ecd5436f708d5,ORD-000087,69a26f4da47ecd5436f708d9,not_issued,,,,skip_not_issued,issueStatus is 'not_issued' (only currently issued cones are empty-returned),false,false,
107,69a2720fa47ecd5436f70a0b,ORD-000027,69a2720fa47ecd5436f70a0e,issued,ORD-000027,69dc9fd1a19ee8d30f4a3a7f,69df614400ca64e3cf53094d,would_close_cone_and_create_return_txn,Empty-return cone and create 0 kg yarn_returned for latest issue order+article,true,true,
108,69a2726aa47ecd5436f70a4c,ORD-000025,69a2726aa47ecd5436f70a4e,not_issued,,,,skip_not_issued,issueStatus is 'not_issued' (only currently issued cones are empty-returned),false,false,
109,69a272a2a47ecd5436f70a7a,ORD-000087,69a272a2a47ecd5436f70a97,not_issued,,,,skip_not_issued,issueStatus is 'not_issued' (only currently issued cones are empty-returned),false,false,
110,69a2730da47ecd5436f70b8d,ORD-000028,69a2730da47ecd5436f70bab,issued,ORD-000028,69ddee12007e05d7e740be15,69e59f854dfe50532a141079,would_close_cone_and_create_return_txn,Empty-return cone and create 0 kg yarn_returned for latest issue order+article,true,true,
111,69a27362a47ecd5436f70c84,ORD-000083,69a27362a47ecd5436f70c9c,not_issued,,,,skip_not_issued,issueStatus is 'not_issued' (only currently issued cones are empty-returned),false,false,
112,69a27362a47ecd5436f70c92,ORD-000083,69a27362a47ecd5436f70caa,not_issued,,,,skip_not_issued,issueStatus is 'not_issued' (only currently issued cones are empty-returned),false,false,
113,69a27362a47ecd5436f70c94,ORD-000083,69a27362a47ecd5436f70cac,not_issued,,,,skip_not_issued,issueStatus is 'not_issued' (only currently issued cones are empty-returned),false,false,
114,69a27362a47ecd5436f70c9a,ORD-000083,69a27362a47ecd5436f70cb2,not_issued,,,,skip_not_issued,issueStatus is 'not_issued' (only currently issued cones are empty-returned),false,false,
115,69a2bd2f93145c5b2854cd80,ORD-000077,69a2bd2f93145c5b2854cd84,not_issued,,,,skip_not_issued,issueStatus is 'not_issued' (only currently issued cones are empty-returned),false,false,
116,69a2d25193145c5b2854e4b0,ORD-000068,69a2d25193145c5b2854e4b4,not_issued,,,,skip_not_issued,issueStatus is 'not_issued' (only currently issued cones are empty-returned),false,false,
117,69a3e8bd93145c5b285505f1,ORD-000087,69a3e8bd93145c5b285505f5,not_issued,,,,skip_not_issued,issueStatus is 'not_issued' (only currently issued cones are empty-returned),false,false,
118,69a3e8bd93145c5b285505f3,ORD-000087,69a3e8bd93145c5b285505f7,not_issued,,,,skip_not_issued,issueStatus is 'not_issued' (only currently issued cones are empty-returned),false,false,
119,69a3f9ad93145c5b28550e7e,ORD-000089,69a3f9ad93145c5b28550e81,not_issued,,,,skip_not_issued,issueStatus is 'not_issued' (only currently issued cones are empty-returned),false,false,
120,69a3f9ad93145c5b28550e7f,ORD-000089,69a3f9ad93145c5b28550e82,not_issued,,,,skip_not_issued,issueStatus is 'not_issued' (only currently issued cones are empty-returned),false,false,
121,69a3fdfe93145c5b285514bc,ORD-000082,69a3fdfe93145c5b285514bd,issued,ORD-000017,69ce234fff9f99209b6d0ef8,69d9e0cfedc59d9ec109bc91,would_close_cone_and_create_return_txn,Empty-return cone and create 0 kg yarn_returned for latest issue order+article,true,true,
122,69a3ff6293145c5b28551644,ORD-000029,69a3ff6293145c5b28551649,issued,ORD-000029,69df238300ca64e3cf525581,69e84198795e8688eebb8a9e,would_close_cone_and_create_return_txn,Empty-return cone and create 0 kg yarn_returned for latest issue order+article,true,true,
123,69a4021b93145c5b2855186f,ORD-000025,69a4021b93145c5b28551876,issued,ORD-000025,69d88ec5edc59d9ec104b7c5,69df715c00ca64e3cf53663f,would_close_cone_and_create_return_txn,Empty-return cone and create 0 kg yarn_returned for latest issue order+article,true,true,
124,69a4021b93145c5b28551871,ORD-000075,69a4021b93145c5b28551878,not_issued,,,,skip_not_issued,issueStatus is 'not_issued' (only currently issued cones are empty-returned),false,false,
125,69a40f2193145c5b285520d2,ORD-000079,69a40f2193145c5b285520d6,issued,ORD-000027,69dc9fd1a19ee8d30f4a3a92,69df785700ca64e3cf538946,would_close_cone_and_create_return_txn,Empty-return cone and create 0 kg yarn_returned for latest issue order+article,true,true,
126,69a40fad93145c5b28552126,ORD-000091,69a40fad93145c5b2855212b,issued,ORD-000026,69dc7c3dd0bd6cbf13e4d510,69dc851ad0bd6cbf13e565a2,would_close_cone_and_create_return_txn,Empty-return cone and create 0 kg yarn_returned for latest issue order+article,true,true,
127,69a40fad93145c5b28552129,ORD-000080,69a40fad93145c5b2855212e,not_issued,,,,skip_not_issued,issueStatus is 'not_issued' (only currently issued cones are empty-returned),false,false,
128,69a4144593145c5b28552d85,ORD-000029,69a4144593145c5b28552d8d,issued,ORD-000029,69df37ae00ca64e3cf52ac3e,69df7aca00ca64e3cf539411,would_close_cone_and_create_return_txn,Empty-return cone and create 0 kg yarn_returned for latest issue order+article,true,true,
129,69a4144593145c5b28552d88,ORD-000083,69a4144593145c5b28552d90,not_issued,,,,skip_not_issued,issueStatus is 'not_issued' (only currently issued cones are empty-returned),false,false,
130,69a4155b93145c5b28552f57,ORD-000083,69a4155b93145c5b28552f79,not_issued,,,,skip_not_issued,issueStatus is 'not_issued' (only currently issued cones are empty-returned),false,false,
131,69a4155b93145c5b28552f58,ORD-000038,69a4155b93145c5b28552f7a,issued,ORD-000038,69eb183d86f7ddd153e58aa9,69ec941686f7ddd153f31fab,would_close_cone_and_create_return_txn,Empty-return cone and create 0 kg yarn_returned for latest issue order+article,true,true,
132,69a4155b93145c5b28552f64,ORD-000080,69a4155b93145c5b28552f86,not_issued,,,,skip_not_issued,issueStatus is 'not_issued' (only currently issued cones are empty-returned),false,false,
133,69a4188c93145c5b2855332f,ORD-000088,69a4188c93145c5b28553330,not_issued,,,,skip_not_issued,issueStatus is 'not_issued' (only currently issued cones are empty-returned),false,false,
134,69a41f2393145c5b285538e6,ORD-000079,69a41f2393145c5b285538f1,not_issued,,,,skip_not_issued,issueStatus is 'not_issued' (only currently issued cones are empty-returned),false,false,
135,69a41f2393145c5b285538e7,ORD-000079,69a41f2393145c5b285538f2,not_issued,,,,skip_not_issued,issueStatus is 'not_issued' (only currently issued cones are empty-returned),false,false,
136,69a5248093145c5b28554bc2,ORD-000021,69a5248093145c5b28554bcd,issued,ORD-000021,69d0e47e97fe9152fa9fb768,69d7a761edc59d9ec102f9ba,would_close_cone_and_create_return_txn,Empty-return cone and create 0 kg yarn_returned for latest issue order+article,true,true,
137,69a5248093145c5b28554bc8,ORD-000021,69a5248093145c5b28554bd3,issued,ORD-000021,69d0e47e97fe9152fa9fb768,69d7a773edc59d9ec102f9f4,would_close_cone_and_create_return_txn,Empty-return cone and create 0 kg yarn_returned for latest issue order+article,true,true,
138,69a5256a93145c5b28554ee3,ORD-000087,69a5256a93145c5b28554eec,not_issued,,,,skip_not_issued,issueStatus is 'not_issued' (only currently issued cones are empty-returned),false,false,
139,69a5256a93145c5b28554ee5,ORD-000087,69a5256a93145c5b28554eee,not_issued,,,,skip_not_issued,issueStatus is 'not_issued' (only currently issued cones are empty-returned),false,false,
140,69a5645693145c5b28578b37,ORD-000021,69a5645693145c5b28578b40,issued,ORD-000021,69d0e47e97fe9152fa9fb768,69d9804aedc59d9ec10725bf,would_close_cone_and_create_return_txn,Empty-return cone and create 0 kg yarn_returned for latest issue order+article,true,true,
141,69a5651e93145c5b28578c84,ORD-000087,69a5651e93145c5b28578c8d,not_issued,,,,skip_not_issued,issueStatus is 'not_issued' (only currently issued cones are empty-returned),false,false,
142,69a5658a93145c5b28578d2f,ORD-000023,69a5658a93145c5b28578d39,issued,ORD-000023,69d7513eedc59d9ec1012dfa,69df285f00ca64e3cf526952,would_close_cone_and_create_return_txn,Empty-return cone and create 0 kg yarn_returned for latest issue order+article,true,true,
143,69a565a093145c5b28578d72,ORD-000080,69a565a093145c5b28578d93,issued,ORD-000027,69dc9fd1a19ee8d30f4a3a88,69e5aed54dfe50532a149c31,would_close_cone_and_create_return_txn,Empty-return cone and create 0 kg yarn_returned for latest issue order+article,true,true,
144,69a565a093145c5b28578d7b,ORD-000089,69a565a093145c5b28578d9c,issued,ORD-000024,69d883c5edc59d9ec1046004,69de054d007e05d7e7414bfe,would_close_cone_and_create_return_txn,Empty-return cone and create 0 kg yarn_returned for latest issue order+article,true,true,
145,69a565a093145c5b28578d82,ORD-000056,69a565a093145c5b28578da3,issued,ORD-000024,69d883c5edc59d9ec1046004,69de0558007e05d7e7414c24,would_close_cone_and_create_return_txn,Empty-return cone and create 0 kg yarn_returned for latest issue order+article,true,true,
146,69a565a093145c5b28578d84,ORD-000028,69a565a093145c5b28578da5,issued,ORD-000028,69ddee12007e05d7e740be13,69e0a80f00ca64e3cf5a294c,would_close_cone_and_create_return_txn,Empty-return cone and create 0 kg yarn_returned for latest issue order+article,true,true,
147,69a8141a93145c5b2857d76b,ORD-000080,69a8141a93145c5b2857d793,not_issued,,,,skip_not_issued,issueStatus is 'not_issued' (only currently issued cones are empty-returned),false,false,
148,69a834a993145c5b285808bc,ORD-000023,69a834a993145c5b285808d0,issued,ORD-000023,69d7513eedc59d9ec1012dfa,69e1bbb20b3c5500e1fdfb05,would_close_cone_and_create_return_txn,Empty-return cone and create 0 kg yarn_returned for latest issue order+article,true,true,
149,69a836ec93145c5b28580997,ORD-000071,69a836ec93145c5b2858099c,not_issued,,,,skip_not_issued,issueStatus is 'not_issued' (only currently issued cones are empty-returned),false,false,
150,69a836ec93145c5b28580998,ORD-000029,69a836ec93145c5b2858099d,issued,ORD-000029,69de2b3d007e05d7e741f3ed,69de31b93c0637e37dcac6fc,would_close_cone_and_create_return_txn,Empty-return cone and create 0 kg yarn_returned for latest issue order+article,true,true,
151,69a9142a93145c5b2859f803,ORD-000024,69a9142a93145c5b2859f81b,issued,ORD-000024,69d883c5edc59d9ec1045fea,69dcb9d9a19ee8d30f4aae9a,would_close_cone_and_create_return_txn,Empty-return cone and create 0 kg yarn_returned for latest issue order+article,true,true,
152,69aaac4e93145c5b285a63c6,ORD-000032,69aaac4e93145c5b285a63de,not_issued,,,,skip_not_issued,issueStatus is 'not_issued' (only currently issued cones are empty-returned),false,false,
153,69aaac4e93145c5b285a63c7,ORD-000084,69aaac4e93145c5b285a63df,issued,ORD-000025,69d88ec5edc59d9ec104b7bd,69e5e6df4dfe50532a169ac4,would_close_cone_and_create_return_txn,Empty-return cone and create 0 kg yarn_returned for latest issue order+article,true,true,
154,69aaac4e93145c5b285a63cc,ORD-000084,69aaac4e93145c5b285a63e4,issued,ORD-000032,69e367404dfe50532a0c07d7,69e74fe423c856872b4680f5,would_close_cone_and_create_return_txn,Empty-return cone and create 0 kg yarn_returned for latest issue order+article,true,true,
155,69aaac9793145c5b285a643a,ORD-000084,69aaac9793145c5b285a6452,not_issued,,,,skip_not_issued,issueStatus is 'not_issued' (only currently issued cones are empty-returned),false,false,
156,69aaac9793145c5b285a6444,ORD-000084,69aaac9793145c5b285a645c,not_issued,,,,skip_not_issued,issueStatus is 'not_issued' (only currently issued cones are empty-returned),false,false,
157,69aacdae93145c5b285a6dcc,ORD-000043,69aacdae93145c5b285a6de4,not_issued,,,,skip_not_issued,issueStatus is 'not_issued' (only currently issued cones are empty-returned),false,false,
158,69aacdae93145c5b285a6ddb,ORD-000024,69aacdae93145c5b285a6df3,issued,ORD-000024,69d883c5edc59d9ec1045fea,69dcb9e4a19ee8d30f4aaeb3,would_close_cone_and_create_return_txn,Empty-return cone and create 0 kg yarn_returned for latest issue order+article,true,true,
159,69ae497a777d8cba6a19b9d2,ORD-000029,69ae497a777d8cba6a19b9e8,issued,ORD-000029,69df238300ca64e3cf525563,69e3fb4e4dfe50532a131f85,would_close_cone_and_create_return_txn,Empty-return cone and create 0 kg yarn_returned for latest issue order+article,true,true,
160,69ae4a36777d8cba6a19bbd1,ORD-000018,69ae4a36777d8cba6a19bbe9,issued,ORD-000018,69cf5bb87cd22f3f9dae0311,69d4a21d2614366a5d8b5c96,would_close_cone_and_create_return_txn,Empty-return cone and create 0 kg yarn_returned for latest issue order+article,true,true,
161,69ae4a36777d8cba6a19bbdc,ORD-000080,69ae4a36777d8cba6a19bbf4,issued,ORD-000007,69c25222421268c3c1b2a251,69d8d8dcedc59d9ec1066108,would_close_cone_and_create_return_txn,Empty-return cone and create 0 kg yarn_returned for latest issue order+article,true,true,
162,69ae6ef1bec7c1c9b31d9b41,ORD-000070,69ae6ef1bec7c1c9b31d9b55,not_issued,,,,skip_not_issued,issueStatus is 'not_issued' (only currently issued cones are empty-returned),false,false,
163,69ae6f28bec7c1c9b31d9ba7,ORD-000025,69ae6f28bec7c1c9b31d9bbe,issued,ORD-000025,69d88ec5edc59d9ec104b7c4,69dca665a19ee8d30f4a4c39,would_close_cone_and_create_return_txn,Empty-return cone and create 0 kg yarn_returned for latest issue order+article,true,true,
164,69ae6f28bec7c1c9b31d9bab,ORD-000025,69ae6f28bec7c1c9b31d9bc2,issued,ORD-000025,69d88ec5edc59d9ec104b7c4,69dca65da19ee8d30f4a4c19,would_close_cone_and_create_return_txn,Empty-return cone and create 0 kg yarn_returned for latest issue order+article,true,true,
165,69afd2d075ce3cd7dfb055bb,ORD-000084,69afd2d075ce3cd7dfb055df,not_issued,,,,skip_not_issued,issueStatus is 'not_issued' (only currently issued cones are empty-returned),false,false,
166,69afd2d075ce3cd7dfb055bd,ORD-000079,69afd2d075ce3cd7dfb055e1,not_issued,,,,skip_not_issued,issueStatus is 'not_issued' (only currently issued cones are empty-returned),false,false,
167,69afd2d075ce3cd7dfb055c0,ORD-000084,69afd2d075ce3cd7dfb055e4,not_issued,,,,skip_not_issued,issueStatus is 'not_issued' (only currently issued cones are empty-returned),false,false,
168,69afd2d075ce3cd7dfb055c9,ORD-000079,69afd2d075ce3cd7dfb055ed,not_issued,,,,skip_not_issued,issueStatus is 'not_issued' (only currently issued cones are empty-returned),false,false,
169,69afd2d075ce3cd7dfb055d2,ORD-000022,69afd2d075ce3cd7dfb055f6,issued,ORD-000022,69d4acca2614366a5d8b8ac9,69da4491b37ea0bc66370edf,would_close_cone_and_create_return_txn,Empty-return cone and create 0 kg yarn_returned for latest issue order+article,true,true,
170,69b1165905b3bddb852811d8,ORD-000069,69b1165905b3bddb852811ed,not_issued,,,,skip_not_issued,issueStatus is 'not_issued' (only currently issued cones are empty-returned),false,false,
171,69b1165905b3bddb852811e7,ORD-000027,69b1165905b3bddb852811fc,not_issued,,,,skip_not_issued,issueStatus is 'not_issued' (only currently issued cones are empty-returned),false,false,
172,69b1276805b3bddb85281e27,ORD-000087,69b1276805b3bddb85281e46,not_issued,,,,skip_not_issued,issueStatus is 'not_issued' (only currently issued cones are empty-returned),false,false,
173,69b1276805b3bddb85281e2f,ORD-000087,69b1276805b3bddb85281e4e,not_issued,,,,skip_not_issued,issueStatus is 'not_issued' (only currently issued cones are empty-returned),false,false,
174,69b1276805b3bddb85281e32,ORD-000087,69b1276805b3bddb85281e51,not_issued,,,,skip_not_issued,issueStatus is 'not_issued' (only currently issued cones are empty-returned),false,false,
175,69b1276805b3bddb85281e35,ORD-000087,69b1276805b3bddb85281e54,not_issued,,,,skip_not_issued,issueStatus is 'not_issued' (only currently issued cones are empty-returned),false,false,
176,69b1276805b3bddb85281e37,ORD-000017,69b1276805b3bddb85281e56,issued,ORD-000017,69ce234fff9f99209b6d0efb,69e305d734696b42ea7b016b,would_close_cone_and_create_return_txn,Empty-return cone and create 0 kg yarn_returned for latest issue order+article,true,true,
177,69b1276805b3bddb85281e3b,ORD-000087,69b1276805b3bddb85281e5a,not_issued,,,,skip_not_issued,issueStatus is 'not_issued' (only currently issued cones are empty-returned),false,false,
178,69b1276805b3bddb85281e3e,ORD-000021,69b1276805b3bddb85281e5d,issued,ORD-000021,69d0e47e97fe9152fa9fb766,69dd74a4007e05d7e73eb65f,would_close_cone_and_create_return_txn,Empty-return cone and create 0 kg yarn_returned for latest issue order+article,true,true,
179,69b1276805b3bddb85281e3f,ORD-000087,69b1276805b3bddb85281e5e,not_issued,,,,skip_not_issued,issueStatus is 'not_issued' (only currently issued cones are empty-returned),false,false,
180,69b1276805b3bddb85281e40,ORD-000087,69b1276805b3bddb85281e5f,not_issued,,,,skip_not_issued,issueStatus is 'not_issued' (only currently issued cones are empty-returned),false,false,
181,69b263f0a37559f46ce1ca19,ORD-000082,69b263f0a37559f46ce1ca28,not_issued,,,,skip_not_issued,issueStatus is 'not_issued' (only currently issued cones are empty-returned),false,false,
182,69b50102be0ce216017e94ba,ORD-000018,69b50102be0ce216017e94c8,issued,ORD-000018,69cf5bb87cd22f3f9dae0311,69d4a2092614366a5d8b5b4e,would_close_cone_and_create_return_txn,Empty-return cone and create 0 kg yarn_returned for latest issue order+article,true,true,
183,69b51f04e0bcee26efe02b1e,ORD-000080,69b51f04e0bcee26efe02b36,not_issued,,,,skip_not_issued,issueStatus is 'not_issued' (only currently issued cones are empty-returned),false,false,
184,69b51f04e0bcee26efe02b25,ORD-000074,69b51f04e0bcee26efe02b3d,not_issued,,,,skip_not_issued,issueStatus is 'not_issued' (only currently issued cones are empty-returned),false,false,
185,69b51f04e0bcee26efe02b2a,ORD-000080,69b51f04e0bcee26efe02b42,issued,ORD-000013,69ca497e0ab7021c82e521e8,69d3863f2614366a5d87fe23,would_close_cone_and_create_return_txn,Empty-return cone and create 0 kg yarn_returned for latest issue order+article,true,true,
186,69b5666fa6225d28d31be50b,ORD-000088,69b5666fa6225d28d31be530,issued,ORD-000030,69e08b3900ca64e3cf596a07,69e1fb84610f982578adeaa6,would_close_cone_and_create_return_txn,Empty-return cone and create 0 kg yarn_returned for latest issue order+article,true,true,
187,69b5668ca6225d28d31be636,ORD-000072,69b5668ca6225d28d31be64b,not_issued,,,,skip_not_issued,issueStatus is 'not_issued' (only currently issued cones are empty-returned),false,false,
188,69b5668ca6225d28d31be637,ORD-000029,69b5668ca6225d28d31be64c,issued,ORD-000029,69df238300ca64e3cf525543,69e24cf934696b42ea75468c,would_close_cone_and_create_return_txn,Empty-return cone and create 0 kg yarn_returned for latest issue order+article,true,true,
189,69b5668ca6225d28d31be639,ORD-000029,69b5668ca6225d28d31be64e,issued,ORD-000029,69df238300ca64e3cf525563,69e3dc354dfe50532a124d10,would_close_cone_and_create_return_txn,Empty-return cone and create 0 kg yarn_returned for latest issue order+article,true,true,
190,69b5668ca6225d28d31be63c,ORD-000029,69b5668ca6225d28d31be651,issued,ORD-000029,69df238300ca64e3cf525543,69e24cef34696b42ea754671,would_close_cone_and_create_return_txn,Empty-return cone and create 0 kg yarn_returned for latest issue order+article,true,true,
191,69b5668ca6225d28d31be63d,ORD-000029,69b5668ca6225d28d31be652,issued,ORD-000029,69df238300ca64e3cf525543,69e24ce434696b42ea754656,would_close_cone_and_create_return_txn,Empty-return cone and create 0 kg yarn_returned for latest issue order+article,true,true,
192,69b787e7a6225d28d31c07d8,ORD-000079,69b787e7a6225d28d31c07f1,not_issued,,,,skip_not_issued,issueStatus is 'not_issued' (only currently issued cones are empty-returned),false,false,
193,69b787e7a6225d28d31c07d9,ORD-000084,69b787e7a6225d28d31c07f2,not_issued,,,,skip_not_issued,issueStatus is 'not_issued' (only currently issued cones are empty-returned),false,false,
194,69b787e7a6225d28d31c07da,ORD-000079,69b787e7a6225d28d31c07f3,not_issued,,,,skip_not_issued,issueStatus is 'not_issued' (only currently issued cones are empty-returned),false,false,
195,69b787e7a6225d28d31c07e8,ORD-000079,69b787e7a6225d28d31c0801,not_issued,,,,skip_not_issued,issueStatus is 'not_issued' (only currently issued cones are empty-returned),false,false,
196,69b787e7a6225d28d31c07eb,ORD-000079,69b787e7a6225d28d31c0804,not_issued,,,,skip_not_issued,issueStatus is 'not_issued' (only currently issued cones are empty-returned),false,false,
197,69b787e7a6225d28d31c07ed,ORD-000075,69b787e7a6225d28d31c0806,not_issued,,,,skip_not_issued,issueStatus is 'not_issued' (only currently issued cones are empty-returned),false,false,
198,69b7880ca6225d28d31c08c2,ORD-000062,69b7880ca6225d28d31c08d6,not_issued,,,,skip_not_issued,issueStatus is 'not_issued' (only currently issued cones are empty-returned),false,false,
199,69b7896ea6225d28d31c0b4d,ORD-000074,69b7896ea6225d28d31c0b60,not_issued,,,,skip_not_issued,issueStatus is 'not_issued' (only currently issued cones are empty-returned),false,false,
200,69b79422a6225d28d31c15bb,ORD-000088,69b79422a6225d28d31c15d1,not_issued,,,,skip_not_issued,issueStatus is 'not_issued' (only currently issued cones are empty-returned),false,false,
201,69b7dfa8a6225d28d31cae4e,ORD-000084,69b7dfa8a6225d28d31cae5a,not_issued,,,,skip_not_issued,issueStatus is 'not_issued' (only currently issued cones are empty-returned),false,false,
202,69b7dfa8a6225d28d31cae50,ORD-000029,69b7dfa8a6225d28d31cae5c,issued,ORD-000029,69df238300ca64e3cf525543,69e24ef634696b42ea754936,would_close_cone_and_create_return_txn,Empty-return cone and create 0 kg yarn_returned for latest issue order+article,true,true,
203,69b7dfa8a6225d28d31cae51,ORD-000068,69b7dfa8a6225d28d31cae5d,issued,ORD-000030,69e08b3900ca64e3cf5969ff,69e365bd4dfe50532a0c02f7,would_close_cone_and_create_return_txn,Empty-return cone and create 0 kg yarn_returned for latest issue order+article,true,true,
204,69b7dfa8a6225d28d31cae52,ORD-000084,69b7dfa8a6225d28d31cae5e,issued,ORD-000031,69e20427514236271de9198e,69e7556723c856872b46902f,would_close_cone_and_create_return_txn,Empty-return cone and create 0 kg yarn_returned for latest issue order+article,true,true,
205,69b7dfa8a6225d28d31cae59,ORD-000083,69b7dfa8a6225d28d31cae65,not_issued,,,,skip_not_issued,issueStatus is 'not_issued' (only currently issued cones are empty-returned),false,false,
206,69b7e6a4a6225d28d31cc1f8,ORD-000087,69b7e6a4a6225d28d31cc1f9,not_issued,,,,skip_not_issued,issueStatus is 'not_issued' (only currently issued cones are empty-returned),false,false,
207,69b7e886a6225d28d31cca03,ORD-000027,69b7e886a6225d28d31cca2b,issued,ORD-000027,69dc9fd1a19ee8d30f4a3a7f,69df61b200ca64e3cf530a1a,would_close_cone_and_create_return_txn,Empty-return cone and create 0 kg yarn_returned for latest issue order+article,true,true,
208,69b7eccca6225d28d31cd6d0,ORD-000022,69b7eccca6225d28d31cd725,issued,ORD-000022,69d4acca2614366a5d8b8ac8,69d4bf042614366a5d8bbd5e,would_close_cone_and_create_return_txn,Empty-return cone and create 0 kg yarn_returned for latest issue order+article,true,true,
209,69b7eccca6225d28d31cd6da,ORD-000018,69b7eccca6225d28d31cd72f,issued,ORD-000018,69cf5bb87cd22f3f9dae0311,69d6775cedc59d9ec1fdbdb9,would_close_cone_and_create_return_txn,Empty-return cone and create 0 kg yarn_returned for latest issue order+article,true,true,
210,69b7eccca6225d28d31cd6f2,ORD-000043,69b7eccca6225d28d31cd747,issued,ORD-000007,69c25222421268c3c1b2a251,69d5f8afb89662732f826cba,would_close_cone_and_create_return_txn,Empty-return cone and create 0 kg yarn_returned for latest issue order+article,true,true,
211,69b7eccca6225d28d31cd6f6,ORD-000018,69b7eccca6225d28d31cd74b,issued,ORD-000018,69cf5bb87cd22f3f9dae0311,69d6779eedc59d9ec1fdc4ad,would_close_cone_and_create_return_txn,Empty-return cone and create 0 kg yarn_returned for latest issue order+article,true,true,
212,69b7eccca6225d28d31cd6fe,ORD-000018,69b7eccca6225d28d31cd753,issued,ORD-000018,69cf5bb87cd22f3f9dae0311,69d67761edc59d9ec1fdbde0,would_close_cone_and_create_return_txn,Empty-return cone and create 0 kg yarn_returned for latest issue order+article,true,true,
213,69b7eccca6225d28d31cd717,ORD-000018,69b7eccca6225d28d31cd76c,issued,ORD-000018,69cf5bb87cd22f3f9dae0311,69d677a2edc59d9ec1fdc4c8,would_close_cone_and_create_return_txn,Empty-return cone and create 0 kg yarn_returned for latest issue order+article,true,true,
214,69b8d4a5a6225d28d31d3728,ORD-000025,69b8d4a5a6225d28d31d3733,issued,ORD-000025,69d88ec5edc59d9ec104b7c4,69dca6c9a19ee8d30f4a5069,would_close_cone_and_create_return_txn,Empty-return cone and create 0 kg yarn_returned for latest issue order+article,true,true,
215,69b8d4a5a6225d28d31d372c,ORD-000025,69b8d4a5a6225d28d31d3737,issued,ORD-000025,69d88ec5edc59d9ec104b7c4,69dca6d0a19ee8d30f4a50a7,would_close_cone_and_create_return_txn,Empty-return cone and create 0 kg yarn_returned for latest issue order+article,true,true,
216,69b8d4a5a6225d28d31d372e,ORD-000013,69b8d4a5a6225d28d31d3739,issued,ORD-000013,69ca497e0ab7021c82e521f1,69d8a4feedc59d9ec1053433,would_close_cone_and_create_return_txn,Empty-return cone and create 0 kg yarn_returned for latest issue order+article,true,true,
217,69b8d50ea6225d28d31d381c,ORD-000018,69b8d50ea6225d28d31d3833,issued,ORD-000018,69cf5bb87cd22f3f9dae0311,69d4a2352614366a5d8b5ce4,would_close_cone_and_create_return_txn,Empty-return cone and create 0 kg yarn_returned for latest issue order+article,true,true,
218,69b8f25d6337f93f422f21c1,ORD-000087,69b8f25d6337f93f422f21c9,not_issued,,,,skip_not_issued,issueStatus is 'not_issued' (only currently issued cones are empty-returned),false,false,
219,69b8f25d6337f93f422f21c2,ORD-000087,69b8f25d6337f93f422f21ca,not_issued,,,,skip_not_issued,issueStatus is 'not_issued' (only currently issued cones are empty-returned),false,false,
220,69b9135b6337f93f422f59ea,ORD-000021,69b9135b6337f93f422f59f6,issued,ORD-000021,69d0e47e97fe9152fa9fb75f,69d5f38eb89662732f825f24,would_close_cone_and_create_return_txn,Empty-return cone and create 0 kg yarn_returned for latest issue order+article,true,true,
221,69b92fcc6337f93f422f94ed,ORD-000079,69b92fcc6337f93f422f9509,issued,ORD-000022,69d4acca2614366a5d8b8aca,69d9e82dedc59d9ec109d87d,would_close_cone_and_create_return_txn,Empty-return cone and create 0 kg yarn_returned for latest issue order+article,true,true,
222,69b92fcc6337f93f422f94f5,ORD-000077,69b92fcc6337f93f422f9511,issued,ORD-000013,69ca497e0ab7021c82e521ed,69ca75c2ff9f99209b64bbb9,would_close_cone_and_create_return_txn,Empty-return cone and create 0 kg yarn_returned for latest issue order+article,true,true,
223,69b930016337f93f422f95ee,ORD-000087,69b930016337f93f422f95fe,not_issued,,,,skip_not_issued,issueStatus is 'not_issued' (only currently issued cones are empty-returned),false,false,
224,69b943a8b9f0c244de557217,ORD-000013,69b943a8b9f0c244de557229,issued,ORD-000013,69ca497e0ab7021c82e521f1,69d8a506edc59d9ec105344c,would_close_cone_and_create_return_txn,Empty-return cone and create 0 kg yarn_returned for latest issue order+article,true,true,
225,69b943a8b9f0c244de55721f,ORD-000070,69b943a8b9f0c244de557231,issued,ORD-000005,69be27fc22f72a9b530dddb6,69e6fad4f0694e7c1e21b583,would_close_cone_and_create_return_txn,Empty-return cone and create 0 kg yarn_returned for latest issue order+article,true,true,
226,69b943a8b9f0c244de557221,ORD-000025,69b943a8b9f0c244de557233,issued,ORD-000025,69d88ec5edc59d9ec104b7c4,69dca6b8a19ee8d30f4a4d9d,would_close_cone_and_create_return_txn,Empty-return cone and create 0 kg yarn_returned for latest issue order+article,true,true,
227,69b946d8b9f0c244de5576f3,ORD-000025,69b946d8b9f0c244de557718,issued,ORD-000025,69d88ec5edc59d9ec104b7c4,69dca696a19ee8d30f4a4cf7,would_close_cone_and_create_return_txn,Empty-return cone and create 0 kg yarn_returned for latest issue order+article,true,true,
228,69b947ceb9f0c244de557b1d,ORD-000028,69b947ceb9f0c244de557b23,issued,ORD-000028,69ddee12007e05d7e740be19,69de1dba007e05d7e741c3f6,would_close_cone_and_create_return_txn,Empty-return cone and create 0 kg yarn_returned for latest issue order+article,true,true,
229,69b9488cb9f0c244de557d54,ORD-000074,69b9488cb9f0c244de557d56,issued,ORD-000032,69e367404dfe50532a0c07e0,69e37f324dfe50532a0c9443,would_close_cone_and_create_return_txn,Empty-return cone and create 0 kg yarn_returned for latest issue order+article,true,true,
230,69b9488cb9f0c244de557d55,ORD-000074,69b9488cb9f0c244de557d57,not_issued,,,,skip_not_issued,issueStatus is 'not_issued' (only currently issued cones are empty-returned),false,false,
231,69b9495ab9f0c244de557f29,ORD-000079,69b9495ab9f0c244de557f35,not_issued,,,,skip_not_issued,issueStatus is 'not_issued' (only currently issued cones are empty-returned),false,false,
232,69ba544d4d47625b519ea019,ORD-000013,69ba544d4d47625b519ea032,issued,ORD-000013,69ca497e0ab7021c82e521f1,69d8a3ebedc59d9ec1052af5,would_close_cone_and_create_return_txn,Empty-return cone and create 0 kg yarn_returned for latest issue order+article,true,true,
233,69ba54c74d47625b519ea16a,ORD-000013,69ba54c74d47625b519ea182,issued,ORD-000013,69ca497e0ab7021c82e521f1,69d8a3dfedc59d9ec1052ac0,would_close_cone_and_create_return_txn,Empty-return cone and create 0 kg yarn_returned for latest issue order+article,true,true,
234,69ba54c74d47625b519ea16f,ORD-000018,69ba54c74d47625b519ea187,issued,ORD-000018,69cf5bb87cd22f3f9dae0311,69d6adb4edc59d9ec1fde606,would_close_cone_and_create_return_txn,Empty-return cone and create 0 kg yarn_returned for latest issue order+article,true,true,
235,69ba54c74d47625b519ea17f,ORD-000013,69ba54c74d47625b519ea197,issued,ORD-000013,69ca497e0ab7021c82e521f1,69d8a3faedc59d9ec1052c06,would_close_cone_and_create_return_txn,Empty-return cone and create 0 kg yarn_returned for latest issue order+article,true,true,
236,69ba87affc2b245d4159d6f1,ORD-000013,69ba87affc2b245d4159d709,not_issued,,,,skip_not_issued,issueStatus is 'not_issued' (only currently issued cones are empty-returned),false,false,
237,69ba87affc2b245d4159d6fd,ORD-000013,69ba87affc2b245d4159d715,not_issued,,,,skip_not_issued,issueStatus is 'not_issued' (only currently issued cones are empty-returned),false,false,
238,69bbb0450490966d869d5715,ORD-000044,69bbb0450490966d869d5727,issued,ORD-000007,69c25222421268c3c1b2a252,69d33d2697fe9152faa574e9,would_close_cone_and_create_return_txn,Empty-return cone and create 0 kg yarn_returned for latest issue order+article,true,true,
239,69bbb0450490966d869d5718,ORD-000031,69bbb0450490966d869d572a,issued,ORD-000007,69c25222421268c3c1b2a252,69d33cf497fe9152faa572fd,would_close_cone_and_create_return_txn,Empty-return cone and create 0 kg yarn_returned for latest issue order+article,true,true,
240,69bbb06b0490966d869d5827,ORD-000024,69bbb06b0490966d869d5845,issued,ORD-000024,69d883c5edc59d9ec1045ffe,69e156900b3c5500e1fb3613,would_close_cone_and_create_return_txn,Empty-return cone and create 0 kg yarn_returned for latest issue order+article,true,true,
241,69bbb06b0490966d869d5828,ORD-000074,69bbb06b0490966d869d5846,not_issued,,,,skip_not_issued,issueStatus is 'not_issued' (only currently issued cones are empty-returned),false,false,
242,69bbb6c20490966d869d61fe,ORD-000015,69bbb6c20490966d869d621a,not_issued,,,,skip_not_issued,issueStatus is 'not_issued' (only currently issued cones are empty-returned),false,false,
243,69bbb6c20490966d869d6201,ORD-000070,69bbb6c20490966d869d621d,issued,ORD-000024,69d883c5edc59d9ec1046004,69de0526007e05d7e7414b13,would_close_cone_and_create_return_txn,Empty-return cone and create 0 kg yarn_returned for latest issue order+article,true,true,
244,69bbb6c20490966d869d6203,ORD-000024,69bbb6c20490966d869d621f,issued,ORD-000024,69d883c5edc59d9ec1046004,69de05c2007e05d7e7415671,would_close_cone_and_create_return_txn,Empty-return cone and create 0 kg yarn_returned for latest issue order+article,true,true,
245,69bbb6c20490966d869d6205,ORD-000029,69bbb6c20490966d869d6221,issued,ORD-000029,69df238300ca64e3cf52557b,69df7ec600ca64e3cf53b780,would_close_cone_and_create_return_txn,Empty-return cone and create 0 kg yarn_returned for latest issue order+article,true,true,
246,69bbb6c20490966d869d6209,ORD-000024,69bbb6c20490966d869d6225,issued,ORD-000024,69d883c5edc59d9ec1046004,69dfafb600ca64e3cf54684c,would_close_cone_and_create_return_txn,Empty-return cone and create 0 kg yarn_returned for latest issue order+article,true,true,
247,69bbb6c20490966d869d620a,ORD-000070,69bbb6c20490966d869d6226,issued,ORD-000024,69d883c5edc59d9ec1046004,69de05ce007e05d7e74156e9,would_close_cone_and_create_return_txn,Empty-return cone and create 0 kg yarn_returned for latest issue order+article,true,true,
248,69bbb6c20490966d869d6216,ORD-000046,69bbb6c20490966d869d6232,issued,ORD-000024,69d883c5edc59d9ec1046004,69de051d007e05d7e7414ad9,would_close_cone_and_create_return_txn,Empty-return cone and create 0 kg yarn_returned for latest issue order+article,true,true,
249,69bce214d795f08eb499d9bf,ORD-000041,69bce214d795f08eb499d9d7,not_issued,,,,skip_not_issued,issueStatus is 'not_issued' (only currently issued cones are empty-returned),false,false,
250,69bcf185500e0993b26cc71f,ORD-000021,69bcf185500e0993b26cc747,issued,ORD-000021,69d0e47e97fe9152fa9fb768,69d7a6baedc59d9ec102f89e,would_close_cone_and_create_return_txn,Empty-return cone and create 0 kg yarn_returned for latest issue order+article,true,true,
251,69bcf185500e0993b26cc724,ORD-000085,69bcf185500e0993b26cc74c,not_issued,,,,skip_not_issued,issueStatus is 'not_issued' (only currently issued cones are empty-returned),false,false,
252,69bcf185500e0993b26cc72a,ORD-000005,69bcf185500e0993b26cc752,issued,ORD-000005,69bcd826d795f08eb499bf31,69cb6169ff9f99209b655893,would_close_cone_and_create_return_txn,Empty-return cone and create 0 kg yarn_returned for latest issue order+article,true,true,
253,69bd3ac022f72a9b530ce922,ORD-000056,69bd3ac022f72a9b530ce948,not_issued,,,,skip_not_issued,issueStatus is 'not_issued' (only currently issued cones are empty-returned),false,false,
254,69bd4eff22f72a9b530d4b07,ORD-000087,69bd4eff22f72a9b530d4b17,not_issued,,,,skip_not_issued,issueStatus is 'not_issued' (only currently issued cones are empty-returned),false,false,
255,69bd4eff22f72a9b530d4b08,ORD-000087,69bd4eff22f72a9b530d4b18,not_issued,,,,skip_not_issued,issueStatus is 'not_issued' (only currently issued cones are empty-returned),false,false,
256,69bd52e622f72a9b530d580e,ORD-000024,69bd52e622f72a9b530d5836,issued,ORD-000024,69d883c5edc59d9ec1045fea,69dcb9bca19ee8d30f4aae50,would_close_cone_and_create_return_txn,Empty-return cone and create 0 kg yarn_returned for latest issue order+article,true,true,
257,69be25b422f72a9b530dbefd,ORD-000013,69be25b422f72a9b530dbf25,issued,ORD-000013,69ca497e0ab7021c82e521f1,69d8a2fdedc59d9ec1052390,would_close_cone_and_create_return_txn,Empty-return cone and create 0 kg yarn_returned for latest issue order+article,true,true,
258,69be25b422f72a9b530dbf19,ORD-000013,69be25b422f72a9b530dbf41,issued,ORD-000013,69ca497e0ab7021c82e521f1,69d8a2f1edc59d9ec1052359,would_close_cone_and_create_return_txn,Empty-return cone and create 0 kg yarn_returned for latest issue order+article,true,true,
259,69be25c922f72a9b530dc045,ORD-000013,69be25c922f72a9b530dc06d,issued,ORD-000013,69ca497e0ab7021c82e521f1,69d8a30aedc59d9ec10523e2,would_close_cone_and_create_return_txn,Empty-return cone and create 0 kg yarn_returned for latest issue order+article,true,true,
260,69be25c922f72a9b530dc054,ORD-000013,69be25c922f72a9b530dc07c,issued,ORD-000013,69ca497e0ab7021c82e521f1,69d8a2f8edc59d9ec1052372,would_close_cone_and_create_return_txn,Empty-return cone and create 0 kg yarn_returned for latest issue order+article,true,true,
261,69be25c922f72a9b530dc068,ORD-000013,69be25c922f72a9b530dc090,issued,ORD-000013,69ca497e0ab7021c82e521f1,69de5f7600ca64e3cf5140eb,would_close_cone_and_create_return_txn,Empty-return cone and create 0 kg yarn_returned for latest issue order+article,true,true,
262,69be25c922f72a9b530dc06a,ORD-000013,69be25c922f72a9b530dc092,issued,ORD-000013,69ca497e0ab7021c82e521f1,69de5f8c00ca64e3cf514110,would_close_cone_and_create_return_txn,Empty-return cone and create 0 kg yarn_returned for latest issue order+article,true,true,
263,69be84b5beea45a970c28bdf,ORD-000023,69be84b5beea45a970c28c05,issued,ORD-000023,69d7513eedc59d9ec1012dfa,69e1bbba0b3c5500e1fdfb20,would_close_cone_and_create_return_txn,Empty-return cone and create 0 kg yarn_returned for latest issue order+article,true,true,
264,69be84b5beea45a970c28be2,ORD-000023,69be84b5beea45a970c28c08,issued,ORD-000023,69d7513eedc59d9ec1012dfa,69e0773700ca64e3cf5929e0,would_close_cone_and_create_return_txn,Empty-return cone and create 0 kg yarn_returned for latest issue order+article,true,true,
265,69be84b5beea45a970c28be4,ORD-000022,69be84b5beea45a970c28c0a,issued,ORD-000022,69d4acca2614366a5d8b8ad2,69d4d881b89662732f7f0b94,would_close_cone_and_create_return_txn,Empty-return cone and create 0 kg yarn_returned for latest issue order+article,true,true,
266,69be84b5beea45a970c28be5,ORD-000023,69be84b5beea45a970c28c0b,issued,ORD-000023,69d7513eedc59d9ec1012dfa,69e1bbf70b3c5500e1fdfdcf,would_close_cone_and_create_return_txn,Empty-return cone and create 0 kg yarn_returned for latest issue order+article,true,true,
267,69be84b5beea45a970c28bf6,ORD-000023,69be84b5beea45a970c28c1c,issued,ORD-000023,69d7513eedc59d9ec1012dfa,69d78d95edc59d9ec10289e1,would_close_cone_and_create_return_txn,Empty-return cone and create 0 kg yarn_returned for latest issue order+article,true,true,
268,69be84b5beea45a970c28bfa,ORD-000023,69be84b5beea45a970c28c20,issued,ORD-000023,69d7513eedc59d9ec1012dfa,69e0772600ca64e3cf5929b3,would_close_cone_and_create_return_txn,Empty-return cone and create 0 kg yarn_returned for latest issue order+article,true,true,
269,69be84b5beea45a970c28bff,ORD-000023,69be84b5beea45a970c28c25,issued,ORD-000023,69d7513eedc59d9ec1012dfa,69ddabca007e05d7e73eba73,would_close_cone_and_create_return_txn,Empty-return cone and create 0 kg yarn_returned for latest issue order+article,true,true,
270,69be878fbeea45a970c29ed1,ORD-000047,69be878fbeea45a970c29eed,not_issued,,,,skip_not_issued,issueStatus is 'not_issued' (only currently issued cones are empty-returned),false,false,
271,69be878fbeea45a970c29eda,ORD-000023,69be878fbeea45a970c29ef6,issued,ORD-000023,69d7513eedc59d9ec1012dfa,69ddabbe007e05d7e73eba58,would_close_cone_and_create_return_txn,Empty-return cone and create 0 kg yarn_returned for latest issue order+article,true,true,
272,69be878fbeea45a970c29edf,ORD-000069,69be878fbeea45a970c29efb,not_issued,,,,skip_not_issued,issueStatus is 'not_issued' (only currently issued cones are empty-returned),false,false,
273,69be878fbeea45a970c29ee2,ORD-000069,69be878fbeea45a970c29efe,not_issued,,,,skip_not_issued,issueStatus is 'not_issued' (only currently issued cones are empty-returned),false,false,
274,69be878fbeea45a970c29ee5,ORD-000069,69be878fbeea45a970c29f01,issued,ORD-000024,69d883c5edc59d9ec1045ffb,69d8976fedc59d9ec1050281,would_close_cone_and_create_return_txn,Empty-return cone and create 0 kg yarn_returned for latest issue order+article,true,true,
275,69bf878ebeea45a970c39be3,ORD-000032,69bf878ebeea45a970c39bee,issued,ORD-000032,69e367404dfe50532a0c07e1,69e36c494dfe50532a0c2558,would_close_cone_and_create_return_txn,Empty-return cone and create 0 kg yarn_returned for latest issue order+article,true,true,
276,69bfa97abeea45a970c3e6b1,ORD-000024,69bfa97abeea45a970c3e6ba,issued,ORD-000024,69d883c5edc59d9ec1045fed,69dde8cf007e05d7e740a04a,would_close_cone_and_create_return_txn,Empty-return cone and create 0 kg yarn_returned for latest issue order+article,true,true,
277,69bfa9a4beea45a970c3e71d,ORD-000080,69bfa9a4beea45a970c3e729,not_issued,,,,skip_not_issued,issueStatus is 'not_issued' (only currently issued cones are empty-returned),false,false,
278,69bfa9a4beea45a970c3e71e,ORD-000068,69bfa9a4beea45a970c3e72a,not_issued,,,,skip_not_issued,issueStatus is 'not_issued' (only currently issued cones are empty-returned),false,false,
279,69bfa9a4beea45a970c3e71f,ORD-000082,69bfa9a4beea45a970c3e72b,not_issued,,,,skip_not_issued,issueStatus is 'not_issued' (only currently issued cones are empty-returned),false,false,
280,69bfa9a4beea45a970c3e720,ORD-000068,69bfa9a4beea45a970c3e72c,not_issued,,,,skip_not_issued,issueStatus is 'not_issued' (only currently issued cones are empty-returned),false,false,
281,69bfa9a4beea45a970c3e723,ORD-000069,69bfa9a4beea45a970c3e72f,not_issued,,,,skip_not_issued,issueStatus is 'not_issued' (only currently issued cones are empty-returned),false,false,
282,69bfa9a4beea45a970c3e726,ORD-000084,69bfa9a4beea45a970c3e732,not_issued,,,,skip_not_issued,issueStatus is 'not_issued' (only currently issued cones are empty-returned),false,false,
283,69bfaa8abeea45a970c3e822,ORD-000045,69bfaa8abeea45a970c3e82a,issued,ORD-000038,69eb183d86f7ddd153e58ab7,69ec890c86f7ddd153f1c12f,would_close_cone_and_create_return_txn,Empty-return cone and create 0 kg yarn_returned for latest issue order+article,true,true,
284,69bfb2aebeea45a970c3f06a,ORD-000073,69bfb2aebeea45a970c3f06f,not_issued,,,,skip_not_issued,issueStatus is 'not_issued' (only currently issued cones are empty-returned),false,false,
285,69bfb2aebeea45a970c3f06b,ORD-000082,69bfb2aebeea45a970c3f070,not_issued,,,,skip_not_issued,issueStatus is 'not_issued' (only currently issued cones are empty-returned),false,false,
286,69bfb2aebeea45a970c3f06d,ORD-000069,69bfb2aebeea45a970c3f072,not_issued,,,,skip_not_issued,issueStatus is 'not_issued' (only currently issued cones are empty-returned),false,false,
287,69bfb2aebeea45a970c3f06e,ORD-000080,69bfb2aebeea45a970c3f073,not_issued,,,,skip_not_issued,issueStatus is 'not_issued' (only currently issued cones are empty-returned),false,false,
288,69c0c3bfbeea45a970c4192a,ORD-000083,69c0c3bfbeea45a970c41936,not_issued,,,,skip_not_issued,issueStatus is 'not_issued' (only currently issued cones are empty-returned),false,false,
289,69c0c3bfbeea45a970c4192c,ORD-000029,69c0c3bfbeea45a970c41938,issued,ORD-000029,69de2b3d007e05d7e741f3ed,69de35da00ca64e3cf50d8fc,would_close_cone_and_create_return_txn,Empty-return cone and create 0 kg yarn_returned for latest issue order+article,true,true,
290,69c0c3bfbeea45a970c4192d,ORD-000080,69c0c3bfbeea45a970c41939,not_issued,,,,skip_not_issued,issueStatus is 'not_issued' (only currently issued cones are empty-returned),false,false,
291,69c0e4c7beea45a970c46043,ORD-000080,69c0e4c7beea45a970c4605a,issued,ORD-000030,69e08b3900ca64e3cf596a05,69e1d6fbcb6ce8081f0db9f4,would_close_cone_and_create_return_txn,Empty-return cone and create 0 kg yarn_returned for latest issue order+article,true,true,
292,69c0e4c7beea45a970c46046,ORD-000013,69c0e4c7beea45a970c4605d,issued,ORD-000013,69ca497e0ab7021c82e521f1,69d8a3aaedc59d9ec105299c,would_close_cone_and_create_return_txn,Empty-return cone and create 0 kg yarn_returned for latest issue order+article,true,true,
293,69c0f342beea45a970c473f1,ORD-000022,69c0f342beea45a970c47415,issued,ORD-000022,69d4acca2614366a5d8b8ac9,69da479eb37ea0bc66371499,would_close_cone_and_create_return_txn,Empty-return cone and create 0 kg yarn_returned for latest issue order+article,true,true,
294,69c0fd06beea45a970c48867,ORD-000027,69c0fd06beea45a970c48880,issued,ORD-000027,69dc9fd1a19ee8d30f4a3a7d,69e0a0de00ca64e3cf59ca68,would_close_cone_and_create_return_txn,Empty-return cone and create 0 kg yarn_returned for latest issue order+article,true,true,
295,69c0fd06beea45a970c48868,ORD-000018,69c0fd06beea45a970c48881,issued,ORD-000018,69cf5bb87cd22f3f9dae0311,69d4a2172614366a5d8b5bda,would_close_cone_and_create_return_txn,Empty-return cone and create 0 kg yarn_returned for latest issue order+article,true,true,
296,69c0fd06beea45a970c4886e,ORD-000013,69c0fd06beea45a970c48887,issued,ORD-000013,69ca497e0ab7021c82e521ef,69d88d0aedc59d9ec104b36f,would_close_cone_and_create_return_txn,Empty-return cone and create 0 kg yarn_returned for latest issue order+article,true,true,
297,69c0fd06beea45a970c48873,ORD-000015,69c0fd06beea45a970c4888c,issued,ORD-000015,69cb8d9bff9f99209b66213a,69d60eddb89662732f82b14b,would_close_cone_and_create_return_txn,Empty-return cone and create 0 kg yarn_returned for latest issue order+article,true,true,
298,69c0fd06beea45a970c48875,ORD-000013,69c0fd06beea45a970c4888e,issued,ORD-000013,69ca497e0ab7021c82e521f1,69d8a469edc59d9ec10532aa,would_close_cone_and_create_return_txn,Empty-return cone and create 0 kg yarn_returned for latest issue order+article,true,true,
299,69c0fe06beea45a970c48b3a,ORD-000088,69c0fe06beea45a970c48b4c,issued,ORD-000030,69e08b3900ca64e3cf596a03,69e85928795e8688eebce91c,would_close_cone_and_create_return_txn,Empty-return cone and create 0 kg yarn_returned for latest issue order+article,true,true,
300,69c11e04beea45a970c4f34e,ORD-000079,69c11e04beea45a970c4f370,issued,ORD-000035,69e869ee795e8688eebdc9c8,69e9e18c59aa9fc88a56db37,would_close_cone_and_create_return_txn,Empty-return cone and create 0 kg yarn_returned for latest issue order+article,true,true,
301,69c12545beea45a970c5170a,ORD-000020,69c12545beea45a970c5171a,issued,ORD-000020,69d0e1eb97fe9152fa9fab81,69d3482c97fe9152faa59828,would_close_cone_and_create_return_txn,Empty-return cone and create 0 kg yarn_returned for latest issue order+article,true,true,
302,69c145c7beea45a970c5bfaf,ORD-000075,69c145c7beea45a970c5bfd1,not_issued,,,,skip_not_issued,issueStatus is 'not_issued' (only currently issued cones are empty-returned),false,false,
303,69c20aadbeea45a970c61fed,ORD-000018,69c20aadbeea45a970c62015,issued,ORD-000018,69cf5bb87cd22f3f9dae0311,69cf64187cd22f3f9dae19a7,would_close_cone_and_create_return_txn,Empty-return cone and create 0 kg yarn_returned for latest issue order+article,true,true,
304,69c20aadbeea45a970c61fef,ORD-000018,69c20aadbeea45a970c62017,issued,ORD-000018,69cf5bb87cd22f3f9dae0311,69cf64307cd22f3f9dae1a0b,would_close_cone_and_create_return_txn,Empty-return cone and create 0 kg yarn_returned for latest issue order+article,true,true,
305,69c20aadbeea45a970c61ff1,ORD-000018,69c20aadbeea45a970c62019,issued,ORD-000018,69cf5bb87cd22f3f9dae0311,69cf64467cd22f3f9dae1a24,would_close_cone_and_create_return_txn,Empty-return cone and create 0 kg yarn_returned for latest issue order+article,true,true,
306,69c20aadbeea45a970c61ff2,ORD-000018,69c20aadbeea45a970c6201a,issued,ORD-000018,69cf5bb87cd22f3f9dae0311,69cf641d7cd22f3f9dae19c0,would_close_cone_and_create_return_txn,Empty-return cone and create 0 kg yarn_returned for latest issue order+article,true,true,
307,69c20aadbeea45a970c61ff6,ORD-000018,69c20aadbeea45a970c6201e,issued,ORD-000018,69cf5bb87cd22f3f9dae0311,69cf64587cd22f3f9dae1a56,would_close_cone_and_create_return_txn,Empty-return cone and create 0 kg yarn_returned for latest issue order+article,true,true,
308,69c20aadbeea45a970c61ff7,ORD-000018,69c20aadbeea45a970c6201f,issued,ORD-000018,69cf5bb87cd22f3f9dae0311,69cf64637cd22f3f9dae1a88,would_close_cone_and_create_return_txn,Empty-return cone and create 0 kg yarn_returned for latest issue order+article,true,true,
309,69c20aadbeea45a970c61ff8,ORD-000018,69c20aadbeea45a970c62020,issued,ORD-000018,69cf5bb87cd22f3f9dae0311,69cf64297cd22f3f9dae19f2,would_close_cone_and_create_return_txn,Empty-return cone and create 0 kg yarn_returned for latest issue order+article,true,true,
310,69c20aadbeea45a970c61ffe,ORD-000018,69c20aadbeea45a970c62026,issued,ORD-000018,69cf5bb87cd22f3f9dae0311,69cf63ee7cd22f3f9dae18c2,would_close_cone_and_create_return_txn,Empty-return cone and create 0 kg yarn_returned for latest issue order+article,true,true,
311,69c20aadbeea45a970c61fff,ORD-000018,69c20aadbeea45a970c62027,issued,ORD-000018,69cf5bb87cd22f3f9dae0311,69cf64087cd22f3f9dae194f,would_close_cone_and_create_return_txn,Empty-return cone and create 0 kg yarn_returned for latest issue order+article,true,true,
312,69c20aadbeea45a970c62005,ORD-000018,69c20aadbeea45a970c6202d,issued,ORD-000018,69cf5bb87cd22f3f9dae0311,69cf640d7cd22f3f9dae1975,would_close_cone_and_create_return_txn,Empty-return cone and create 0 kg yarn_returned for latest issue order+article,true,true,
313,69c20aadbeea45a970c62007,ORD-000018,69c20aadbeea45a970c6202f,issued,ORD-000018,69cf5bb87cd22f3f9dae0311,69cf64027cd22f3f9dae1921,would_close_cone_and_create_return_txn,Empty-return cone and create 0 kg yarn_returned for latest issue order+article,true,true,
314,69c20aadbeea45a970c62008,ORD-000018,69c20aadbeea45a970c62030,issued,ORD-000018,69cf5bb87cd22f3f9dae0311,69cf63fc7cd22f3f9dae1908,would_close_cone_and_create_return_txn,Empty-return cone and create 0 kg yarn_returned for latest issue order+article,true,true,
315,69c20aadbeea45a970c6200b,ORD-000018,69c20aadbeea45a970c62033,issued,ORD-000018,69cf5bb87cd22f3f9dae0311,69cf64227cd22f3f9dae19d9,would_close_cone_and_create_return_txn,Empty-return cone and create 0 kg yarn_returned for latest issue order+article,true,true,
316,69c20aadbeea45a970c6200c,ORD-000018,69c20aadbeea45a970c62034,issued,ORD-000018,69cf5bb87cd22f3f9dae0311,69cf645e7cd22f3f9dae1a6f,would_close_cone_and_create_return_txn,Empty-return cone and create 0 kg yarn_returned for latest issue order+article,true,true,
317,69c20aadbeea45a970c6200d,ORD-000018,69c20aadbeea45a970c62035,issued,ORD-000018,69cf5bb87cd22f3f9dae0311,69cf644c7cd22f3f9dae1a3d,would_close_cone_and_create_return_txn,Empty-return cone and create 0 kg yarn_returned for latest issue order+article,true,true,
318,69c20aadbeea45a970c62012,ORD-000018,69c20aadbeea45a970c6203a,issued,ORD-000018,69cf5bb87cd22f3f9dae0311,69cf64137cd22f3f9dae198e,would_close_cone_and_create_return_txn,Empty-return cone and create 0 kg yarn_returned for latest issue order+article,true,true,
319,69c20af8beea45a970c6219e,ORD-000029,69c20af8beea45a970c621b6,issued,ORD-000029,69de2b3d007e05d7e741f3ed,69de30d4007e05d7e7420c25,would_close_cone_and_create_return_txn,Empty-return cone and create 0 kg yarn_returned for latest issue order+article,true,true,
320,69c20fa9beea45a970c632a9,ORD-000073,69c20fa9beea45a970c632cb,not_issued,,,,skip_not_issued,issueStatus is 'not_issued' (only currently issued cones are empty-returned),false,false,
321,69c20fa9beea45a970c632ae,ORD-000022,69c20fa9beea45a970c632d0,issued,ORD-000022,69d4acca2614366a5d8b8ac9,69da453fb37ea0bc66371243,would_close_cone_and_create_return_txn,Empty-return cone and create 0 kg yarn_returned for latest issue order+article,true,true,
322,69c20ff6beea45a970c6350f,ORD-000029,69c20ff6beea45a970c63519,issued,ORD-000029,69de2b3d007e05d7e741f3ed,69de35d300ca64e3cf50d8b8,would_close_cone_and_create_return_txn,Empty-return cone and create 0 kg yarn_returned for latest issue order+article,true,true,
323,69c21013beea45a970c635be,ORD-000025,69c21013beea45a970c635ca,issued,ORD-000025,69d88ec5edc59d9ec104b7c5,69e01cd200ca64e3cf58a5e5,would_close_cone_and_create_return_txn,Empty-return cone and create 0 kg yarn_returned for latest issue order+article,true,true,
324,69c21031beea45a970c63659,ORD-000021,69c21031beea45a970c6365b,issued,ORD-000021,69d0e47e97fe9152fa9fb766,69dd74bf007e05d7e73eb67a,would_close_cone_and_create_return_txn,Empty-return cone and create 0 kg yarn_returned for latest issue order+article,true,true,
325,69c210a4beea45a970c6377a,ORD-000022,69c210a4beea45a970c63781,issued,ORD-000022,69d4acca2614366a5d8b8ac9,69da4526b37ea0bc66371228,would_close_cone_and_create_return_txn,Empty-return cone and create 0 kg yarn_returned for latest issue order+article,true,true,
326,69c212d8beea45a970c63ff8,ORD-000088,69c212d8beea45a970c63fff,not_issued,,,,skip_not_issued,issueStatus is 'not_issued' (only currently issued cones are empty-returned),false,false,
327,69c21365beea45a970c642d2,ORD-000087,69c21365beea45a970c642d9,not_issued,,,,skip_not_issued,issueStatus is 'not_issued' (only currently issued cones are empty-returned),false,false,
328,69c229ecbeea45a970c66d1b,ORD-000072,69c229ecbeea45a970c66d43,issued,ORD-000038,69eb183d86f7ddd153e58aba,69eb385486f7ddd153e83b6a,would_close_cone_and_create_return_txn,Empty-return cone and create 0 kg yarn_returned for latest issue order+article,true,true,
329,69c229ecbeea45a970c66d21,ORD-000084,69c229ecbeea45a970c66d49,issued,ORD-000038,69eb183d86f7ddd153e58abb,69eb3c7a86f7ddd153e8900e,would_close_cone_and_create_return_txn,Empty-return cone and create 0 kg yarn_returned for latest issue order+article,true,true,
330,69c229ecbeea45a970c66d28,ORD-000076,69c229ecbeea45a970c66d50,not_issued,,,,skip_not_issued,issueStatus is 'not_issued' (only currently issued cones are empty-returned),false,false,
331,69c229ecbeea45a970c66d2f,ORD-000015,69c229ecbeea45a970c66d57,issued,ORD-000015,69cb8d9bff9f99209b66213a,69d4cf35b89662732f7ec4f5,would_close_cone_and_create_return_txn,Empty-return cone and create 0 kg yarn_returned for latest issue order+article,true,true,
332,69c229ecbeea45a970c66d33,ORD-000076,69c229ecbeea45a970c66d5b,not_issued,,,,skip_not_issued,issueStatus is 'not_issued' (only currently issued cones are empty-returned),false,false,
333,69c229ecbeea45a970c66d36,ORD-000018,69c229ecbeea45a970c66d5e,issued,ORD-000018,69cf5bb87cd22f3f9dae0311,69cf64fc7cd22f3f9dae1bea,would_close_cone_and_create_return_txn,Empty-return cone and create 0 kg yarn_returned for latest issue order+article,true,true,
334,69c229ecbeea45a970c66d3d,ORD-000073,69c229ecbeea45a970c66d65,not_issued,,,,skip_not_issued,issueStatus is 'not_issued' (only currently issued cones are empty-returned),false,false,
335,69c229ecbeea45a970c66d40,ORD-000025,69c229ecbeea45a970c66d68,issued,ORD-000025,69d88ec5edc59d9ec104b7c4,69dca6b0a19ee8d30f4a4d76,would_close_cone_and_create_return_txn,Empty-return cone and create 0 kg yarn_returned for latest issue order+article,true,true,
336,69c26d4a421268c3c1b3a6a1,ORD-000036,69c26d4a421268c3c1b3a6af,issued,ORD-000036,69e88468733c29bce005bed6,69e89a7a733c29bce008bf48,would_close_cone_and_create_return_txn,Empty-return cone and create 0 kg yarn_returned for latest issue order+article,true,true,
337,69c27add421268c3c1b3dbdf,ORD-000088,69c27add421268c3c1b3dbf1,not_issued,,,,skip_not_issued,issueStatus is 'not_issued' (only currently issued cones are empty-returned),false,false,
338,69c27add421268c3c1b3dbe1,ORD-000088,69c27add421268c3c1b3dbf3,not_issued,,,,skip_not_issued,issueStatus is 'not_issued' (only currently issued cones are empty-returned),false,false,
339,69c27add421268c3c1b3dbe6,ORD-000088,69c27add421268c3c1b3dbf8,issued,ORD-000032,69e367404dfe50532a0c07e1,69e36d0c4dfe50532a0c28b0,would_close_cone_and_create_return_txn,Empty-return cone and create 0 kg yarn_returned for latest issue order+article,true,true,
340,69c27add421268c3c1b3dbe8,ORD-000021,69c27add421268c3c1b3dbfa,issued,ORD-000021,69d0e47e97fe9152fa9fb768,69d7a711edc59d9ec102f8e4,would_close_cone_and_create_return_txn,Empty-return cone and create 0 kg yarn_returned for latest issue order+article,true,true,
341,69c27add421268c3c1b3dbeb,ORD-000088,69c27add421268c3c1b3dbfd,not_issued,,,,skip_not_issued,issueStatus is 'not_issued' (only currently issued cones are empty-returned),false,false,
342,69c27add421268c3c1b3dbed,ORD-000021,69c27add421268c3c1b3dbff,issued,ORD-000021,69d0e47e97fe9152fa9fb768,69d7a705edc59d9ec102f8c9,would_close_cone_and_create_return_txn,Empty-return cone and create 0 kg yarn_returned for latest issue order+article,true,true,
343,69c36b71696bdcc5dbb6f757,ORD-000083,69c36b71696bdcc5dbb6f77f,not_issued,,,,skip_not_issued,issueStatus is 'not_issued' (only currently issued cones are empty-returned),false,false,
344,69c36b71696bdcc5dbb6f759,ORD-000083,69c36b71696bdcc5dbb6f781,not_issued,,,,skip_not_issued,issueStatus is 'not_issued' (only currently issued cones are empty-returned),false,false,
345,69c36b71696bdcc5dbb6f75a,ORD-000083,69c36b71696bdcc5dbb6f782,not_issued,,,,skip_not_issued,issueStatus is 'not_issued' (only currently issued cones are empty-returned),false,false,
346,69c36b71696bdcc5dbb6f75b,ORD-000083,69c36b71696bdcc5dbb6f783,not_issued,,,,skip_not_issued,issueStatus is 'not_issued' (only currently issued cones are empty-returned),false,false,
347,69c36b71696bdcc5dbb6f75c,ORD-000083,69c36b71696bdcc5dbb6f784,not_issued,,,,skip_not_issued,issueStatus is 'not_issued' (only currently issued cones are empty-returned),false,false,
348,69c36b71696bdcc5dbb6f75d,ORD-000083,69c36b71696bdcc5dbb6f785,not_issued,,,,skip_not_issued,issueStatus is 'not_issued' (only currently issued cones are empty-returned),false,false,
349,69c36b71696bdcc5dbb6f75e,ORD-000083,69c36b71696bdcc5dbb6f786,not_issued,,,,skip_not_issued,issueStatus is 'not_issued' (only currently issued cones are empty-returned),false,false,
350,69c36b71696bdcc5dbb6f760,ORD-000083,69c36b71696bdcc5dbb6f788,not_issued,,,,skip_not_issued,issueStatus is 'not_issued' (only currently issued cones are empty-returned),false,false,
351,69c36b71696bdcc5dbb6f761,ORD-000083,69c36b71696bdcc5dbb6f789,not_issued,,,,skip_not_issued,issueStatus is 'not_issued' (only currently issued cones are empty-returned),false,false,
352,69c36b71696bdcc5dbb6f762,ORD-000083,69c36b71696bdcc5dbb6f78a,not_issued,,,,skip_not_issued,issueStatus is 'not_issued' (only currently issued cones are empty-returned),false,false,
353,69c36b71696bdcc5dbb6f763,ORD-000083,69c36b71696bdcc5dbb6f78b,not_issued,,,,skip_not_issued,issueStatus is 'not_issued' (only currently issued cones are empty-returned),false,false,
354,69c36b71696bdcc5dbb6f764,ORD-000083,69c36b71696bdcc5dbb6f78c,not_issued,,,,skip_not_issued,issueStatus is 'not_issued' (only currently issued cones are empty-returned),false,false,
355,69c36b71696bdcc5dbb6f765,ORD-000083,69c36b71696bdcc5dbb6f78d,not_issued,,,,skip_not_issued,issueStatus is 'not_issued' (only currently issued cones are empty-returned),false,false,
356,69c36b71696bdcc5dbb6f766,ORD-000083,69c36b71696bdcc5dbb6f78e,not_issued,,,,skip_not_issued,issueStatus is 'not_issued' (only currently issued cones are empty-returned),false,false,
357,69c36b71696bdcc5dbb6f767,ORD-000083,69c36b71696bdcc5dbb6f78f,not_issued,,,,skip_not_issued,issueStatus is 'not_issued' (only currently issued cones are empty-returned),false,false,
358,69c36b71696bdcc5dbb6f768,ORD-000083,69c36b71696bdcc5dbb6f790,not_issued,,,,skip_not_issued,issueStatus is 'not_issued' (only currently issued cones are empty-returned),false,false,
359,69c36b71696bdcc5dbb6f76a,ORD-000083,69c36b72696bdcc5dbb6f792,not_issued,,,,skip_not_issued,issueStatus is 'not_issued' (only currently issued cones are empty-returned),false,false,
360,69c36b71696bdcc5dbb6f76c,ORD-000083,69c36b72696bdcc5dbb6f794,not_issued,,,,skip_not_issued,issueStatus is 'not_issued' (only currently issued cones are empty-returned),false,false,
361,69c36b71696bdcc5dbb6f76e,ORD-000021,69c36b72696bdcc5dbb6f796,issued,ORD-000021,69d0e47e97fe9152fa9fb768,69d7a5aaedc59d9ec102f633,would_close_cone_and_create_return_txn,Empty-return cone and create 0 kg yarn_returned for latest issue order+article,true,true,
362,69c36b71696bdcc5dbb6f773,ORD-000083,69c36b72696bdcc5dbb6f79b,not_issued,,,,skip_not_issued,issueStatus is 'not_issued' (only currently issued cones are empty-returned),false,false,
363,69c36b71696bdcc5dbb6f774,ORD-000083,69c36b72696bdcc5dbb6f79c,not_issued,,,,skip_not_issued,issueStatus is 'not_issued' (only currently issued cones are empty-returned),false,false,
364,69c36b71696bdcc5dbb6f776,ORD-000083,69c36b72696bdcc5dbb6f79e,not_issued,,,,skip_not_issued,issueStatus is 'not_issued' (only currently issued cones are empty-returned),false,false,
365,69c36b71696bdcc5dbb6f777,ORD-000083,69c36b72696bdcc5dbb6f79f,not_issued,,,,skip_not_issued,issueStatus is 'not_issued' (only currently issued cones are empty-returned),false,false,
366,69c36b71696bdcc5dbb6f77c,ORD-000083,69c36b72696bdcc5dbb6f7a4,not_issued,,,,skip_not_issued,issueStatus is 'not_issued' (only currently issued cones are empty-returned),false,false,
367,69c3c195a7819fd050b17abc,ORD-000067,69c3c195a7819fd050b17ae1,not_issued,,,,skip_not_issued,issueStatus is 'not_issued' (only currently issued cones are empty-returned),false,false,
368,69c3c195a7819fd050b17abf,ORD-000067,69c3c195a7819fd050b17ae4,not_issued,,,,skip_not_issued,issueStatus is 'not_issued' (only currently issued cones are empty-returned),false,false,
369,69c3c3f8a7819fd050b1a50e,ORD-000029,69c3c3f8a7819fd050b1a520,issued,ORD-000029,69df238300ca64e3cf525543,69e24ed834696b42ea7548ba,would_close_cone_and_create_return_txn,Empty-return cone and create 0 kg yarn_returned for latest issue order+article,true,true,
370,69c3c3f8a7819fd050b1a512,ORD-000029,69c3c3f8a7819fd050b1a524,issued,ORD-000029,69df238300ca64e3cf525543,69e24ee134696b42ea7548e1,would_close_cone_and_create_return_txn,Empty-return cone and create 0 kg yarn_returned for latest issue order+article,true,true,
371,69c3cdefa7819fd050b20109,ORD-000048,69c3cdefa7819fd050b2010c,issued,ORD-000007,69c25222421268c3c1b2a252,69d33d0497fe9152faa57366,would_close_cone_and_create_return_txn,Empty-return cone and create 0 kg yarn_returned for latest issue order+article,true,true,
372,69c3db2ba7819fd050b24344,ORD-000027,69c3db2ba7819fd050b24349,issued,ORD-000027,69dc9fd1a19ee8d30f4a3a83,69ec66d086f7ddd153ed33de,would_close_cone_and_create_return_txn,Empty-return cone and create 0 kg yarn_returned for latest issue order+article,true,true,
373,69c3dbb5a7819fd050b245de,ORD-000044,69c3dbb5a7819fd050b245e2,issued,ORD-000007,69c25222421268c3c1b2a252,69d33cdb97fe9152faa5722c,would_close_cone_and_create_return_txn,Empty-return cone and create 0 kg yarn_returned for latest issue order+article,true,true,
374,69c3df72a7819fd050b25475,ORD-000084,69c3df72a7819fd050b25490,not_issued,,,,skip_not_issued,issueStatus is 'not_issued' (only currently issued cones are empty-returned),false,false,
375,69c3df72a7819fd050b2547b,ORD-000084,69c3df72a7819fd050b25496,not_issued,,,,skip_not_issued,issueStatus is 'not_issued' (only currently issued cones are empty-returned),false,false,
376,69c3df72a7819fd050b2547c,ORD-000079,69c3df72a7819fd050b25497,not_issued,,,,skip_not_issued,issueStatus is 'not_issued' (only currently issued cones are empty-returned),false,false,
377,69c3df72a7819fd050b2547f,ORD-000084,69c3df72a7819fd050b2549a,not_issued,,,,skip_not_issued,issueStatus is 'not_issued' (only currently issued cones are empty-returned),false,false,
378,69c3df72a7819fd050b25482,ORD-000084,69c3df72a7819fd050b2549d,not_issued,,,,skip_not_issued,issueStatus is 'not_issued' (only currently issued cones are empty-returned),false,false,
379,69c3df72a7819fd050b2548b,ORD-000079,69c3df72a7819fd050b254a6,not_issued,,,,skip_not_issued,issueStatus is 'not_issued' (only currently issued cones are empty-returned),false,false,
380,69c3df72a7819fd050b2548c,ORD-000084,69c3df72a7819fd050b254a7,not_issued,,,,skip_not_issued,issueStatus is 'not_issued' (only currently issued cones are empty-returned),false,false,
381,69c3e09ea7819fd050b258c6,ORD-000080,69c3e09ea7819fd050b258cf,not_issued,,,,skip_not_issued,issueStatus is 'not_issued' (only currently issued cones are empty-returned),false,false,
382,69c3ec6da7819fd050b2912c,ORD-000080,69c3ec6da7819fd050b2912f,not_issued,,,,skip_not_issued,issueStatus is 'not_issued' (only currently issued cones are empty-returned),false,false,
383,69c4d7eda7819fd050b37d84,ORD-000023,69c4d7eda7819fd050b37d99,issued,ORD-000023,69d7513eedc59d9ec1012dfa,69df2fc600ca64e3cf529978,would_close_cone_and_create_return_txn,Empty-return cone and create 0 kg yarn_returned for latest issue order+article,true,true,
384,69c4d7eda7819fd050b37d8e,ORD-000023,69c4d7eda7819fd050b37da3,issued,ORD-000023,69d7513eedc59d9ec1012dfa,69ddaba0007e05d7e73eba22,would_close_cone_and_create_return_txn,Empty-return cone and create 0 kg yarn_returned for latest issue order+article,true,true,
385,69c4d7eda7819fd050b37d90,ORD-000023,69c4d7eda7819fd050b37da5,issued,ORD-000023,69d7513eedc59d9ec1012dfa,69d78d4eedc59d9ec1028888,would_close_cone_and_create_return_txn,Empty-return cone and create 0 kg yarn_returned for latest issue order+article,true,true,
386,69c4d7eda7819fd050b37d92,ORD-000023,69c4d7eda7819fd050b37da7,issued,ORD-000023,69d7513eedc59d9ec1012dfa,69df2fe400ca64e3cf5299c8,would_close_cone_and_create_return_txn,Empty-return cone and create 0 kg yarn_returned for latest issue order+article,true,true,
387,69c4d7eda7819fd050b37d93,ORD-000023,69c4d7eda7819fd050b37da8,issued,ORD-000023,69d7513eedc59d9ec1012dfa,69ddabac007e05d7e73eba3d,would_close_cone_and_create_return_txn,Empty-return cone and create 0 kg yarn_returned for latest issue order+article,true,true,
388,69c4d7eda7819fd050b37d94,ORD-000023,69c4d7eda7819fd050b37da9,issued,ORD-000023,69d7513eedc59d9ec1012dfa,69df2fd600ca64e3cf5299ad,would_close_cone_and_create_return_txn,Empty-return cone and create 0 kg yarn_returned for latest issue order+article,true,true,
389,69c4d816a7819fd050b37eaa,ORD-000023,69c4d816a7819fd050b37ebb,issued,ORD-000023,69d7513eedc59d9ec1012dfa,69ddab94007e05d7e73eba07,would_close_cone_and_create_return_txn,Empty-return cone and create 0 kg yarn_returned for latest issue order+article,true,true,
390,69c4d816a7819fd050b37eac,ORD-000023,69c4d816a7819fd050b37ebd,issued,ORD-000023,69d7513eedc59d9ec1012dfa,69e076f600ca64e3cf592929,would_close_cone_and_create_return_txn,Empty-return cone and create 0 kg yarn_returned for latest issue order+article,true,true,
391,69c4d816a7819fd050b37ead,ORD-000023,69c4d816a7819fd050b37ebe,issued,ORD-000023,69d7513eedc59d9ec1012dfa,69de0430007e05d7e7413e5e,would_close_cone_and_create_return_txn,Empty-return cone and create 0 kg yarn_returned for latest issue order+article,true,true,
392,69c4d816a7819fd050b37eb0,ORD-000023,69c4d816a7819fd050b37ec1,issued,ORD-000023,69d7513eedc59d9ec1012dfa,69e1bba20b3c5500e1fdfaea,would_close_cone_and_create_return_txn,Empty-return cone and create 0 kg yarn_returned for latest issue order+article,true,true,
393,69c4e1cca7819fd050b39eb9,ORD-000080,69c4e1cca7819fd050b39ecd,issued,ORD-000024,69d883c5edc59d9ec1045ffa,69e346584dfe50532a0b35d6,would_close_cone_and_create_return_txn,Empty-return cone and create 0 kg yarn_returned for latest issue order+article,true,true,
394,69c4e1cca7819fd050b39eba,ORD-000080,69c4e1cca7819fd050b39ece,not_issued,,,,skip_not_issued,issueStatus is 'not_issued' (only currently issued cones are empty-returned),false,false,
395,69c4e1cca7819fd050b39ebb,ORD-000080,69c4e1cca7819fd050b39ecf,not_issued,,,,skip_not_issued,issueStatus is 'not_issued' (only currently issued cones are empty-returned),false,false,
396,69c4e1cca7819fd050b39ebc,ORD-000080,69c4e1cca7819fd050b39ed0,not_issued,,,,skip_not_issued,issueStatus is 'not_issued' (only currently issued cones are empty-returned),false,false,
397,69c4e1cca7819fd050b39ebe,ORD-000028,69c4e1cca7819fd050b39ed2,issued,ORD-000028,69ddee12007e05d7e740be15,69e5a0874dfe50532a141292,would_close_cone_and_create_return_txn,Empty-return cone and create 0 kg yarn_returned for latest issue order+article,true,true,
398,69c4e1cca7819fd050b39ec1,ORD-000077,69c4e1cca7819fd050b39ed5,not_issued,,,,skip_not_issued,issueStatus is 'not_issued' (only currently issued cones are empty-returned),false,false,
399,69c4f4b20e0b0fee62da9257,ORD-000024,69c4f4b20e0b0fee62da9269,issued,ORD-000024,69d883c5edc59d9ec1045ffe,69e156890b3c5500e1fb35fa,would_close_cone_and_create_return_txn,Empty-return cone and create 0 kg yarn_returned for latest issue order+article,true,true,
400,69c4f4b20e0b0fee62da925c,ORD-000039,69c4f4b20e0b0fee62da926e,issued,ORD-000039,69eb3bf086f7ddd153e88c2e,69ec6abf86f7ddd153edf082,would_close_cone_and_create_return_txn,Empty-return cone and create 0 kg yarn_returned for latest issue order+article,true,true,
401,69c60a8314badff1b9e42e78,ORD-000068,69c60a8314badff1b9e42e9c,issued,ORD-000024,69d883c5edc59d9ec1046006,69eaebf486f7ddd153de7080,would_close_cone_and_create_return_txn,Empty-return cone and create 0 kg yarn_returned for latest issue order+article,true,true,
402,69c6174814badff1b9e4b649,ORD-000016,69c6174814badff1b9e4b65d,issued,ORD-000016,69cd0ecbff9f99209b6b3e77,69cde47dff9f99209b6c2d15,would_close_cone_and_create_return_txn,Empty-return cone and create 0 kg yarn_returned for latest issue order+article,true,true,
403,69c6174814badff1b9e4b64c,ORD-000030,69c6174814badff1b9e4b660,issued,ORD-000030,69e08b3900ca64e3cf596a03,69e0eaf00b3c5500e1f4d4f0,would_close_cone_and_create_return_txn,Empty-return cone and create 0 kg yarn_returned for latest issue order+article,true,true,
404,69c6174814badff1b9e4b651,ORD-000087,69c6174814badff1b9e4b665,not_issued,,,,skip_not_issued,issueStatus is 'not_issued' (only currently issued cones are empty-returned),false,false,
405,69c6174814badff1b9e4b652,ORD-000087,69c6174814badff1b9e4b666,not_issued,,,,skip_not_issued,issueStatus is 'not_issued' (only currently issued cones are empty-returned),false,false,
406,69c6174814badff1b9e4b654,ORD-000087,69c6174814badff1b9e4b668,not_issued,,,,skip_not_issued,issueStatus is 'not_issued' (only currently issued cones are empty-returned),false,false,
407,69c61a7114badff1b9e4c83f,ORD-000070,69c61a7114badff1b9e4c866,not_issued,,,,skip_not_issued,issueStatus is 'not_issued' (only currently issued cones are empty-returned),false,false,
408,69c61a7114badff1b9e4c85c,ORD-000062,69c61a7114badff1b9e4c883,issued,ORD-000024,69d883c5edc59d9ec1045fea,69dcb9c8a19ee8d30f4aae7f,would_close_cone_and_create_return_txn,Empty-return cone and create 0 kg yarn_returned for latest issue order+article,true,true,
409,69c6213b14badff1b9e4f202,ORD-000037,69c6213b14badff1b9e4f219,issued,ORD-000037,69e9fbf859aa9fc88a5a486f,69eb16b086f7ddd153e56708,would_close_cone_and_create_return_txn,Empty-return cone and create 0 kg yarn_returned for latest issue order+article,true,true,
410,69c6378214badff1b9e602c7,ORD-000083,69c6378214badff1b9e602e7,issued,ORD-000024,69d883c5edc59d9ec1045fea,69dcbbf2a19ee8d30f4ab5a9,would_close_cone_and_create_return_txn,Empty-return cone and create 0 kg yarn_returned for latest issue order+article,true,true,
411,69c6378214badff1b9e602c8,ORD-000080,69c6378214badff1b9e602e8,not_issued,,,,skip_not_issued,issueStatus is 'not_issued' (only currently issued cones are empty-returned),false,false,
412,69c6378214badff1b9e602cc,ORD-000080,69c6378214badff1b9e602ec,not_issued,,,,skip_not_issued,issueStatus is 'not_issued' (only currently issued cones are empty-returned),false,false,
413,69c6378214badff1b9e602cf,ORD-000080,69c6378214badff1b9e602ef,not_issued,,,,skip_not_issued,issueStatus is 'not_issued' (only currently issued cones are empty-returned),false,false,
414,69c6378214badff1b9e602d1,ORD-000080,69c6378214badff1b9e602f1,not_issued,,,,skip_not_issued,issueStatus is 'not_issued' (only currently issued cones are empty-returned),false,false,
415,69c6378214badff1b9e602d5,ORD-000080,69c6378214badff1b9e602f5,not_issued,,,,skip_not_issued,issueStatus is 'not_issued' (only currently issued cones are empty-returned),false,false,
416,69c6378214badff1b9e602d9,ORD-000080,69c6378214badff1b9e602f9,not_issued,,,,skip_not_issued,issueStatus is 'not_issued' (only currently issued cones are empty-returned),false,false,
417,69c6378214badff1b9e602de,ORD-000080,69c6378214badff1b9e602fe,issued,ORD-000027,69dc9fd1a19ee8d30f4a3a88,69e5aee84dfe50532a149c5b,would_close_cone_and_create_return_txn,Empty-return cone and create 0 kg yarn_returned for latest issue order+article,true,true,
418,69c637a114badff1b9e603f1,ORD-000088,69c637a114badff1b9e603fe,not_issued,,,,skip_not_issued,issueStatus is 'not_issued' (only currently issued cones are empty-returned),false,false,
419,69c637b914badff1b9e60734,ORD-000016,69c637b914badff1b9e60738,issued,ORD-000016,69cd0ecbff9f99209b6b3e77,69cde776ff9f99209b6c3456,would_close_cone_and_create_return_txn,Empty-return cone and create 0 kg yarn_returned for latest issue order+article,true,true,
420,69c6525f14badff1b9e6b285,ORD-000022,69c6525f14badff1b9e6b2a5,issued,ORD-000022,69d4acca2614366a5d8b8ad3,69d637c9b89662732f83e1ff,would_close_cone_and_create_return_txn,Empty-return cone and create 0 kg yarn_returned for latest issue order+article,true,true,
421,69c652f214badff1b9e6b4dc,ORD-000079,69c652f214badff1b9e6b508,issued,ORD-000007,69c25222421268c3c1b2a251,69d69463edc59d9ec1fde2c4,would_close_cone_and_create_return_txn,Empty-return cone and create 0 kg yarn_returned for latest issue order+article,true,true,
422,69c652f214badff1b9e6b4f1,ORD-000084,69c652f214badff1b9e6b51d,issued,ORD-000038,69eb183d86f7ddd153e58ab2,69eb2b0386f7ddd153e63bf4,would_close_cone_and_create_return_txn,Empty-return cone and create 0 kg yarn_returned for latest issue order+article,true,true,
423,69c652f214badff1b9e6b4f5,ORD-000036,69c652f214badff1b9e6b521,issued,ORD-000036,69e88468733c29bce005bed7,69e8b152733c29bce0093e6e,would_close_cone_and_create_return_txn,Empty-return cone and create 0 kg yarn_returned for latest issue order+article,true,true,
424,69c653f514badff1b9e6b97d,ORD-000036,69c653f514badff1b9e6b997,issued,ORD-000036,69e88468733c29bce005bed6,69e89a61733c29bce008be30,would_close_cone_and_create_return_txn,Empty-return cone and create 0 kg yarn_returned for latest issue order+article,true,true,
425,69c6565614badff1b9e6c423,ORD-000021,69c6565614badff1b9e6c425,issued,ORD-000021,69d0e47e97fe9152fa9fb768,69d7a76cedc59d9ec102f9d9,would_close_cone_and_create_return_txn,Empty-return cone and create 0 kg yarn_returned for latest issue order+article,true,true,
426,69c6568214badff1b9e6c4ce,ORD-000087,69c6568214badff1b9e6c4cf,not_issued,,,,skip_not_issued,issueStatus is 'not_issued' (only currently issued cones are empty-returned),false,false,
427,69c656d114badff1b9e6c641,ORD-000021,69c656d114badff1b9e6c647,issued,ORD-000021,69d0e47e97fe9152fa9fb768,69d7a756edc59d9ec102f98c,would_close_cone_and_create_return_txn,Empty-return cone and create 0 kg yarn_returned for latest issue order+article,true,true,
428,69c656d114badff1b9e6c644,ORD-000021,69c656d114badff1b9e6c64a,issued,ORD-000021,69d0e47e97fe9152fa9fb768,69d7a781edc59d9ec102fa0e,would_close_cone_and_create_return_txn,Empty-return cone and create 0 kg yarn_returned for latest issue order+article,true,true,
429,69c6575914badff1b9e6c911,ORD-000031,69c6575914badff1b9e6c914,issued,ORD-000031,69e20427514236271de91976,69e6f04ef0694e7c1e21979d,would_close_cone_and_create_return_txn,Empty-return cone and create 0 kg yarn_returned for latest issue order+article,true,true,
430,69c658a114badff1b9e6cbe9,ORD-000061,69c658a114badff1b9e6cc01,issued,ORD-000026,69dc7c3dd0bd6cbf13e4d510,69df30f900ca64e3cf529ac8,would_close_cone_and_create_return_txn,Empty-return cone and create 0 kg yarn_returned for latest issue order+article,true,true,
431,69c658a114badff1b9e6cbf3,ORD-000026,69c658a114badff1b9e6cc0b,issued,ORD-000026,69dc7c3dd0bd6cbf13e4d510,69df311600ca64e3cf529b16,would_close_cone_and_create_return_txn,Empty-return cone and create 0 kg yarn_returned for latest issue order+article,true,true,
432,69c660ed14badff1b9e6eada,ORD-000028,69c660ed14badff1b9e6eaf0,issued,ORD-000028,69ddee12007e05d7e740be08,69e71a0ff0694e7c1e22650b,would_close_cone_and_create_return_txn,Empty-return cone and create 0 kg yarn_returned for latest issue order+article,true,true,
433,69c660ed14badff1b9e6eae5,ORD-000027,69c660ed14badff1b9e6eafb,issued,ORD-000027,69dc9fd1a19ee8d30f4a3a87,69dddf28007e05d7e7404007,would_close_cone_and_create_return_txn,Empty-return cone and create 0 kg yarn_returned for latest issue order+article,true,true,
434,69c6761314badff1b9e75239,ORD-000070,69c6761314badff1b9e7523b,not_issued,,,,skip_not_issued,issueStatus is 'not_issued' (only currently issued cones are empty-returned),false,false,
435,69c6777a14badff1b9e75d81,ORD-000024,69c6777a14badff1b9e75d91,issued,ORD-000024,69d883c5edc59d9ec1045ffe,69e0d32f0b3c5500e1f3c7b8,would_close_cone_and_create_return_txn,Empty-return cone and create 0 kg yarn_returned for latest issue order+article,true,true,
436,69c687d214badff1b9e78458,ORD-000068,69c687d214badff1b9e78462,not_issued,,,,skip_not_issued,issueStatus is 'not_issued' (only currently issued cones are empty-returned),false,false,
437,69c687d214badff1b9e78459,ORD-000081,69c687d214badff1b9e78463,issued,ORD-000038,69eb183d86f7ddd153e58ab4,69ec609886f7ddd153ed1928,would_close_cone_and_create_return_txn,Empty-return cone and create 0 kg yarn_returned for latest issue order+article,true,true,
438,69c687d214badff1b9e7845b,ORD-000079,69c687d214badff1b9e78465,not_issued,,,,skip_not_issued,issueStatus is 'not_issued' (only currently issued cones are empty-returned),false,false,
439,69c687f614badff1b9e784f4,ORD-000039,69c687f614badff1b9e784fa,issued,ORD-000039,69eb3bf086f7ddd153e88c2e,69ec6b0986f7ddd153ee0360,would_close_cone_and_create_return_txn,Empty-return cone and create 0 kg yarn_returned for latest issue order+article,true,true,
440,69c7583fa077d3fbb38ce64d,ORD-000082,69c7583fa077d3fbb38ce654,not_issued,,,,skip_not_issued,issueStatus is 'not_issued' (only currently issued cones are empty-returned),false,false,
441,69c7672aa077d3fbb38d2468,ORD-000082,69c7672aa077d3fbb38d246d,not_issued,,,,skip_not_issued,issueStatus is 'not_issued' (only currently issued cones are empty-returned),false,false,
442,69c77389a077d3fbb38e1e1b,ORD-000013,69c77389a077d3fbb38e1e1f,issued,ORD-000013,69ca497e0ab7021c82e521f1,69d8a3b3edc59d9ec10529c0,would_close_cone_and_create_return_txn,Empty-return cone and create 0 kg yarn_returned for latest issue order+article,true,true,
443,69c773b9a077d3fbb38e2161,ORD-000082,69c773b9a077d3fbb38e2181,not_issued,,,,skip_not_issued,issueStatus is 'not_issued' (only currently issued cones are empty-returned),false,false,
444,69c77f8ea077d3fbb38eeb24,ORD-000063,69c77f8ea077d3fbb38eeb26,not_issued,,,,skip_not_issued,issueStatus is 'not_issued' (only currently issued cones are empty-returned),false,false,
445,69c77fc9a077d3fbb38eec25,ORD-000079,69c77fc9a077d3fbb38eec26,not_issued,,,,skip_not_issued,issueStatus is 'not_issued' (only currently issued cones are empty-returned),false,false,
446,69c798c9a077d3fbb38fe653,ORD-000076,69c798c9a077d3fbb38fe656,not_issued,,,,skip_not_issued,issueStatus is 'not_issued' (only currently issued cones are empty-returned),false,false,
447,69c798c9a077d3fbb38fe654,ORD-000076,69c798c9a077d3fbb38fe657,not_issued,,,,skip_not_issued,issueStatus is 'not_issued' (only currently issued cones are empty-returned),false,false,
448,69c79bfda077d3fbb390069e,ORD-000072,69c79bfda077d3fbb39006a6,not_issued,,,,skip_not_issued,issueStatus is 'not_issued' (only currently issued cones are empty-returned),false,false,
449,69c7b2af7b9dd20a8569cb66,ORD-000066,69c7b2af7b9dd20a8569cb6a,not_issued,,,,skip_not_issued,issueStatus is 'not_issued' (only currently issued cones are empty-returned),false,false,
450,69c7b2af7b9dd20a8569cb67,ORD-000066,69c7b2af7b9dd20a8569cb6b,not_issued,,,,skip_not_issued,issueStatus is 'not_issued' (only currently issued cones are empty-returned),false,false,
451,69c7b2af7b9dd20a8569cb69,ORD-000062,69c7b2af7b9dd20a8569cb6d,not_issued,,,,skip_not_issued,issueStatus is 'not_issued' (only currently issued cones are empty-returned),false,false,
452,69c7b2c47b9dd20a8569cc24,ORD-000072,69c7b2c47b9dd20a8569cc4c,not_issued,,,,skip_not_issued,issueStatus is 'not_issued' (only currently issued cones are empty-returned),false,false,
453,69c7bde97b9dd20a856a0406,ORD-000081,69c7bde97b9dd20a856a0419,not_issued,,,,skip_not_issued,issueStatus is 'not_issued' (only currently issued cones are empty-returned),false,false,
454,69c7bde97b9dd20a856a0411,ORD-000022,69c7bde97b9dd20a856a0424,issued,ORD-000022,69d4acca2614366a5d8b8ac9,69da4556b37ea0bc6637125d,would_close_cone_and_create_return_txn,Empty-return cone and create 0 kg yarn_returned for latest issue order+article,true,true,
455,69c7be1d7b9dd20a856a0588,ORD-000042,69c7be1d7b9dd20a856a058f,not_issued,,,,skip_not_issued,issueStatus is 'not_issued' (only currently issued cones are empty-returned),false,false,
456,69c7be7d7b9dd20a856a0955,ORD-000029,69c7be7d7b9dd20a856a095c,issued,ORD-000029,69df238300ca64e3cf525563,69e5ba764dfe50532a156cf8,would_close_cone_and_create_return_txn,Empty-return cone and create 0 kg yarn_returned for latest issue order+article,true,true,
457,69c7c6b77b9dd20a856a29e2,ORD-000085,69c7c6b77b9dd20a856a29e3,not_issued,,,,skip_not_issued,issueStatus is 'not_issued' (only currently issued cones are empty-returned),false,false,
458,69c7c7cf7b9dd20a856a2c9c,ORD-000023,69c7c7cf7b9dd20a856a2ca0,issued,ORD-000023,69d7513eedc59d9ec1012dfb,69d98636edc59d9ec1072668,would_close_cone_and_create_return_txn,Empty-return cone and create 0 kg yarn_returned for latest issue order+article,true,true,
459,69c7d6ab7b9dd20a856a5d55,ORD-000082,69c7d6ab7b9dd20a856a5d58,not_issued,,,,skip_not_issued,issueStatus is 'not_issued' (only currently issued cones are empty-returned),false,false,
460,69c7d73b7b9dd20a856a5e84,ORD-000071,69c7d73b7b9dd20a856a5e86,issued,ORD-000035,69e869ee795e8688eebdc9c9,69eaf94a86f7ddd153e0c831,would_close_cone_and_create_return_txn,Empty-return cone and create 0 kg yarn_returned for latest issue order+article,true,true,
461,69c7d8507b9dd20a856a60d6,ORD-000024,69c7d8507b9dd20a856a60d7,issued,ORD-000024,69d883c5edc59d9ec1046001,69ddf688007e05d7e740e5b6,would_close_cone_and_create_return_txn,Empty-return cone and create 0 kg yarn_returned for latest issue order+article,true,true,
462,69ca3fbc0ab7021c82e50c6b,ORD-000082,69ca3fbc0ab7021c82e50c6d,issued,ORD-000007,69c25222421268c3c1b2a258,69d36f652614366a5d87a947,would_close_cone_and_create_return_txn,Empty-return cone and create 0 kg yarn_returned for latest issue order+article,true,true,
463,69ca607cff9f99209b6480b1,ORD-000076,69ca607cff9f99209b6480c4,not_issued,,,,skip_not_issued,issueStatus is 'not_issued' (only currently issued cones are empty-returned),false,false,
464,69cb50efff9f99209b65247d,ORD-000023,69cb50efff9f99209b65247e,issued,ORD-000023,69d7513eedc59d9ec1012dfa,69df2fce00ca64e3cf529992,would_close_cone_and_create_return_txn,Empty-return cone and create 0 kg yarn_returned for latest issue order+article,true,true,
465,69cb512eff9f99209b652536,ORD-000007,69cb512eff9f99209b65253c,issued,ORD-000007,69c25222421268c3c1b2a258,69d36f8f2614366a5d87a987,would_close_cone_and_create_return_txn,Empty-return cone and create 0 kg yarn_returned for latest issue order+article,true,true,
466,69cb6c36ff9f99209b65ac02,ORD-000086,69cb6c36ff9f99209b65ac1a,not_issued,,,,skip_not_issued,issueStatus is 'not_issued' (only currently issued cones are empty-returned),false,false,
467,69cb8b03ff9f99209b6610b2,ORD-000018,69cb8b03ff9f99209b6610cb,issued,ORD-000018,69cf5bb87cd22f3f9dae0311,69cf64eb7cd22f3f9dae1bcc,would_close_cone_and_create_return_txn,Empty-return cone and create 0 kg yarn_returned for latest issue order+article,true,true,
468,69cb8b03ff9f99209b6610ba,ORD-000013,69cb8b03ff9f99209b6610d3,issued,ORD-000013,69ca497e0ab7021c82e521f1,69d8a43bedc59d9ec105300a,would_close_cone_and_create_return_txn,Empty-return cone and create 0 kg yarn_returned for latest issue order+article,true,true,
469,69cb8b03ff9f99209b6610c0,ORD-000018,69cb8b03ff9f99209b6610d9,issued,ORD-000018,69cf5bb87cd22f3f9dae0311,69cf64e57cd22f3f9dae1bb3,would_close_cone_and_create_return_txn,Empty-return cone and create 0 kg yarn_returned for latest issue order+article,true,true,
470,69cb8b03ff9f99209b6610c5,ORD-000013,69cb8b03ff9f99209b6610de,issued,ORD-000013,69ca497e0ab7021c82e521f1,69d8a415edc59d9ec1052c6b,would_close_cone_and_create_return_txn,Empty-return cone and create 0 kg yarn_returned for latest issue order+article,true,true,
471,69cbc2feff9f99209b675f9f,ORD-000087,69cbc2feff9f99209b675fa4,not_issued,,,,skip_not_issued,issueStatus is 'not_issued' (only currently issued cones are empty-returned),false,false,
472,69cbc2feff9f99209b675fa3,ORD-000087,69cbc2feff9f99209b675fa8,not_issued,,,,skip_not_issued,issueStatus is 'not_issued' (only currently issued cones are empty-returned),false,false,
473,69cbc343ff9f99209b67600f,ORD-000087,69cbc343ff9f99209b676013,not_issued,,,,skip_not_issued,issueStatus is 'not_issued' (only currently issued cones are empty-returned),false,false,
474,69cbc464ff9f99209b676446,ORD-000085,69cbc465ff9f99209b67644c,not_issued,,,,skip_not_issued,issueStatus is 'not_issued' (only currently issued cones are empty-returned),false,false,
475,69cca571ff9f99209b68e5f2,ORD-000083,69cca571ff9f99209b68e60a,not_issued,,,,skip_not_issued,issueStatus is 'not_issued' (only currently issued cones are empty-returned),false,false,
476,69cca571ff9f99209b68e5f8,ORD-000083,69cca571ff9f99209b68e610,not_issued,,,,skip_not_issued,issueStatus is 'not_issued' (only currently issued cones are empty-returned),false,false,
477,69cca571ff9f99209b68e5fb,ORD-000083,69cca571ff9f99209b68e613,not_issued,,,,skip_not_issued,issueStatus is 'not_issued' (only currently issued cones are empty-returned),false,false,
478,69cca571ff9f99209b68e5fc,ORD-000083,69cca571ff9f99209b68e614,not_issued,,,,skip_not_issued,issueStatus is 'not_issued' (only currently issued cones are empty-returned),false,false,
479,69cca571ff9f99209b68e5fd,ORD-000083,69cca571ff9f99209b68e615,not_issued,,,,skip_not_issued,issueStatus is 'not_issued' (only currently issued cones are empty-returned),false,false,
480,69cca571ff9f99209b68e5fe,ORD-000083,69cca571ff9f99209b68e616,not_issued,,,,skip_not_issued,issueStatus is 'not_issued' (only currently issued cones are empty-returned),false,false,
481,69cca571ff9f99209b68e600,ORD-000083,69cca571ff9f99209b68e618,not_issued,,,,skip_not_issued,issueStatus is 'not_issued' (only currently issued cones are empty-returned),false,false,
482,69cca571ff9f99209b68e601,ORD-000021,69cca571ff9f99209b68e619,issued,ORD-000021,69d0e47e97fe9152fa9fb768,69d7a6a9edc59d9ec102f883,would_close_cone_and_create_return_txn,Empty-return cone and create 0 kg yarn_returned for latest issue order+article,true,true,
483,69cca571ff9f99209b68e607,ORD-000083,69cca571ff9f99209b68e61f,not_issued,,,,skip_not_issued,issueStatus is 'not_issued' (only currently issued cones are empty-returned),false,false,
484,69cca571ff9f99209b68e609,ORD-000083,69cca571ff9f99209b68e621,not_issued,,,,skip_not_issued,issueStatus is 'not_issued' (only currently issued cones are empty-returned),false,false,
485,69ccc481ff9f99209b696bc2,ORD-000045,69ccc481ff9f99209b696bda,issued,ORD-000038,69eb183d86f7ddd153e58ab7,69ec891886f7ddd153f1c5f7,would_close_cone_and_create_return_txn,Empty-return cone and create 0 kg yarn_returned for latest issue order+article,true,true,
486,69ccc512ff9f99209b696ea9,ORD-000018,69ccc512ff9f99209b696ec2,issued,ORD-000018,69cf5bb87cd22f3f9dae0311,69cf65087cd22f3f9dae1c03,would_close_cone_and_create_return_txn,Empty-return cone and create 0 kg yarn_returned for latest issue order+article,true,true,
487,69ccc512ff9f99209b696eb5,ORD-000018,69ccc512ff9f99209b696ece,issued,ORD-000018,69cf5bb87cd22f3f9dae0311,69d528a8b89662732f806c46,would_close_cone_and_create_return_txn,Empty-return cone and create 0 kg yarn_returned for latest issue order+article,true,true,
488,69ccc512ff9f99209b696eb9,ORD-000018,69ccc512ff9f99209b696ed2,issued,ORD-000018,69cf5bb87cd22f3f9dae0311,69d528b2b89662732f806c5f,would_close_cone_and_create_return_txn,Empty-return cone and create 0 kg yarn_returned for latest issue order+article,true,true,
489,69ccc512ff9f99209b696ebb,ORD-000013,69ccc512ff9f99209b696ed4,issued,ORD-000013,69ca497e0ab7021c82e521f1,69d8a3e4edc59d9ec1052ad9,would_close_cone_and_create_return_txn,Empty-return cone and create 0 kg yarn_returned for latest issue order+article,true,true,
490,69ccc512ff9f99209b696ec0,ORD-000013,69ccc512ff9f99209b696ed9,issued,ORD-000013,69ca497e0ab7021c82e521f1,69d8a3f3edc59d9ec1052bed,would_close_cone_and_create_return_txn,Empty-return cone and create 0 kg yarn_returned for latest issue order+article,true,true,
491,69ccc547ff9f99209b697014,ORD-000018,69ccc547ff9f99209b69703e,issued,ORD-000018,69cf5bb87cd22f3f9dae0311,69cf652f7cd22f3f9dae1c88,would_close_cone_and_create_return_txn,Empty-return cone and create 0 kg yarn_returned for latest issue order+article,true,true,
492,69ccc547ff9f99209b69701b,ORD-000013,69ccc547ff9f99209b697045,issued,ORD-000013,69ca497e0ab7021c82e521f1,69d8a4c3edc59d9ec105330e,would_close_cone_and_create_return_txn,Empty-return cone and create 0 kg yarn_returned for latest issue order+article,true,true,
493,69ccc547ff9f99209b69701c,ORD-000018,69ccc547ff9f99209b697046,issued,ORD-000018,69cf5bb87cd22f3f9dae0311,69cf65137cd22f3f9dae1c1c,would_close_cone_and_create_return_txn,Empty-return cone and create 0 kg yarn_returned for latest issue order+article,true,true,
494,69ccc547ff9f99209b697025,ORD-000018,69ccc547ff9f99209b69704f,issued,ORD-000018,69cf5bb87cd22f3f9dae0311,69cf65187cd22f3f9dae1c37,would_close_cone_and_create_return_txn,Empty-return cone and create 0 kg yarn_returned for latest issue order+article,true,true,
495,69ccc547ff9f99209b697028,ORD-000018,69ccc547ff9f99209b697052,issued,ORD-000018,69cf5bb87cd22f3f9dae0311,69cf65217cd22f3f9dae1c52,would_close_cone_and_create_return_txn,Empty-return cone and create 0 kg yarn_returned for latest issue order+article,true,true,
496,69ccc547ff9f99209b69702c,ORD-000018,69ccc547ff9f99209b697056,issued,ORD-000018,69cf5bb87cd22f3f9dae0311,69cf65267cd22f3f9dae1c6d,would_close_cone_and_create_return_txn,Empty-return cone and create 0 kg yarn_returned for latest issue order+article,true,true,
497,69ccccfdff9f99209b69778d,ORD-000076,69ccccfdff9f99209b6977a5,not_issued,,,,skip_not_issued,issueStatus is 'not_issued' (only currently issued cones are empty-returned),false,false,
498,69ccccfdff9f99209b69778e,ORD-000028,69ccccfdff9f99209b6977a6,issued,ORD-000028,69ddee12007e05d7e740bdfa,69de1afb007e05d7e741be35,would_close_cone_and_create_return_txn,Empty-return cone and create 0 kg yarn_returned for latest issue order+article,true,true,
499,69ccccfdff9f99209b69778f,ORD-000029,69ccccfdff9f99209b6977a7,issued,ORD-000029,69dfcc4200ca64e3cf54f4b8,69dfd7fa00ca64e3cf5559d6,would_close_cone_and_create_return_txn,Empty-return cone and create 0 kg yarn_returned for latest issue order+article,true,true,
500,69ccccfdff9f99209b697790,ORD-000027,69ccccfdff9f99209b6977a8,issued,ORD-000027,69dc9fd1a19ee8d30f4a3a8f,69de0c98007e05d7e7416cf7,would_close_cone_and_create_return_txn,Empty-return cone and create 0 kg yarn_returned for latest issue order+article,true,true,
501,69ccccfdff9f99209b697792,ORD-000095,69ccccfdff9f99209b6977aa,issued,ORD-000024,69d883c5edc59d9ec1045fea,69dcbb7aa19ee8d30f4ab45c,would_close_cone_and_create_return_txn,Empty-return cone and create 0 kg yarn_returned for latest issue order+article,true,true,
502,69cccd49ff9f99209b697939,ORD-000071,69cccd49ff9f99209b69794d,not_issued,,,,skip_not_issued,issueStatus is 'not_issued' (only currently issued cones are empty-returned),false,false,
503,69cccd49ff9f99209b69793a,ORD-000013,69cccd49ff9f99209b69794e,issued,ORD-000013,69ca497e0ab7021c82e521ef,69d88dededc59d9ec104b591,would_close_cone_and_create_return_txn,Empty-return cone and create 0 kg yarn_returned for latest issue order+article,true,true,
504,69ccce32ff9f99209b697caf,ORD-000005,69ccce32ff9f99209b697cc7,issued,ORD-000005,69bcd826d795f08eb499bf35,69d76a7eedc59d9ec101bd0f,would_close_cone_and_create_return_txn,Empty-return cone and create 0 kg yarn_returned for latest issue order+article,true,true,
505,69ccce32ff9f99209b697cb3,ORD-000031,69ccce32ff9f99209b697ccb,issued,ORD-000031,69e20427514236271de91983,69e313c434696b42ea7b4049,would_close_cone_and_create_return_txn,Empty-return cone and create 0 kg yarn_returned for latest issue order+article,true,true,
506,69cd0ef5ff9f99209b6b3f35,ORD-000088,69cd0ef5ff9f99209b6b3f5d,not_issued,,,,skip_not_issued,issueStatus is 'not_issued' (only currently issued cones are empty-returned),false,false,
507,69cd0ef5ff9f99209b6b3f3d,ORD-000088,69cd0ef5ff9f99209b6b3f65,not_issued,,,,skip_not_issued,issueStatus is 'not_issued' (only currently issued cones are empty-returned),false,false,
508,69cd0ef5ff9f99209b6b3f3e,ORD-000088,69cd0ef5ff9f99209b6b3f66,not_issued,,,,skip_not_issued,issueStatus is 'not_issued' (only currently issued cones are empty-returned),false,false,
509,69cd0ef5ff9f99209b6b3f40,ORD-000074,69cd0ef5ff9f99209b6b3f68,not_issued,,,,skip_not_issued,issueStatus is 'not_issued' (only currently issued cones are empty-returned),false,false,
510,69cd0f3bff9f99209b6b4112,ORD-000085,69cd0f3bff9f99209b6b413a,not_issued,,,,skip_not_issued,issueStatus is 'not_issued' (only currently issued cones are empty-returned),false,false,
511,69cd0f3bff9f99209b6b411e,ORD-000085,69cd0f3bff9f99209b6b4146,not_issued,,,,skip_not_issued,issueStatus is 'not_issued' (only currently issued cones are empty-returned),false,false,
512,69cd0f3bff9f99209b6b4130,ORD-000013,69cd0f3bff9f99209b6b4158,issued,ORD-000013,69ca497e0ab7021c82e521ef,69df2a3900ca64e3cf527338,would_close_cone_and_create_return_txn,Empty-return cone and create 0 kg yarn_returned for latest issue order+article,true,true,
513,69cd1f35ff9f99209b6bae58,ORD-000085,69cd1f35ff9f99209b6bae7b,not_issued,,,,skip_not_issued,issueStatus is 'not_issued' (only currently issued cones are empty-returned),false,false,
514,69cdf782ff9f99209b6c745d,ORD-000080,69cdf782ff9f99209b6c7485,not_issued,,,,skip_not_issued,issueStatus is 'not_issued' (only currently issued cones are empty-returned),false,false,
515,69cdf782ff9f99209b6c747a,ORD-000016,69cdf782ff9f99209b6c74a2,not_issued,,,,skip_not_issued,issueStatus is 'not_issued' (only currently issued cones are empty-returned),false,false,
516,69cdf782ff9f99209b6c747b,ORD-000024,69cdf782ff9f99209b6c74a3,issued,ORD-000024,69d883c5edc59d9ec1046004,69de04ca007e05d7e74141c6,would_close_cone_and_create_return_txn,Empty-return cone and create 0 kg yarn_returned for latest issue order+article,true,true,
517,69ce1691ff9f99209b6cd98a,ORD-000031,69ce1691ff9f99209b6cd98c,not_issued,,,,skip_not_issued,issueStatus is 'not_issued' (only currently issued cones are empty-returned),false,false,
518,69ce16dbff9f99209b6cdd7f,ORD-000013,69ce16dbff9f99209b6cdd81,issued,ORD-000013,69ca497e0ab7021c82e521eb,69d77738edc59d9ec1021cf3,would_close_cone_and_create_return_txn,Empty-return cone and create 0 kg yarn_returned for latest issue order+article,true,true,
519,69ce1a27ff9f99209b6cef56,ORD-000071,69ce1a27ff9f99209b6cef68,not_issued,,,,skip_not_issued,issueStatus is 'not_issued' (only currently issued cones are empty-returned),false,false,
520,69ce1a8cff9f99209b6cf29e,ORD-000041,69ce1a8cff9f99209b6cf2c6,not_issued,,,,skip_not_issued,issueStatus is 'not_issued' (only currently issued cones are empty-returned),false,false,
521,69ce1b32ff9f99209b6cf914,ORD-000013,69ce1b32ff9f99209b6cf938,issued,ORD-000013,69ca497e0ab7021c82e521ec,69d61bf7b89662732f8303a1,would_close_cone_and_create_return_txn,Empty-return cone and create 0 kg yarn_returned for latest issue order+article,true,true,
522,69ce3e12a15c8c3be2e7e493,ORD-000018,69ce3e12a15c8c3be2e7e4a5,issued,ORD-000018,69cf5bb87cd22f3f9dae0311,69d4a1ff2614366a5d8b5b33,would_close_cone_and_create_return_txn,Empty-return cone and create 0 kg yarn_returned for latest issue order+article,true,true,
523,69ce3e12a15c8c3be2e7e494,ORD-000018,69ce3e12a15c8c3be2e7e4a6,issued,ORD-000018,69cf5bb87cd22f3f9dae0311,69d52897b89662732f806bf4,would_close_cone_and_create_return_txn,Empty-return cone and create 0 kg yarn_returned for latest issue order+article,true,true,
524,69ce3e12a15c8c3be2e7e499,ORD-000018,69ce3e12a15c8c3be2e7e4ab,issued,ORD-000018,69cf5bb87cd22f3f9dae0311,69cf655a7cd22f3f9dae1cc8,would_close_cone_and_create_return_txn,Empty-return cone and create 0 kg yarn_returned for latest issue order+article,true,true,
525,69ce3e39a15c8c3be2e7e616,ORD-000018,69ce3e39a15c8c3be2e7e628,issued,ORD-000018,69cf5bb87cd22f3f9dae0311,69cf65ad7cd22f3f9dae1e62,would_close_cone_and_create_return_txn,Empty-return cone and create 0 kg yarn_returned for latest issue order+article,true,true,
526,69ce3e39a15c8c3be2e7e619,ORD-000018,69ce3e39a15c8c3be2e7e62b,issued,ORD-000018,69cf5bb87cd22f3f9dae0311,69cf65637cd22f3f9dae1d05,would_close_cone_and_create_return_txn,Empty-return cone and create 0 kg yarn_returned for latest issue order+article,true,true,
527,69ce3e39a15c8c3be2e7e61a,ORD-000018,69ce3e39a15c8c3be2e7e62c,issued,ORD-000018,69cf5bb87cd22f3f9dae0311,69cf65a47cd22f3f9dae1e44,would_close_cone_and_create_return_txn,Empty-return cone and create 0 kg yarn_returned for latest issue order+article,true,true,
528,69ce3e39a15c8c3be2e7e623,ORD-000015,69ce3e39a15c8c3be2e7e635,issued,ORD-000015,69cb8d9bff9f99209b66213a,69d4cf61b89662732f7ec657,would_close_cone_and_create_return_txn,Empty-return cone and create 0 kg yarn_returned for latest issue order+article,true,true,
529,69cf7fda7cd22f3f9dae820d,ORD-000076,69cf7fda7cd22f3f9dae820f,not_issued,,,,skip_not_issued,issueStatus is 'not_issued' (only currently issued cones are empty-returned),false,false,
530,69cf9b6b97fe9152fa9d477a,ORD-000087,69cf9b6b97fe9152fa9d477b,not_issued,,,,skip_not_issued,issueStatus is 'not_issued' (only currently issued cones are empty-returned),false,false,
531,69cf9c2a97fe9152fa9d4d33,ORD-000018,69cf9c2a97fe9152fa9d4d35,issued,ORD-000018,69cf5bb87cd22f3f9dae0311,69d4a22f2614366a5d8b5ccb,would_close_cone_and_create_return_txn,Empty-return cone and create 0 kg yarn_returned for latest issue order+article,true,true,
532,69cfb2ed97fe9152fa9dab21,ORD-000087,69cfb2ed97fe9152fa9dab23,not_issued,,,,skip_not_issued,issueStatus is 'not_issued' (only currently issued cones are empty-returned),false,false,
533,69cfb30d97fe9152fa9dac07,ORD-000069,69cfb30d97fe9152fa9dac7c,not_issued,,,,skip_not_issued,issueStatus is 'not_issued' (only currently issued cones are empty-returned),false,false,
534,69d09e6c97fe9152fa9e7d7b,ORD-000069,69d09e6c97fe9152fa9e7d8e,not_issued,,,,skip_not_issued,issueStatus is 'not_issued' (only currently issued cones are empty-returned),false,false,
535,69d09f9797fe9152fa9e7fb0,ORD-000080,69d09f9797fe9152fa9e7fc2,not_issued,,,,skip_not_issued,issueStatus is 'not_issued' (only currently issued cones are empty-returned),false,false,
536,69d09fd697fe9152fa9e805f,ORD-000030,69d09fd697fe9152fa9e8071,issued,ORD-000030,69e08b3900ca64e3cf596a08,69e0ec450b3c5500e1f4dd4c,would_close_cone_and_create_return_txn,Empty-return cone and create 0 kg yarn_returned for latest issue order+article,true,true,
537,69d0a01e97fe9152fa9e8109,ORD-000088,69d0a01e97fe9152fa9e8131,not_issued,,,,skip_not_issued,issueStatus is 'not_issued' (only currently issued cones are empty-returned),false,false,
538,69d0a01e97fe9152fa9e810b,ORD-000088,69d0a01e97fe9152fa9e8133,not_issued,,,,skip_not_issued,issueStatus is 'not_issued' (only currently issued cones are empty-returned),false,false,
539,69d0a01e97fe9152fa9e810e,ORD-000088,69d0a01e97fe9152fa9e8136,not_issued,,,,skip_not_issued,issueStatus is 'not_issued' (only currently issued cones are empty-returned),false,false,
540,69d0a01e97fe9152fa9e8115,ORD-000088,69d0a01e97fe9152fa9e813d,not_issued,,,,skip_not_issued,issueStatus is 'not_issued' (only currently issued cones are empty-returned),false,false,
541,69d0a01e97fe9152fa9e8117,ORD-000088,69d0a01e97fe9152fa9e813f,not_issued,,,,skip_not_issued,issueStatus is 'not_issued' (only currently issued cones are empty-returned),false,false,
542,69d0a01e97fe9152fa9e811a,ORD-000088,69d0a01e97fe9152fa9e8142,not_issued,,,,skip_not_issued,issueStatus is 'not_issued' (only currently issued cones are empty-returned),false,false,
543,69d0a01e97fe9152fa9e8129,ORD-000088,69d0a01e97fe9152fa9e8151,not_issued,,,,skip_not_issued,issueStatus is 'not_issued' (only currently issued cones are empty-returned),false,false,
544,69d0a06097fe9152fa9e8348,ORD-000013,69d0a06097fe9152fa9e8370,issued,ORD-000013,69ca497e0ab7021c82e521ef,69df2a3000ca64e3cf527306,would_close_cone_and_create_return_txn,Empty-return cone and create 0 kg yarn_returned for latest issue order+article,true,true,
545,69d0a06097fe9152fa9e834f,ORD-000013,69d0a06097fe9152fa9e8377,issued,ORD-000013,69ca497e0ab7021c82e521ef,69d88950edc59d9ec1048fff,would_close_cone_and_create_return_txn,Empty-return cone and create 0 kg yarn_returned for latest issue order+article,true,true,
546,69d0a07797fe9152fa9e849f,ORD-000023,69d0a07797fe9152fa9e84c7,issued,ORD-000023,69d7513eedc59d9ec1012dfa,69d78d35edc59d9ec102880f,would_close_cone_and_create_return_txn,Empty-return cone and create 0 kg yarn_returned for latest issue order+article,true,true,
547,69d0a07797fe9152fa9e84a4,ORD-000023,69d0a07797fe9152fa9e84cc,issued,ORD-000023,69d7513eedc59d9ec1012dfa,69d78d2fedc59d9ec10287ef,would_close_cone_and_create_return_txn,Empty-return cone and create 0 kg yarn_returned for latest issue order+article,true,true,
548,69d0a07797fe9152fa9e84ac,ORD-000023,69d0a07797fe9152fa9e84d4,issued,ORD-000023,69d7513eedc59d9ec1012dfa,69d78d08edc59d9ec10286ec,would_close_cone_and_create_return_txn,Empty-return cone and create 0 kg yarn_returned for latest issue order+article,true,true,
549,69d0a07797fe9152fa9e84ad,ORD-000023,69d0a07797fe9152fa9e84d5,issued,ORD-000023,69d7513eedc59d9ec1012dfa,69d78cf9edc59d9ec1028676,would_close_cone_and_create_return_txn,Empty-return cone and create 0 kg yarn_returned for latest issue order+article,true,true,
550,69d0a07797fe9152fa9e84b2,ORD-000023,69d0a07797fe9152fa9e84da,issued,ORD-000023,69d7513eedc59d9ec1012dfa,69d78cf0edc59d9ec102865b,would_close_cone_and_create_return_txn,Empty-return cone and create 0 kg yarn_returned for latest issue order+article,true,true,
551,69d0a09197fe9152fa9e85de,ORD-000013,69d0a09197fe9152fa9e85f6,issued,ORD-000013,69ca497e0ab7021c82e521f1,69d8a2afedc59d9ec10521fe,would_close_cone_and_create_return_txn,Empty-return cone and create 0 kg yarn_returned for latest issue order+article,true,true,
552,69d0a09197fe9152fa9e85df,ORD-000013,69d0a09197fe9152fa9e85f7,issued,ORD-000013,69ca497e0ab7021c82e521f1,69d8a2b7edc59d9ec1052217,would_close_cone_and_create_return_txn,Empty-return cone and create 0 kg yarn_returned for latest issue order+article,true,true,
553,69d0a09197fe9152fa9e85e0,ORD-000013,69d0a09197fe9152fa9e85f8,issued,ORD-000013,69ca497e0ab7021c82e521f1,69d8a280edc59d9ec1052196,would_close_cone_and_create_return_txn,Empty-return cone and create 0 kg yarn_returned for latest issue order+article,true,true,
554,69d0a09197fe9152fa9e85e1,ORD-000018,69d0a09197fe9152fa9e85f9,issued,ORD-000018,69cf5bb87cd22f3f9dae0311,69d6767cedc59d9ec1fdbc4e,would_close_cone_and_create_return_txn,Empty-return cone and create 0 kg yarn_returned for latest issue order+article,true,true,
555,69d0a09197fe9152fa9e85e2,ORD-000018,69d0a09197fe9152fa9e85fa,issued,ORD-000018,69cf5bb87cd22f3f9dae0311,69d67687edc59d9ec1fdbc83,would_close_cone_and_create_return_txn,Empty-return cone and create 0 kg yarn_returned for latest issue order+article,true,true,
556,69d0a09197fe9152fa9e85e3,ORD-000018,69d0a09197fe9152fa9e85fb,issued,ORD-000018,69cf5bb87cd22f3f9dae0311,69d67682edc59d9ec1fdbc6a,would_close_cone_and_create_return_txn,Empty-return cone and create 0 kg yarn_returned for latest issue order+article,true,true,
557,69d0a09197fe9152fa9e85e5,ORD-000018,69d0a09197fe9152fa9e85fd,issued,ORD-000018,69cf5bb87cd22f3f9dae0311,69d67677edc59d9ec1fdbc35,would_close_cone_and_create_return_txn,Empty-return cone and create 0 kg yarn_returned for latest issue order+article,true,true,
558,69d0a09197fe9152fa9e85e9,ORD-000013,69d0a09197fe9152fa9e8601,issued,ORD-000013,69ca497e0ab7021c82e521f1,69d8a298edc59d9ec10521b3,would_close_cone_and_create_return_txn,Empty-return cone and create 0 kg yarn_returned for latest issue order+article,true,true,
559,69d0a10897fe9152fa9e876f,ORD-000013,69d0a10897fe9152fa9e8792,issued,ORD-000013,69ca497e0ab7021c82e521d8,69d35e1197fe9152faa5d9b1,would_close_cone_and_create_return_txn,Empty-return cone and create 0 kg yarn_returned for latest issue order+article,true,true,
560,69d0a10897fe9152fa9e8775,ORD-000013,69d0a10897fe9152fa9e8798,issued,ORD-000013,69ca497e0ab7021c82e521f0,69d0e0a797fe9152fa9fa4fb,would_close_cone_and_create_return_txn,Empty-return cone and create 0 kg yarn_returned for latest issue order+article,true,true,
561,69d0c84a97fe9152fa9f2b7b,ORD-000013,69d0c84a97fe9152fa9f2b8e,issued,ORD-000013,69ca497e0ab7021c82e521f0,69d0e05797fe9152fa9fa362,would_close_cone_and_create_return_txn,Empty-return cone and create 0 kg yarn_returned for latest issue order+article,true,true,
562,69d0ee3697fe9152fa9fd731,ORD-000025,69d0ee3697fe9152fa9fd749,issued,ORD-000025,69d88ec5edc59d9ec104b7c1,69d8cc2aedc59d9ec106229a,would_close_cone_and_create_return_txn,Empty-return cone and create 0 kg yarn_returned for latest issue order+article,true,true,
563,69d3309a97fe9152faa50057,ORD-000070,69d3309a97fe9152faa50063,issued,ORD-000027,69dc9fd1a19ee8d30f4a3a7e,69e07c3100ca64e3cf5935e3,would_close_cone_and_create_return_txn,Empty-return cone and create 0 kg yarn_returned for latest issue order+article,true,true,
564,69d3314397fe9152faa5027d,ORD-000082,69d3314397fe9152faa50295,not_issued,,,,skip_not_issued,issueStatus is 'not_issued' (only currently issued cones are empty-returned),false,false,
565,69d3314397fe9152faa5028c,ORD-000013,69d3314397fe9152faa502a4,not_issued,,,,skip_not_issued,issueStatus is 'not_issued' (only currently issued cones are empty-returned),false,false,
566,69d3314397fe9152faa5028f,ORD-000082,69d3314397fe9152faa502a7,issued,ORD-000013,69ca497e0ab7021c82e521e8,69d388502614366a5d882273,would_close_cone_and_create_return_txn,Empty-return cone and create 0 kg yarn_returned for latest issue order+article,true,true,
567,69d3314397fe9152faa50294,ORD-000013,69d3314397fe9152faa502ac,not_issued,,,,skip_not_issued,issueStatus is 'not_issued' (only currently issued cones are empty-returned),false,false,
568,69d3317797fe9152faa50472,ORD-000018,69d3317797fe9152faa5049a,issued,ORD-000018,69cf5bb87cd22f3f9dae0311,69d528f2b89662732f806cf2,would_close_cone_and_create_return_txn,Empty-return cone and create 0 kg yarn_returned for latest issue order+article,true,true,
569,69d3317797fe9152faa50473,ORD-000018,69d3317797fe9152faa5049b,issued,ORD-000018,69cf5bb87cd22f3f9dae0311,69d52909b89662732f806d40,would_close_cone_and_create_return_txn,Empty-return cone and create 0 kg yarn_returned for latest issue order+article,true,true,
570,69d3317797fe9152faa50476,ORD-000018,69d3317797fe9152faa5049e,issued,ORD-000018,69cf5bb87cd22f3f9dae0311,69d528fab89662732f806d0b,would_close_cone_and_create_return_txn,Empty-return cone and create 0 kg yarn_returned for latest issue order+article,true,true,
571,69d3317797fe9152faa50477,ORD-000013,69d3317797fe9152faa5049f,issued,ORD-000013,69ca497e0ab7021c82e521f1,69d8a2a8edc59d9ec10521e5,would_close_cone_and_create_return_txn,Empty-return cone and create 0 kg yarn_returned for latest issue order+article,true,true,
572,69d3317797fe9152faa50479,ORD-000013,69d3317797fe9152faa504a1,issued,ORD-000013,69ca497e0ab7021c82e521f1,69d8a27bedc59d9ec105217d,would_close_cone_and_create_return_txn,Empty-return cone and create 0 kg yarn_returned for latest issue order+article,true,true,
573,69d3317797fe9152faa5047a,ORD-000013,69d3317797fe9152faa504a2,issued,ORD-000013,69ca497e0ab7021c82e521f1,69d8a29fedc59d9ec10521cc,would_close_cone_and_create_return_txn,Empty-return cone and create 0 kg yarn_returned for latest issue order+article,true,true,
574,69d3317797fe9152faa5047b,ORD-000018,69d3317797fe9152faa504a3,issued,ORD-000018,69cf5bb87cd22f3f9dae0311,69d52902b89662732f806d27,would_close_cone_and_create_return_txn,Empty-return cone and create 0 kg yarn_returned for latest issue order+article,true,true,
575,69d3317797fe9152faa5047c,ORD-000030,69d3317797fe9152faa504a4,issued,ORD-000030,69e08b3900ca64e3cf596a03,69e771bb795e8688eeb8fac8,would_close_cone_and_create_return_txn,Empty-return cone and create 0 kg yarn_returned for latest issue order+article,true,true,
576,69d3317797fe9152faa50483,ORD-000018,69d3317797fe9152faa504ab,issued,ORD-000018,69cf5bb87cd22f3f9dae0311,69d60df6b89662732f82b06f,would_close_cone_and_create_return_txn,Empty-return cone and create 0 kg yarn_returned for latest issue order+article,true,true,
577,69d3383797fe9152faa56371,ORD-000083,69d3383797fe9152faa56372,not_issued,,,,skip_not_issued,issueStatus is 'not_issued' (only currently issued cones are empty-returned),false,false,
578,69d3392a97fe9152faa566f2,ORD-000061,69d3392a97fe9152faa566fb,not_issued,,,,skip_not_issued,issueStatus is 'not_issued' (only currently issued cones are empty-returned),false,false,
579,69d3409797fe9152faa57de0,ORD-000002,69d3409797fe9152faa57e24,issued,ORD-000002,69b558eaa6225d28d31bcf9e,69d82a07edc59d9ec103484c,would_close_cone_and_create_return_txn,Empty-return cone and create 0 kg yarn_returned for latest issue order+article,true,true,
580,69d3409797fe9152faa57de4,ORD-000002,69d3409797fe9152faa57e28,issued,ORD-000002,69b558eaa6225d28d31bcf9e,69d6183bb89662732f82d7cf,would_close_cone_and_create_return_txn,Empty-return cone and create 0 kg yarn_returned for latest issue order+article,true,true,
581,69d340ec97fe9152faa580cc,ORD-000071,69d340ec97fe9152faa580d1,not_issued,,,,skip_not_issued,issueStatus is 'not_issued' (only currently issued cones are empty-returned),false,false,
582,69d341b097fe9152faa5848f,ORD-000029,69d341b097fe9152faa584a6,issued,ORD-000029,69de2b3d007e05d7e741f3ed,69de31a73c0637e37dcac6d6,would_close_cone_and_create_return_txn,Empty-return cone and create 0 kg yarn_returned for latest issue order+article,true,true,
583,69d3461a97fe9152faa5917a,ORD-000029,69d3461a97fe9152faa59185,issued,ORD-000029,69de2b3d007e05d7e741f3ed,69de31923c0637e37dcac650,would_close_cone_and_create_return_txn,Empty-return cone and create 0 kg yarn_returned for latest issue order+article,true,true,
584,69d3461a97fe9152faa5917d,ORD-000029,69d3461a97fe9152faa59188,issued,ORD-000029,69de2b3d007e05d7e741f3ed,69de319a3c0637e37dcac6a1,would_close_cone_and_create_return_txn,Empty-return cone and create 0 kg yarn_returned for latest issue order+article,true,true,
585,69d3561a97fe9152faa5bc85,ORD-000022,69d3561a97fe9152faa5bc9c,issued,ORD-000022,69d4acca2614366a5d8b8ad0,69d8e46fedc59d9ec1068606,would_close_cone_and_create_return_txn,Empty-return cone and create 0 kg yarn_returned for latest issue order+article,true,true,
586,69d3566297fe9152faa5bf9d,ORD-000041,69d3566297fe9152faa5bfb5,not_issued,,,,skip_not_issued,issueStatus is 'not_issued' (only currently issued cones are empty-returned),false,false,
587,69d374602614366a5d87bd4e,ORD-000088,69d374602614366a5d87bd6e,not_issued,,,,skip_not_issued,issueStatus is 'not_issued' (only currently issued cones are empty-returned),false,false,
588,69d374602614366a5d87bd4f,ORD-000089,69d374602614366a5d87bd6f,not_issued,,,,skip_not_issued,issueStatus is 'not_issued' (only currently issued cones are empty-returned),false,false,
589,69d374602614366a5d87bd57,ORD-000091,69d374602614366a5d87bd77,not_issued,,,,skip_not_issued,issueStatus is 'not_issued' (only currently issued cones are empty-returned),false,false,
590,69d374602614366a5d87bd59,ORD-000089,69d374602614366a5d87bd79,not_issued,,,,skip_not_issued,issueStatus is 'not_issued' (only currently issued cones are empty-returned),false,false,
591,69d374602614366a5d87bd68,ORD-000087,69d374602614366a5d87bd88,not_issued,,,,skip_not_issued,issueStatus is 'not_issued' (only currently issued cones are empty-returned),false,false,
592,69d374602614366a5d87bd6b,ORD-000088,69d374602614366a5d87bd8b,not_issued,,,,skip_not_issued,issueStatus is 'not_issued' (only currently issued cones are empty-returned),false,false,
593,69d399982614366a5d8867a3,ORD-000021,69d399982614366a5d8867b5,issued,ORD-000021,69d0e47e97fe9152fa9fb768,69d7a5b8edc59d9ec102f64e,would_close_cone_and_create_return_txn,Empty-return cone and create 0 kg yarn_returned for latest issue order+article,true,true,
594,69d399982614366a5d8867a4,ORD-000021,69d399982614366a5d8867b6,issued,ORD-000021,69d0e47e97fe9152fa9fb768,69d7a5c6edc59d9ec102f684,would_close_cone_and_create_return_txn,Empty-return cone and create 0 kg yarn_returned for latest issue order+article,true,true,
595,69d399982614366a5d8867a5,ORD-000021,69d399982614366a5d8867b7,issued,ORD-000021,69d0e47e97fe9152fa9fb766,69dcc829a19ee8d30f4ad557,would_close_cone_and_create_return_txn,Empty-return cone and create 0 kg yarn_returned for latest issue order+article,true,true,
596,69d399982614366a5d8867a7,ORD-000021,69d399982614366a5d8867b9,issued,ORD-000021,69d0e47e97fe9152fa9fb767,69ddc99a007e05d7e73ff522,would_close_cone_and_create_return_txn,Empty-return cone and create 0 kg yarn_returned for latest issue order+article,true,true,
597,69d399982614366a5d8867ac,ORD-000021,69d399982614366a5d8867be,issued,ORD-000021,69d0e47e97fe9152fa9fb766,69dcc823a19ee8d30f4ad53c,would_close_cone_and_create_return_txn,Empty-return cone and create 0 kg yarn_returned for latest issue order+article,true,true,
598,69d399e72614366a5d886b10,ORD-000025,69d399e72614366a5d886b38,issued,ORD-000025,69d88ec5edc59d9ec104b7b8,69dcb417a19ee8d30f4a92a5,would_close_cone_and_create_return_txn,Empty-return cone and create 0 kg yarn_returned for latest issue order+article,true,true,
599,69d48bfb2614366a5d8abdf2,ORD-000025,69d48bfb2614366a5d8abe1a,issued,ORD-000025,69d88ec5edc59d9ec104b7c3,69dcace8a19ee8d30f4a6eaf,would_close_cone_and_create_return_txn,Empty-return cone and create 0 kg yarn_returned for latest issue order+article,true,true,
600,69d48bfb2614366a5d8abdf5,ORD-000025,69d48bfb2614366a5d8abe1d,issued,ORD-000025,69d88ec5edc59d9ec104b7c3,69dcacc2a19ee8d30f4a6d9d,would_close_cone_and_create_return_txn,Empty-return cone and create 0 kg yarn_returned for latest issue order+article,true,true,
601,69d48bfb2614366a5d8abdfb,ORD-000025,69d48bfb2614366a5d8abe23,issued,ORD-000025,69d88ec5edc59d9ec104b7c3,69dcace2a19ee8d30f4a6e91,would_close_cone_and_create_return_txn,Empty-return cone and create 0 kg yarn_returned for latest issue order+article,true,true,
602,69d48bfb2614366a5d8abdff,ORD-000036,69d48bfb2614366a5d8abe27,issued,ORD-000036,69e88468733c29bce005bed7,69ebdeda86f7ddd153ebad45,would_close_cone_and_create_return_txn,Empty-return cone and create 0 kg yarn_returned for latest issue order+article,true,true,
603,69d48bfb2614366a5d8abe02,ORD-000036,69d48bfb2614366a5d8abe2a,issued,ORD-000036,69e88468733c29bce005bed7,69ebdf5486f7ddd153ebadcc,would_close_cone_and_create_return_txn,Empty-return cone and create 0 kg yarn_returned for latest issue order+article,true,true,
604,69d48bfb2614366a5d8abe04,ORD-000071,69d48bfb2614366a5d8abe2c,issued,ORD-000024,69d883c5edc59d9ec1045fea,69dcb9b5a19ee8d30f4aae35,would_close_cone_and_create_return_txn,Empty-return cone and create 0 kg yarn_returned for latest issue order+article,true,true,
605,69d48bfb2614366a5d8abe06,ORD-000056,69d48bfb2614366a5d8abe2e,issued,ORD-000024,69d883c5edc59d9ec1045fea,69dcb9a4a19ee8d30f4aadff,would_close_cone_and_create_return_txn,Empty-return cone and create 0 kg yarn_returned for latest issue order+article,true,true,
606,69d48bfb2614366a5d8abe08,ORD-000025,69d48bfb2614366a5d8abe30,issued,ORD-000025,69d88ec5edc59d9ec104b7c3,69dcacdba19ee8d30f4a6e76,would_close_cone_and_create_return_txn,Empty-return cone and create 0 kg yarn_returned for latest issue order+article,true,true,
607,69d48bfb2614366a5d8abe0c,ORD-000071,69d48bfb2614366a5d8abe34,issued,ORD-000024,69d883c5edc59d9ec1045fea,69dcb99ba19ee8d30f4aade4,would_close_cone_and_create_return_txn,Empty-return cone and create 0 kg yarn_returned for latest issue order+article,true,true,
608,69d48bfb2614366a5d8abe0d,ORD-000025,69d48bfb2614366a5d8abe35,issued,ORD-000025,69d88ec5edc59d9ec104b7c3,69dcacc9a19ee8d30f4a6dc0,would_close_cone_and_create_return_txn,Empty-return cone and create 0 kg yarn_returned for latest issue order+article,true,true,
609,69d48bfb2614366a5d8abe0e,ORD-000025,69d48bfb2614366a5d8abe36,issued,ORD-000025,69d88ec5edc59d9ec104b7c3,69dcacbda19ee8d30f4a6d7c,would_close_cone_and_create_return_txn,Empty-return cone and create 0 kg yarn_returned for latest issue order+article,true,true,
610,69d48bfb2614366a5d8abe11,ORD-000024,69d48bfb2614366a5d8abe39,issued,ORD-000024,69d883c5edc59d9ec1045fea,69dcb970a19ee8d30f4aad93,would_close_cone_and_create_return_txn,Empty-return cone and create 0 kg yarn_returned for latest issue order+article,true,true,
611,69d48bfb2614366a5d8abe12,ORD-000025,69d48bfb2614366a5d8abe3a,issued,ORD-000025,69d88ec5edc59d9ec104b7c3,69dcaccfa19ee8d30f4a6e16,would_close_cone_and_create_return_txn,Empty-return cone and create 0 kg yarn_returned for latest issue order+article,true,true,
612,69d48bfb2614366a5d8abe14,ORD-000024,69d48bfb2614366a5d8abe3c,issued,ORD-000024,69d883c5edc59d9ec1045fea,69dcb98ca19ee8d30f4aadc9,would_close_cone_and_create_return_txn,Empty-return cone and create 0 kg yarn_returned for latest issue order+article,true,true,
613,69d48c2a2614366a5d8abf43,ORD-000025,69d48c2a2614366a5d8abf6b,issued,ORD-000025,69d88ec5edc59d9ec104b7c3,69dcacb4a19ee8d30f4a6d41,would_close_cone_and_create_return_txn,Empty-return cone and create 0 kg yarn_returned for latest issue order+article,true,true,
614,69d48c2a2614366a5d8abf44,ORD-000025,69d48c2a2614366a5d8abf6c,issued,ORD-000025,69d88ec5edc59d9ec104b7c3,69dcacd4a19ee8d30f4a6e48,would_close_cone_and_create_return_txn,Empty-return cone and create 0 kg yarn_returned for latest issue order+article,true,true,
615,69d48c2a2614366a5d8abf45,ORD-000024,69d48c2a2614366a5d8abf6d,issued,ORD-000024,69d883c5edc59d9ec1045fef,69dcbff4a19ee8d30f4abc30,would_close_cone_and_create_return_txn,Empty-return cone and create 0 kg yarn_returned for latest issue order+article,true,true,
616,69d48c2a2614366a5d8abf4a,ORD-000071,69d48c2a2614366a5d8abf72,issued,ORD-000024,69d883c5edc59d9ec1045fea,69dcb9aea19ee8d30f4aae1a,would_close_cone_and_create_return_txn,Empty-return cone and create 0 kg yarn_returned for latest issue order+article,true,true,
617,69d48c2a2614366a5d8abf4d,ORD-000071,69d48c2a2614366a5d8abf75,issued,ORD-000024,69d883c5edc59d9ec1045fea,69dcb968a19ee8d30f4aad78,would_close_cone_and_create_return_txn,Empty-return cone and create 0 kg yarn_returned for latest issue order+article,true,true,
618,69d48c2a2614366a5d8abf65,ORD-000024,69d48c2a2614366a5d8abf8d,issued,ORD-000024,69d883c5edc59d9ec1045fec,69dde5c2007e05d7e740780a,would_close_cone_and_create_return_txn,Empty-return cone and create 0 kg yarn_returned for latest issue order+article,true,true,
619,69d48c5b2614366a5d8ac0a9,ORD-000041,69d48c5b2614366a5d8ac0d1,not_issued,,,,skip_not_issued,issueStatus is 'not_issued' (only currently issued cones are empty-returned),false,false,
620,69d490b12614366a5d8aed09,ORD-000013,69d490b12614366a5d8aed31,issued,ORD-000013,69ca497e0ab7021c82e521ef,69df2a2a00ca64e3cf5272ed,would_close_cone_only,yarn_returned already exists for this issue order+article; close cone only,true,false,
621,69d4afff2614366a5d8b9343,ORD-000013,69d4afff2614366a5d8b9359,issued,ORD-000013,69ca497e0ab7021c82e521e0,69d89a9eedc59d9ec10518a6,would_close_cone_and_create_return_txn,Empty-return cone and create 0 kg yarn_returned for latest issue order+article,true,true,
622,69d4afff2614366a5d8b9346,ORD-000013,69d4afff2614366a5d8b935c,issued,ORD-000013,69ca497e0ab7021c82e521f0,69d8d9f8edc59d9ec10664dc,would_close_cone_and_create_return_txn,Empty-return cone and create 0 kg yarn_returned for latest issue order+article,true,true,
623,69d4afff2614366a5d8b9348,ORD-000030,69d4afff2614366a5d8b935e,issued,ORD-000030,69e08b3900ca64e3cf596a05,69e1d62dcb6ce8081f0db851,would_close_cone_and_create_return_txn,Empty-return cone and create 0 kg yarn_returned for latest issue order+article,true,true,
624,69d4afff2614366a5d8b9349,ORD-000080,69d4afff2614366a5d8b935f,issued,ORD-000030,69e08b3900ca64e3cf596a05,69e1d646cb6ce8081f0db876,would_close_cone_and_create_return_txn,Empty-return cone and create 0 kg yarn_returned for latest issue order+article,true,true,
625,69d4b0332614366a5d8b94e6,ORD-000026,69d4b0332614366a5d8b94ef,issued,ORD-000026,69dc7c3dd0bd6cbf13e4d510,69dc93e1a19ee8d30f4a1504,would_close_cone_and_create_return_txn,Empty-return cone and create 0 kg yarn_returned for latest issue order+article,true,true,
626,69d4d2b3b89662732f7ed796,ORD-000030,69d4d2b3b89662732f7ed7a8,issued,ORD-000030,69e08b3900ca64e3cf596a05,69e1d70ecb6ce8081f0dba14,would_close_cone_and_create_return_txn,Empty-return cone and create 0 kg yarn_returned for latest issue order+article,true,true,
627,69d4d551b89662732f7eea3e,ORD-000024,69d4d551b89662732f7eea51,issued,ORD-000024,69d883c5edc59d9ec1046004,69de0589007e05d7e7414d22,would_close_cone_and_create_return_txn,Empty-return cone and create 0 kg yarn_returned for latest issue order+article,true,true,
628,69d4da33b89662732f7f1a1d,ORD-000068,69d4da33b89662732f7f1a30,issued,ORD-000024,69d883c5edc59d9ec1045fea,69dcba6ba19ee8d30f4aaf6f,would_close_cone_and_create_return_txn,Empty-return cone and create 0 kg yarn_returned for latest issue order+article,true,true,
629,69d4db4ab89662732f7f2559,ORD-000013,69d4db4ab89662732f7f257a,issued,ORD-000013,69ca497e0ab7021c82e521ea,69d5fe5fb89662732f828048,would_close_cone_and_create_return_txn,Empty-return cone and create 0 kg yarn_returned for latest issue order+article,true,true,
630,69d4db4ab89662732f7f256a,ORD-000027,69d4db4ab89662732f7f258b,issued,ORD-000027,69dc9fd1a19ee8d30f4a3a83,69eb009986f7ddd153e245d4,would_close_cone_and_create_return_txn,Empty-return cone and create 0 kg yarn_returned for latest issue order+article,true,true,
631,69d4e970b89662732f7f8ed8,ORD-000029,69d4e970b89662732f7f8f00,issued,ORD-000029,69de2b3d007e05d7e741f3ed,69de3062007e05d7e7420a9b,would_close_cone_and_create_return_txn,Empty-return cone and create 0 kg yarn_returned for latest issue order+article,true,true,
632,69d4e970b89662732f7f8ede,ORD-000029,69d4e970b89662732f7f8f06,issued,ORD-000029,69de2b3d007e05d7e741f3ed,69de3067007e05d7e7420ab6,would_close_cone_and_create_return_txn,Empty-return cone and create 0 kg yarn_returned for latest issue order+article,true,true,
633,69d4e970b89662732f7f8ee1,ORD-000029,69d4e970b89662732f7f8f09,issued,ORD-000029,69de2b3d007e05d7e741f3ed,69de306d007e05d7e7420ad1,would_close_cone_and_create_return_txn,Empty-return cone and create 0 kg yarn_returned for latest issue order+article,true,true,
634,69d4ee32b89662732f7fa235,ORD-000027,69d4ee32b89662732f7fa247,issued,ORD-000027,69dc9fd1a19ee8d30f4a3a7e,69ddff04007e05d7e74121f6,would_close_cone_and_create_return_txn,Empty-return cone and create 0 kg yarn_returned for latest issue order+article,true,true,
635,69d4ee32b89662732f7fa238,ORD-000077,69d4ee32b89662732f7fa24a,not_issued,,,,skip_not_issued,issueStatus is 'not_issued' (only currently issued cones are empty-returned),false,false,
636,69d5d3d2b89662732f8170b2,ORD-000083,69d5d3d2b89662732f8170b4,not_issued,,,,skip_not_issued,issueStatus is 'not_issued' (only currently issued cones are empty-returned),false,false,
637,69d5d5d1b89662732f8174ec,ORD-000083,69d5d5d1b89662732f8174ed,not_issued,,,,skip_not_issued,issueStatus is 'not_issued' (only currently issued cones are empty-returned),false,false,
638,69d5d6c2b89662732f81763f,ORD-000021,69d5d6c2b89662732f817641,issued,ORD-000021,69d0e47e97fe9152fa9fb768,69d7a751edc59d9ec102f93c,would_close_cone_and_create_return_txn,Empty-return cone and create 0 kg yarn_returned for latest issue order+article,true,true,
639,69d5d703b89662732f8176ae,ORD-000088,69d5d703b89662732f8176af,not_issued,,,,skip_not_issued,issueStatus is 'not_issued' (only currently issued cones are empty-returned),false,false,
640,69d5d8dbb89662732f818116,ORD-000079,69d5d8dbb89662732f818119,issued,ORD-000017,69ce234fff9f99209b6d0ef7,69d8950aedc59d9ec104fc12,would_close_cone_and_create_return_txn,Empty-return cone and create 0 kg yarn_returned for latest issue order+article,true,true,
641,69d5dfbbb89662732f81b6be,ORD-000024,69d5dfbbb89662732f81b6ca,issued,ORD-000024,69d883c5edc59d9ec1045ff1,69e2a62234696b42ea78e912,would_close_cone_and_create_return_txn,Empty-return cone and create 0 kg yarn_returned for latest issue order+article,true,true,
642,69d5dfbbb89662732f81b6c1,ORD-000024,69d5dfbbb89662732f81b6cd,issued,ORD-000024,69d883c5edc59d9ec1045ff1,69e2a61934696b42ea78e8f9,would_close_cone_and_create_return_txn,Empty-return cone and create 0 kg yarn_returned for latest issue order+article,true,true,
643,69d5dfbbb89662732f81b6c2,ORD-000015,69d5dfbbb89662732f81b6ce,issued,ORD-000015,69cb8d9bff9f99209b662142,69d62b5fb89662732f838270,would_close_cone_and_create_return_txn,Empty-return cone and create 0 kg yarn_returned for latest issue order+article,true,true,
644,69d5e7ebb89662732f81d8b2,ORD-000029,69d5e7ebb89662732f81d8da,issued,ORD-000029,69de2b3d007e05d7e741f3ed,69de30c4007e05d7e7420be4,would_close_cone_and_create_return_txn,Empty-return cone and create 0 kg yarn_returned for latest issue order+article,true,true,
645,69d5e997b89662732f81ded5,ORD-000076,69d5e997b89662732f81dee4,not_issued,,,,skip_not_issued,issueStatus is 'not_issued' (only currently issued cones are empty-returned),false,false,
646,69d5ea50b89662732f81e1cc,ORD-000084,69d5ea50b89662732f81e1f4,not_issued,,,,skip_not_issued,issueStatus is 'not_issued' (only currently issued cones are empty-returned),false,false,
647,69d5ea50b89662732f81e1da,ORD-000084,69d5ea50b89662732f81e202,issued,ORD-000033,69e5f8144dfe50532a16f714,69ec916b86f7ddd153f30f24,would_close_cone_and_create_return_txn,Empty-return cone and create 0 kg yarn_returned for latest issue order+article,true,true,
648,69d627b7b89662732f83770c,ORD-000078,69d627b7b89662732f837719,not_issued,,,,skip_not_issued,issueStatus is 'not_issued' (only currently issued cones are empty-returned),false,false,
649,69d627b7b89662732f837713,ORD-000022,69d627b7b89662732f837720,issued,ORD-000022,69d4acca2614366a5d8b8acc,69d6411cb89662732f840202,would_close_cone_and_create_return_txn,Empty-return cone and create 0 kg yarn_returned for latest issue order+article,true,true,
650,69d62820b89662732f8377e2,ORD-000016,69d62820b89662732f8377f4,issued,ORD-000016,69cd0ecbff9f99209b6b3e76,69d63e3fb89662732f83fc55,would_close_cone_and_create_return_txn,Empty-return cone and create 0 kg yarn_returned for latest issue order+article,true,true,
651,69d62d20b89662732f838a58,ORD-000021,69d62d20b89662732f838a67,issued,ORD-000021,69d0e47e97fe9152fa9fb768,69d7a575edc59d9ec102f618,would_close_cone_and_create_return_txn,Empty-return cone and create 0 kg yarn_returned for latest issue order+article,true,true,
652,69d62d97b89662732f838dc4,ORD-000013,69d62d97b89662732f838dd8,issued,ORD-000013,69ca497e0ab7021c82e521f1,69d8a44eedc59d9ec1053274,would_close_cone_and_create_return_txn,Empty-return cone and create 0 kg yarn_returned for latest issue order+article,true,true,
653,69d62d97b89662732f838dcd,ORD-000013,69d62d97b89662732f838de1,issued,ORD-000013,69ca497e0ab7021c82e521f1,69d8a447edc59d9ec1053153,would_close_cone_and_create_return_txn,Empty-return cone and create 0 kg yarn_returned for latest issue order+article,true,true,
654,69d62d97b89662732f838dd5,ORD-000013,69d62d97b89662732f838de9,issued,ORD-000013,69ca497e0ab7021c82e521f1,69d8a456edc59d9ec105328f,would_close_cone_and_create_return_txn,Empty-return cone and create 0 kg yarn_returned for latest issue order+article,true,true,
655,69d63582b89662732f83d0ba,ORD-000051,69d63582b89662732f83d0d3,not_issued,,,,skip_not_issued,issueStatus is 'not_issued' (only currently issued cones are empty-returned),false,false,
656,69d63582b89662732f83d0bf,ORD-000073,69d63582b89662732f83d0d8,not_issued,,,,skip_not_issued,issueStatus is 'not_issued' (only currently issued cones are empty-returned),false,false,
657,69d635edb89662732f83d5a3,ORD-000025,69d635edb89662732f83d5b5,issued,ORD-000025,69d88ec5edc59d9ec104b7c4,69dca680a19ee8d30f4a4c79,would_close_cone_and_create_return_txn,Empty-return cone and create 0 kg yarn_returned for latest issue order+article,true,true,
658,69d659ffedc59d9ec1fd6e6d,ORD-000081,69d659ffedc59d9ec1fd6e77,issued,ORD-000034,69e760ca23c856872b4721b2,69eca52186f7ddd153f43481,would_close_cone_and_create_return_txn,Empty-return cone and create 0 kg yarn_returned for latest issue order+article,true,true,
659,69d659ffedc59d9ec1fd6e6e,ORD-000029,69d659ffedc59d9ec1fd6e78,issued,ORD-000029,69de2b3d007e05d7e741f3ed,69de35c900ca64e3cf50d883,would_close_cone_and_create_return_txn,Empty-return cone and create 0 kg yarn_returned for latest issue order+article,true,true,
660,69d659ffedc59d9ec1fd6e74,ORD-000079,69d659ffedc59d9ec1fd6e7e,issued,ORD-000025,69d88ec5edc59d9ec104b7c5,69e1bd260b3c5500e1fe05a8,would_close_cone_and_create_return_txn,Empty-return cone and create 0 kg yarn_returned for latest issue order+article,true,true,
661,69d659ffedc59d9ec1fd6e76,ORD-000029,69d659ffedc59d9ec1fd6e80,issued,ORD-000029,69df238300ca64e3cf525543,69e24e3f34696b42ea75485e,would_close_cone_and_create_return_txn,Empty-return cone and create 0 kg yarn_returned for latest issue order+article,true,true,
662,69d65a4aedc59d9ec1fd6ee2,ORD-000029,69d65a4aedc59d9ec1fd6eed,issued,ORD-000029,69de2b3d007e05d7e741f3ed,69de35c400ca64e3cf50d86a,would_close_cone_and_create_return_txn,Empty-return cone and create 0 kg yarn_returned for latest issue order+article,true,true,
663,69d65a4aedc59d9ec1fd6ee3,ORD-000029,69d65a4aedc59d9ec1fd6eee,issued,ORD-000029,69de2b3d007e05d7e741f3ed,69de35df00ca64e3cf50d915,would_close_cone_and_create_return_txn,Empty-return cone and create 0 kg yarn_returned for latest issue order+article,true,true,
664,69d65a4aedc59d9ec1fd6ee4,ORD-000029,69d65a4aedc59d9ec1fd6eef,issued,ORD-000029,69df238300ca64e3cf525543,69e24e2434696b42ea754807,would_close_cone_and_create_return_txn,Empty-return cone and create 0 kg yarn_returned for latest issue order+article,true,true,
665,69d65a4aedc59d9ec1fd6ee5,ORD-000017,69d65a4aedc59d9ec1fd6ef0,issued,ORD-000017,69ce234fff9f99209b6d0efb,69e303a734696b42ea7af8e2,would_close_cone_and_create_return_txn,Empty-return cone and create 0 kg yarn_returned for latest issue order+article,true,true,
666,69d65a4aedc59d9ec1fd6ee7,ORD-000029,69d65a4aedc59d9ec1fd6ef2,issued,ORD-000029,69df238300ca64e3cf525543,69e24e3634696b42ea754839,would_close_cone_and_create_return_txn,Empty-return cone and create 0 kg yarn_returned for latest issue order+article,true,true,
667,69d65a4aedc59d9ec1fd6ee9,ORD-000039,69d65a4aedc59d9ec1fd6ef4,issued,ORD-000039,69eb3bf086f7ddd153e88c2f,69eca0af86f7ddd153f3fada,would_close_cone_and_create_return_txn,Empty-return cone and create 0 kg yarn_returned for latest issue order+article,true,true,
668,69d65a4aedc59d9ec1fd6eeb,ORD-000029,69d65a4aedc59d9ec1fd6ef6,issued,ORD-000029,69de2b3d007e05d7e741f3ed,69de35ce00ca64e3cf50d89f,would_close_cone_and_create_return_txn,Empty-return cone and create 0 kg yarn_returned for latest issue order+article,true,true,
669,69d65b13edc59d9ec1fd702c,ORD-000080,69d65b13edc59d9ec1fd7044,issued,ORD-000038,69eb183d86f7ddd153e58ab6,69ec848886f7ddd153f07361,would_close_cone_and_create_return_txn,Empty-return cone and create 0 kg yarn_returned for latest issue order+article,true,true,
670,69d65b13edc59d9ec1fd7030,ORD-000080,69d65b13edc59d9ec1fd7048,not_issued,,,,skip_not_issued,issueStatus is 'not_issued' (only currently issued cones are empty-returned),false,false,
671,69d65b13edc59d9ec1fd7034,ORD-000080,69d65b13edc59d9ec1fd704c,not_issued,,,,skip_not_issued,issueStatus is 'not_issued' (only currently issued cones are empty-returned),false,false,
672,69d7261cedc59d9ec1fe78da,ORD-000068,69d7261cedc59d9ec1fe78f1,issued,ORD-000022,69d4acca2614366a5d8b8ac7,69d78e6aedc59d9ec1028c02,would_close_cone_and_create_return_txn,Empty-return cone and create 0 kg yarn_returned for latest issue order+article,true,true,
673,69d7261cedc59d9ec1fe78db,ORD-000080,69d7261cedc59d9ec1fe78f2,issued,ORD-000022,69d4acca2614366a5d8b8ac7,69d78e6fedc59d9ec1028c1c,would_close_cone_and_create_return_txn,Empty-return cone and create 0 kg yarn_returned for latest issue order+article,true,true,
674,69d7261cedc59d9ec1fe78e3,ORD-000068,69d7261cedc59d9ec1fe78fa,issued,ORD-000022,69d4acca2614366a5d8b8ac7,69d7fe49edc59d9ec1033914,would_close_cone_and_create_return_txn,Empty-return cone and create 0 kg yarn_returned for latest issue order+article,true,true,
675,69d7261cedc59d9ec1fe78e9,ORD-000022,69d7261cedc59d9ec1fe7900,issued,ORD-000022,69d4acca2614366a5d8b8ac7,69d78e76edc59d9ec1028c36,would_close_cone_and_create_return_txn,Empty-return cone and create 0 kg yarn_returned for latest issue order+article,true,true,
676,69d7261cedc59d9ec1fe78f0,ORD-000077,69d7261cedc59d9ec1fe7907,issued,ORD-000022,69d4acca2614366a5d8b8ac7,69d7fe4fedc59d9ec103392e,would_close_cone_and_create_return_txn,Empty-return cone and create 0 kg yarn_returned for latest issue order+article,true,true,
677,69d72633edc59d9ec1fe79a8,ORD-000071,69d72633edc59d9ec1fe79bb,issued,ORD-000022,69d4acca2614366a5d8b8ac7,69d78e5eedc59d9ec1028be8,would_close_cone_and_create_return_txn,Empty-return cone and create 0 kg yarn_returned for latest issue order+article,true,true,
678,69d72633edc59d9ec1fe79b7,ORD-000071,69d72633edc59d9ec1fe79ca,issued,ORD-000022,69d4acca2614366a5d8b8ac7,69d78e57edc59d9ec1028bce,would_close_cone_and_create_return_txn,Empty-return cone and create 0 kg yarn_returned for latest issue order+article,true,true,
679,69d72ebaedc59d9ec1ff3209,ORD-000022,69d72ebaedc59d9ec1ff322d,issued,ORD-000022,69d4acca2614366a5d8b8ac9,69da46f7b37ea0bc6637139f,would_close_cone_and_create_return_txn,Empty-return cone and create 0 kg yarn_returned for latest issue order+article,true,true,
680,69d72ebaedc59d9ec1ff320e,ORD-000069,69d72ebaedc59d9ec1ff3232,issued,ORD-000038,69eb183d86f7ddd153e58ab4,69eb33b986f7ddd153e8086e,would_close_cone_and_create_return_txn,Empty-return cone and create 0 kg yarn_returned for latest issue order+article,true,true,
681,69d72ebaedc59d9ec1ff3211,ORD-000022,69d72ebaedc59d9ec1ff3235,issued,ORD-000022,69d4acca2614366a5d8b8ac9,69da46d4b37ea0bc6637136d,would_close_cone_and_create_return_txn,Empty-return cone and create 0 kg yarn_returned for latest issue order+article,true,true,
682,69d72ebaedc59d9ec1ff3213,ORD-000022,69d72ebaedc59d9ec1ff3237,issued,ORD-000022,69d4acca2614366a5d8b8ac9,69da475ab37ea0bc66371435,would_close_cone_and_create_return_txn,Empty-return cone and create 0 kg yarn_returned for latest issue order+article,true,true,
683,69d72ebaedc59d9ec1ff3214,ORD-000022,69d72ebaedc59d9ec1ff3238,issued,ORD-000022,69d4acca2614366a5d8b8ac9,69da477bb37ea0bc66371467,would_close_cone_and_create_return_txn,Empty-return cone and create 0 kg yarn_returned for latest issue order+article,true,true,
684,69d72ebaedc59d9ec1ff3218,ORD-000022,69d72ebaedc59d9ec1ff323c,issued,ORD-000022,69d4acca2614366a5d8b8ac9,69da478bb37ea0bc66371480,would_close_cone_and_create_return_txn,Empty-return cone and create 0 kg yarn_returned for latest issue order+article,true,true,
685,69d72ebaedc59d9ec1ff321b,ORD-000022,69d72ebaedc59d9ec1ff323f,issued,ORD-000022,69d4acca2614366a5d8b8ac9,69da474cb37ea0bc6637141c,would_close_cone_and_create_return_txn,Empty-return cone and create 0 kg yarn_returned for latest issue order+article,true,true,
686,69d72ebaedc59d9ec1ff321e,ORD-000029,69d72ebaedc59d9ec1ff3242,issued,ORD-000029,69de2b3d007e05d7e741f3ed,69de3113007e05d7e7420d09,would_close_cone_and_create_return_txn,Empty-return cone and create 0 kg yarn_returned for latest issue order+article,true,true,
687,69d72ecfedc59d9ec1ff335e,ORD-000029,69d72ecfedc59d9ec1ff3382,issued,ORD-000029,69df238300ca64e3cf525543,69e24da834696b42ea754707,would_close_cone_and_create_return_txn,Empty-return cone and create 0 kg yarn_returned for latest issue order+article,true,true,
688,69d72ecfedc59d9ec1ff3362,ORD-000029,69d72ecfedc59d9ec1ff3386,issued,ORD-000029,69df238300ca64e3cf525543,69e24d9d34696b42ea7546ee,would_close_cone_and_create_return_txn,Empty-return cone and create 0 kg yarn_returned for latest issue order+article,true,true,
689,69d72ecfedc59d9ec1ff3365,ORD-000029,69d72ecfedc59d9ec1ff3389,issued,ORD-000029,69df238300ca64e3cf525543,69e24db234696b42ea754720,would_close_cone_and_create_return_txn,Empty-return cone and create 0 kg yarn_returned for latest issue order+article,true,true,
690,69d72ecfedc59d9ec1ff3367,ORD-000021,69d72ecfedc59d9ec1ff338b,issued,ORD-000021,69d0e47e97fe9152fa9fb768,69d7a69bedc59d9ec102f86a,would_close_cone_and_create_return_txn,Empty-return cone and create 0 kg yarn_returned for latest issue order+article,true,true,
691,69d72ecfedc59d9ec1ff336b,ORD-000068,69d72ecfedc59d9ec1ff338f,issued,ORD-000028,69ddee12007e05d7e740be14,69e3589f4dfe50532a0bc58d,would_close_cone_and_create_return_txn,Empty-return cone and create 0 kg yarn_returned for latest issue order+article,true,true,
692,69d72ecfedc59d9ec1ff336c,ORD-000022,69d72ecfedc59d9ec1ff3390,issued,ORD-000022,69d4acca2614366a5d8b8ac9,69da4805b37ea0bc66371559,would_close_cone_and_create_return_txn,Empty-return cone and create 0 kg yarn_returned for latest issue order+article,true,true,
693,69d72f01edc59d9ec1ff354a,ORD-000060,69d72f01edc59d9ec1ff3561,not_issued,,,,skip_not_issued,issueStatus is 'not_issued' (only currently issued cones are empty-returned),false,false,
694,69d72f01edc59d9ec1ff3551,ORD-000072,69d72f01edc59d9ec1ff3568,not_issued,,,,skip_not_issued,issueStatus is 'not_issued' (only currently issued cones are empty-returned),false,false,
695,69d72f01edc59d9ec1ff3554,ORD-000022,69d72f01edc59d9ec1ff356b,issued,ORD-000022,69d4acca2614366a5d8b8ac7,69d7fe5cedc59d9ec1033948,would_close_cone_and_create_return_txn,Empty-return cone and create 0 kg yarn_returned for latest issue order+article,true,true,
696,69d72f01edc59d9ec1ff3556,ORD-000070,69d72f01edc59d9ec1ff356d,issued,ORD-000038,69eb183d86f7ddd153e58ab2,69eb2da386f7ddd153e68124,would_close_cone_and_create_return_txn,Empty-return cone and create 0 kg yarn_returned for latest issue order+article,true,true,
697,69d72f01edc59d9ec1ff3558,ORD-000022,69d72f01edc59d9ec1ff356f,issued,ORD-000022,69d4acca2614366a5d8b8ac7,69d78e80edc59d9ec1028c50,would_close_cone_and_create_return_txn,Empty-return cone and create 0 kg yarn_returned for latest issue order+article,true,true,
698,69d72f46edc59d9ec1ff371c,ORD-000021,69d72f46edc59d9ec1ff3740,issued,ORD-000021,69d0e47e97fe9152fa9fb768,69d7a693edc59d9ec102f851,would_close_cone_and_create_return_txn,Empty-return cone and create 0 kg yarn_returned for latest issue order+article,true,true,
699,69d72f46edc59d9ec1ff3720,ORD-000022,69d72f46edc59d9ec1ff3744,issued,ORD-000022,69d4acca2614366a5d8b8ac9,69da471ab37ea0bc663713d1,would_close_cone_and_create_return_txn,Empty-return cone and create 0 kg yarn_returned for latest issue order+article,true,true,
700,69d72f46edc59d9ec1ff3723,ORD-000038,69d72f46edc59d9ec1ff3747,issued,ORD-000038,69eb183d86f7ddd153e58ab4,69eb342786f7ddd153e819bc,would_close_cone_and_create_return_txn,Empty-return cone and create 0 kg yarn_returned for latest issue order+article,true,true,
701,69d72f46edc59d9ec1ff372a,ORD-000022,69d72f46edc59d9ec1ff374e,issued,ORD-000022,69d4acca2614366a5d8b8ac9,69da4818b37ea0bc66371572,would_close_cone_and_create_return_txn,Empty-return cone and create 0 kg yarn_returned for latest issue order+article,true,true,
702,69d72f46edc59d9ec1ff3730,ORD-000022,69d72f46edc59d9ec1ff3754,issued,ORD-000022,69d4acca2614366a5d8b8ac9,69da4685b37ea0bc66371309,would_close_cone_and_create_return_txn,Empty-return cone and create 0 kg yarn_returned for latest issue order+article,true,true,
703,69d72f46edc59d9ec1ff3732,ORD-000022,69d72f46edc59d9ec1ff3756,issued,ORD-000022,69d4acca2614366a5d8b8ac9,69da46e4b37ea0bc66371386,would_close_cone_and_create_return_txn,Empty-return cone and create 0 kg yarn_returned for latest issue order+article,true,true,
704,69d72f46edc59d9ec1ff3735,ORD-000080,69d72f46edc59d9ec1ff3759,issued,ORD-000025,69d88ec5edc59d9ec104b7c5,69df6dc100ca64e3cf534a53,would_close_cone_and_create_return_txn,Empty-return cone and create 0 kg yarn_returned for latest issue order+article,true,true,
705,69d72f46edc59d9ec1ff3736,ORD-000022,69d72f46edc59d9ec1ff375a,issued,ORD-000022,69d4acca2614366a5d8b8ac9,69da4867b37ea0bc663715d6,would_close_cone_and_create_return_txn,Empty-return cone and create 0 kg yarn_returned for latest issue order+article,true,true,
706,69d74203edc59d9ec10033db,ORD-000030,69d74203edc59d9ec10033ec,issued,ORD-000030,69e08b3900ca64e3cf5969ff,69ecdeaf86f7ddd153f4fbd8,would_close_cone_and_create_return_txn,Empty-return cone and create 0 kg yarn_returned for latest issue order+article,true,true,
707,69d74203edc59d9ec10033dc,ORD-000038,69d74203edc59d9ec10033ed,issued,ORD-000038,69eb183d86f7ddd153e58ab4,69eeeb7c86f7ddd15307996d,would_close_cone_and_create_return_txn,Empty-return cone and create 0 kg yarn_returned for latest issue order+article,true,true,
708,69d742dfedc59d9ec100381d,ORD-000088,69d742dfedc59d9ec1003845,not_issued,,,,skip_not_issued,issueStatus is 'not_issued' (only currently issued cones are empty-returned),false,false,
709,69d75158edc59d9ec1012ea3,ORD-000077,69d75158edc59d9ec1012ebc,issued,ORD-000036,69e88468733c29bce005bed8,69e8940a733c29bce007e1ff,would_close_cone_and_create_return_txn,Empty-return cone and create 0 kg yarn_returned for latest issue order+article,true,true,
710,69d75158edc59d9ec1012ea8,ORD-000013,69d75158edc59d9ec1012ec1,issued,ORD-000013,69ca497e0ab7021c82e521f1,69de601100ca64e3cf514174,would_close_cone_and_create_return_txn,Empty-return cone and create 0 kg yarn_returned for latest issue order+article,true,true,
711,69d77abcedc59d9ec10227a8,ORD-000041,69d77abcedc59d9ec10227bc,not_issued,,,,skip_not_issued,issueStatus is 'not_issued' (only currently issued cones are empty-returned),false,false,
712,69d77abcedc59d9ec10227a9,ORD-000023,69d77abcedc59d9ec10227bd,issued,ORD-000023,69d771d6edc59d9ec101e578,69d786e0edc59d9ec10269f4,would_close_cone_and_create_return_txn,Empty-return cone and create 0 kg yarn_returned for latest issue order+article,true,true,
713,69d7838fedc59d9ec1024c33,ORD-000022,69d7838fedc59d9ec1024c45,issued,ORD-000022,69d4acca2614366a5d8b8acf,69d8ded7edc59d9ec10679ca,would_close_cone_and_create_return_txn,Empty-return cone and create 0 kg yarn_returned for latest issue order+article,true,true,
714,69d783bcedc59d9ec1024d5c,ORD-000077,69d783bcedc59d9ec1024d70,issued,ORD-000036,69e88468733c29bce005bed6,69e89a64733c29bce008be69,would_close_cone_and_create_return_txn,Empty-return cone and create 0 kg yarn_returned for latest issue order+article,true,true,
715,69d783bcedc59d9ec1024d60,ORD-000067,69d783bcedc59d9ec1024d74,issued,ORD-000036,69e88468733c29bce005bed6,69eb0d0986f7ddd153e47b30,would_close_cone_and_create_return_txn,Empty-return cone and create 0 kg yarn_returned for latest issue order+article,true,true,
716,69d783bcedc59d9ec1024d63,ORD-000036,69d783bcedc59d9ec1024d77,issued,ORD-000036,69e88468733c29bce005bed6,69e89a69733c29bce008be87,would_close_cone_and_create_return_txn,Empty-return cone and create 0 kg yarn_returned for latest issue order+article,true,true,
717,69d78af9edc59d9ec1027f67,ORD-000069,69d78af9edc59d9ec1027f7b,issued,ORD-000022,69d4acca2614366a5d8b8ac7,69d78ea3edc59d9ec1028cbc,would_close_cone_and_create_return_txn,Empty-return cone and create 0 kg yarn_returned for latest issue order+article,true,true,
718,69d78af9edc59d9ec1027f69,ORD-000022,69d78af9edc59d9ec1027f7d,issued,ORD-000022,69d4acca2614366a5d8b8ac7,69d78e9aedc59d9ec1028ca1,would_close_cone_and_create_return_txn,Empty-return cone and create 0 kg yarn_returned for latest issue order+article,true,true,
719,69d78af9edc59d9ec1027f6a,ORD-000062,69d78af9edc59d9ec1027f7e,issued,ORD-000022,69d4acca2614366a5d8b8ac7,69d78e93edc59d9ec1028c86,would_close_cone_and_create_return_txn,Empty-return cone and create 0 kg yarn_returned for latest issue order+article,true,true,
720,69d78af9edc59d9ec1027f72,ORD-000005,69d78af9edc59d9ec1027f86,not_issued,,,,skip_not_issued,issueStatus is 'not_issued' (only currently issued cones are empty-returned),false,false,
721,69d78af9edc59d9ec1027f76,ORD-000023,69d78af9edc59d9ec1027f8a,issued,ORD-000023,69d771d6edc59d9ec101e57e,69d78bd4edc59d9ec102832d,would_close_cone_and_create_return_txn,Empty-return cone and create 0 kg yarn_returned for latest issue order+article,true,true,
722,69d78af9edc59d9ec1027f78,ORD-000031,69d78af9edc59d9ec1027f8c,issued,ORD-000031,69e20427514236271de91983,69e71618f0694e7c1e224fd3,would_close_cone_and_create_return_txn,Empty-return cone and create 0 kg yarn_returned for latest issue order+article,true,true,
723,69d78af9edc59d9ec1027f79,ORD-000031,69d78af9edc59d9ec1027f8d,issued,ORD-000031,69e20427514236271de91983,69e33f754dfe50532a0acd74,would_close_cone_and_create_return_txn,Empty-return cone and create 0 kg yarn_returned for latest issue order+article,true,true,
724,69d7907cedc59d9ec1028f4e,ORD-000080,69d7907cedc59d9ec1028f6f,issued,ORD-000028,69ddee12007e05d7e740be18,69e1b8230b3c5500e1fdeffe,would_close_cone_and_create_return_txn,Empty-return cone and create 0 kg yarn_returned for latest issue order+article,true,true,
725,69d7907cedc59d9ec1028f51,ORD-000013,69d7907cedc59d9ec1028f72,issued,ORD-000013,69ca497e0ab7021c82e521f1,69d8a51bedc59d9ec105347e,would_close_cone_and_create_return_txn,Empty-return cone and create 0 kg yarn_returned for latest issue order+article,true,true,
726,69d7907cedc59d9ec1028f53,ORD-000013,69d7907cedc59d9ec1028f74,issued,ORD-000013,69ca497e0ab7021c82e521f1,69d8a4caedc59d9ec105332c,would_close_cone_and_create_return_txn,Empty-return cone and create 0 kg yarn_returned for latest issue order+article,true,true,
727,69d7907cedc59d9ec1028f57,ORD-000025,69d7907cedc59d9ec1028f78,issued,ORD-000025,69d88ec5edc59d9ec104b7bf,69da211fedc59d9ec10af0f0,would_close_cone_and_create_return_txn,Empty-return cone and create 0 kg yarn_returned for latest issue order+article,true,true,
728,69d7907cedc59d9ec1028f5a,ORD-000007,69d7907cedc59d9ec1028f7b,issued,ORD-000007,69c25222421268c3c1b2a251,69d8d8e0edc59d9ec1066123,would_close_cone_and_create_return_txn,Empty-return cone and create 0 kg yarn_returned for latest issue order+article,true,true,
729,69d7907cedc59d9ec1028f5f,ORD-000013,69d7907cedc59d9ec1028f80,issued,ORD-000013,69ca497e0ab7021c82e521f1,69d8a4d7edc59d9ec10533a0,would_close_cone_and_create_return_txn,Empty-return cone and create 0 kg yarn_returned for latest issue order+article,true,true,
730,69d7907cedc59d9ec1028f69,ORD-000013,69d7907cedc59d9ec1028f8a,issued,ORD-000013,69ca497e0ab7021c82e521f1,69d8a4bbedc59d9ec10532cd,would_close_cone_and_create_return_txn,Empty-return cone and create 0 kg yarn_returned for latest issue order+article,true,true,
731,69d8b165edc59d9ec1055c93,ORD-000089,69d8b165edc59d9ec1055cbb,not_issued,,,,skip_not_issued,issueStatus is 'not_issued' (only currently issued cones are empty-returned),false,false,
732,69d8b165edc59d9ec1055c94,ORD-000089,69d8b165edc59d9ec1055cbc,not_issued,,,,skip_not_issued,issueStatus is 'not_issued' (only currently issued cones are empty-returned),false,false,
733,69d8b165edc59d9ec1055c9f,ORD-000089,69d8b165edc59d9ec1055cc7,not_issued,,,,skip_not_issued,issueStatus is 'not_issued' (only currently issued cones are empty-returned),false,false,
734,69d8b165edc59d9ec1055ca6,ORD-000089,69d8b165edc59d9ec1055cce,not_issued,,,,skip_not_issued,issueStatus is 'not_issued' (only currently issued cones are empty-returned),false,false,
735,69d8b165edc59d9ec1055ca7,ORD-000089,69d8b165edc59d9ec1055ccf,not_issued,,,,skip_not_issued,issueStatus is 'not_issued' (only currently issued cones are empty-returned),false,false,
736,69d8b1e3edc59d9ec1056b9a,ORD-000013,69d8b1e3edc59d9ec1056ba9,issued,ORD-000013,69ca497e0ab7021c82e521ec,69dc77d3d0bd6cbf13e4a69a,would_close_cone_and_create_return_txn,Empty-return cone and create 0 kg yarn_returned for latest issue order+article,true,true,
737,69d8b21cedc59d9ec1056e9d,ORD-000067,69d8b21cedc59d9ec1056eac,issued,ORD-000024,69d883c5edc59d9ec1045fea,69dcba29a19ee8d30f4aaefc,would_close_cone_and_create_return_txn,Empty-return cone and create 0 kg yarn_returned for latest issue order+article,true,true,
738,69d8b21cedc59d9ec1056ea2,ORD-000077,69d8b21cedc59d9ec1056eb1,issued,ORD-000024,69d883c5edc59d9ec1045fea,69dcba34a19ee8d30f4aaf1c,would_close_cone_and_create_return_txn,Empty-return cone and create 0 kg yarn_returned for latest issue order+article,true,true,
739,69d8b21cedc59d9ec1056ea5,ORD-000021,69d8b21cedc59d9ec1056eb4,issued,ORD-000021,69d0e47e97fe9152fa9fb764,69da2c78edc59d9ec10b6050,would_close_cone_and_create_return_txn,Empty-return cone and create 0 kg yarn_returned for latest issue order+article,true,true,
740,69d8b230edc59d9ec105716f,ORD-000069,69d8b230edc59d9ec1057182,not_issued,,,,skip_not_issued,issueStatus is 'not_issued' (only currently issued cones are empty-returned),false,false,
741,69d8c1adedc59d9ec105d013,ORD-000066,69d8c1adedc59d9ec105d03b,issued,ORD-000024,69d883c5edc59d9ec1046004,69de049f007e05d7e7414103,would_close_cone_and_create_return_txn,Empty-return cone and create 0 kg yarn_returned for latest issue order+article,true,true,
742,69d8c1adedc59d9ec105d023,ORD-000080,69d8c1adedc59d9ec105d04b,issued,ORD-000030,69e08b3900ca64e3cf596a05,69e1d779cb6ce8081f0dbbdc,would_close_cone_and_create_return_txn,Empty-return cone and create 0 kg yarn_returned for latest issue order+article,true,true,
743,69d8c1adedc59d9ec105d029,ORD-000071,69d8c1adedc59d9ec105d051,issued,ORD-000024,69d883c5edc59d9ec1046004,69de0493007e05d7e7414019,would_close_cone_and_create_return_txn,Empty-return cone and create 0 kg yarn_returned for latest issue order+article,true,true,
744,69d8c1adedc59d9ec105d030,ORD-000062,69d8c1adedc59d9ec105d058,issued,ORD-000024,69d883c5edc59d9ec1046004,69de04ac007e05d7e7414143,would_close_cone_and_create_return_txn,Empty-return cone and create 0 kg yarn_returned for latest issue order+article,true,true,
745,69d8c724edc59d9ec105e1af,ORD-000013,69d8c724edc59d9ec105e1c3,issued,ORD-000013,69ca497e0ab7021c82e521f1,69d9ef0eedc59d9ec109ee68,would_close_cone_and_create_return_txn,Empty-return cone and create 0 kg yarn_returned for latest issue order+article,true,true,
746,69d8c724edc59d9ec105e1b5,ORD-000013,69d8c724edc59d9ec105e1c9,issued,ORD-000013,69ca497e0ab7021c82e521f1,69d9ef04edc59d9ec109ee4a,would_close_cone_and_create_return_txn,Empty-return cone and create 0 kg yarn_returned for latest issue order+article,true,true,
747,69d8c724edc59d9ec105e1b9,ORD-000013,69d8c724edc59d9ec105e1cd,issued,ORD-000013,69ca497e0ab7021c82e521ef,69df2a3400ca64e3cf52731f,would_close_cone_and_create_return_txn,Empty-return cone and create 0 kg yarn_returned for latest issue order+article,true,true,
748,69d8f622edc59d9ec106b6c2,ORD-000013,69d8f622edc59d9ec106b6ea,issued,ORD-000013,69ca497e0ab7021c82e521f1,69dea41900ca64e3cf5151d1,would_close_cone_and_create_return_txn,Empty-return cone and create 0 kg yarn_returned for latest issue order+article,true,true,
749,69d8f622edc59d9ec106b6c9,ORD-000013,69d8f622edc59d9ec106b6f1,issued,ORD-000013,69ca497e0ab7021c82e521f1,69dd7411007e05d7e73eb60b,would_close_cone_and_create_return_txn,Empty-return cone and create 0 kg yarn_returned for latest issue order+article,true,true,
750,69d8f622edc59d9ec106b6d3,ORD-000013,69d8f622edc59d9ec106b6fb,issued,ORD-000013,69ca497e0ab7021c82e521f1,69dd741a007e05d7e73eb624,would_close_cone_and_create_return_txn,Empty-return cone and create 0 kg yarn_returned for latest issue order+article,true,true,
751,69d8fee3edc59d9ec106d4a4,ORD-000024,69d8fee3edc59d9ec106d4a6,issued,ORD-000024,69d883c5edc59d9ec1045ffa,69e201e2514236271de91053,would_close_cone_and_create_return_txn,Empty-return cone and create 0 kg yarn_returned for latest issue order+article,true,true,
752,69d9ea81edc59d9ec109de95,ORD-000030,69d9ea81edc59d9ec109dea9,issued,ORD-000022,69d4acca2614366a5d8b8aca,69da023cedc59d9ec10a256f,would_close_cone_and_create_return_txn,Empty-return cone and create 0 kg yarn_returned for latest issue order+article,true,true,
753,69d9ea81edc59d9ec109de97,ORD-000041,69d9ea81edc59d9ec109deab,issued,ORD-000022,69d4acca2614366a5d8b8aca,69da0244edc59d9ec10a2588,would_close_cone_and_create_return_txn,Empty-return cone and create 0 kg yarn_returned for latest issue order+article,true,true,
754,69d9ea81edc59d9ec109de98,ORD-000024,69d9ea81edc59d9ec109deac,issued,ORD-000024,69d883c5edc59d9ec1045ffe,69e0d2a80b3c5500e1f3aea7,would_close_cone_and_create_return_txn,Empty-return cone and create 0 kg yarn_returned for latest issue order+article,true,true,
755,69d9ea81edc59d9ec109de99,ORD-000080,69d9ea81edc59d9ec109dead,not_issued,,,,skip_not_issued,issueStatus is 'not_issued' (only currently issued cones are empty-returned),false,false,
756,69d9ea81edc59d9ec109de9a,ORD-000024,69d9ea81edc59d9ec109deae,issued,ORD-000024,69d883c5edc59d9ec1045ffe,69e0d29a0b3c5500e1f3ae8e,would_close_cone_and_create_return_txn,Empty-return cone and create 0 kg yarn_returned for latest issue order+article,true,true,
757,69d9ea81edc59d9ec109de9d,ORD-000085,69d9ea81edc59d9ec109deb1,issued,ORD-000030,69e08b3900ca64e3cf5969ff,69e366444dfe50532a0c03d5,would_close_cone_and_create_return_txn,Empty-return cone and create 0 kg yarn_returned for latest issue order+article,true,true,
758,69d9ea81edc59d9ec109de9e,ORD-000030,69d9ea81edc59d9ec109deb2,not_issued,,,,skip_not_issued,issueStatus is 'not_issued' (only currently issued cones are empty-returned),false,false,
759,69d9ea81edc59d9ec109dea1,ORD-000080,69d9ea81edc59d9ec109deb5,issued,ORD-000024,69d883c5edc59d9ec1045ffa,69e2036e514236271de917af,would_close_cone_and_create_return_txn,Empty-return cone and create 0 kg yarn_returned for latest issue order+article,true,true,
760,69da034fedc59d9ec10a2d9b,ORD-000083,69da034fedc59d9ec10a2da7,issued,ORD-000038,69eb183d86f7ddd153e58ab3,69eb31db86f7ddd153e799c1,would_close_cone_and_create_return_txn,Empty-return cone and create 0 kg yarn_returned for latest issue order+article,true,true,
761,69da034fedc59d9ec10a2d9c,ORD-000068,69da034fedc59d9ec10a2da8,issued,ORD-000036,69e88468733c29bce005beda,69e99c58733c29bce00beaa1,would_close_cone_and_create_return_txn,Empty-return cone and create 0 kg yarn_returned for latest issue order+article,true,true,
762,69da034fedc59d9ec10a2d9e,ORD-000083,69da034fedc59d9ec10a2daa,not_issued,,,,skip_not_issued,issueStatus is 'not_issued' (only currently issued cones are empty-returned),false,false,
763,69da034fedc59d9ec10a2da2,ORD-000094,69da034fedc59d9ec10a2dae,issued,ORD-000024,69d883c5edc59d9ec1045fea,69dcbb4aa19ee8d30f4ab411,would_close_cone_and_create_return_txn,Empty-return cone and create 0 kg yarn_returned for latest issue order+article,true,true,
764,69da0b58edc59d9ec10a7606,ORD-000078,69da0b58edc59d9ec10a761e,not_issued,,,,skip_not_issued,issueStatus is 'not_issued' (only currently issued cones are empty-returned),false,false,
765,69da0c03edc59d9ec10a7915,ORD-000067,69da0c03edc59d9ec10a7920,not_issued,,,,skip_not_issued,issueStatus is 'not_issued' (only currently issued cones are empty-returned),false,false,
766,69da0c03edc59d9ec10a7917,ORD-000024,69da0c03edc59d9ec10a7922,issued,ORD-000024,69d883c5edc59d9ec1045ffe,69e0d3150b3c5500e1f3c5cc,would_close_cone_and_create_return_txn,Empty-return cone and create 0 kg yarn_returned for latest issue order+article,true,true,
767,69da0c03edc59d9ec10a791b,ORD-000084,69da0c03edc59d9ec10a7926,not_issued,,,,skip_not_issued,issueStatus is 'not_issued' (only currently issued cones are empty-returned),false,false,
768,69da0c03edc59d9ec10a791e,ORD-000022,69da0c03edc59d9ec10a7929,issued,ORD-000022,69d4acca2614366a5d8b8ac9,69da442dedc59d9ec10b841e,would_close_cone_and_create_return_txn,Empty-return cone and create 0 kg yarn_returned for latest issue order+article,true,true,
769,69da0c30edc59d9ec10a799e,ORD-000041,69da0c30edc59d9ec10a79b2,issued,ORD-000028,69ddee12007e05d7e740be17,69de399500ca64e3cf50e2f6,would_close_cone_and_create_return_txn,Empty-return cone and create 0 kg yarn_returned for latest issue order+article,true,true,
770,69da194cedc59d9ec10aad16,ORD-000024,69da194cedc59d9ec10aad28,issued,ORD-000024,69d883c5edc59d9ec1045fea,69dcba4ba19ee8d30f4aaf3a,would_close_cone_and_create_return_txn,Empty-return cone and create 0 kg yarn_returned for latest issue order+article,true,true,
771,69da1969edc59d9ec10aae5f,ORD-000025,69da1969edc59d9ec10aae73,issued,ORD-000025,69d88ec5edc59d9ec104b7c4,69dca678a19ee8d30f4a4c59,would_close_cone_and_create_return_txn,Empty-return cone and create 0 kg yarn_returned for latest issue order+article,true,true,
772,69da1969edc59d9ec10aae6a,ORD-000025,69da1969edc59d9ec10aae7e,issued,ORD-000025,69d88ec5edc59d9ec104b7b9,69ddd166007e05d7e7401ddf,would_close_cone_and_create_return_txn,Empty-return cone and create 0 kg yarn_returned for latest issue order+article,true,true,
773,69dc78dfd0bd6cbf13e4af6e,ORD-000085,69dc78dfd0bd6cbf13e4af89,not_issued,,,,skip_not_issued,issueStatus is 'not_issued' (only currently issued cones are empty-returned),false,false,
774,69dc78dfd0bd6cbf13e4af75,ORD-000024,69dc78dfd0bd6cbf13e4af90,issued,ORD-000024,69d883c5edc59d9ec1045ffd,69dde34d007e05d7e7405dcf,would_close_cone_and_create_return_txn,Empty-return cone and create 0 kg yarn_returned for latest issue order+article,true,true,
775,69dc78dfd0bd6cbf13e4af78,ORD-000085,69dc78dfd0bd6cbf13e4af93,not_issued,,,,skip_not_issued,issueStatus is 'not_issued' (only currently issued cones are empty-returned),false,false,
776,69dc78dfd0bd6cbf13e4af7f,ORD-000085,69dc78dfd0bd6cbf13e4af9a,not_issued,,,,skip_not_issued,issueStatus is 'not_issued' (only currently issued cones are empty-returned),false,false,
777,69dc7993d0bd6cbf13e4b77c,ORD-000025,69dc7993d0bd6cbf13e4b792,issued,ORD-000025,69d88ec5edc59d9ec104b7c4,69dca58aa19ee8d30f4a4771,would_close_cone_and_create_return_txn,Empty-return cone and create 0 kg yarn_returned for latest issue order+article,true,true,
778,69dc8f32a19ee8d30f4a05a3,ORD-000061,69dc8f32a19ee8d30f4a05c5,issued,ORD-000024,69d883c5edc59d9ec1045fea,69dcbdd8a19ee8d30f4abb05,would_close_cone_and_create_return_txn,Empty-return cone and create 0 kg yarn_returned for latest issue order+article,true,true,
779,69dc8f32a19ee8d30f4a05a4,ORD-000025,69dc8f32a19ee8d30f4a05c6,issued,ORD-000025,69d88ec5edc59d9ec104b7c3,69dcad94a19ee8d30f4a7496,would_close_cone_and_create_return_txn,Empty-return cone and create 0 kg yarn_returned for latest issue order+article,true,true,
780,69dc8f32a19ee8d30f4a05b7,ORD-000024,69dc8f32a19ee8d30f4a05d9,issued,ORD-000024,69d883c5edc59d9ec1045fea,69dcbdbba19ee8d30f4aba20,would_close_cone_and_create_return_txn,Empty-return cone and create 0 kg yarn_returned for latest issue order+article,true,true,
781,69dc8f32a19ee8d30f4a05b8,ORD-000025,69dc8f32a19ee8d30f4a05da,issued,ORD-000025,69d88ec5edc59d9ec104b7c3,69dcad8ca19ee8d30f4a747a,would_close_cone_and_create_return_txn,Empty-return cone and create 0 kg yarn_returned for latest issue order+article,true,true,
782,69dc8f32a19ee8d30f4a05b9,ORD-000079,69dc8f32a19ee8d30f4a05db,issued,ORD-000024,69d883c5edc59d9ec1045fea,69dcbdaaa19ee8d30f4ab9a8,would_close_cone_and_create_return_txn,Empty-return cone and create 0 kg yarn_returned for latest issue order+article,true,true,
783,69dc8f32a19ee8d30f4a05ba,ORD-000025,69dc8f32a19ee8d30f4a05dc,issued,ORD-000025,69d88ec5edc59d9ec104b7c3,69dcad83a19ee8d30f4a7456,would_close_cone_and_create_return_txn,Empty-return cone and create 0 kg yarn_returned for latest issue order+article,true,true,
784,69dc8f32a19ee8d30f4a05c2,ORD-000061,69dc8f32a19ee8d30f4a05e4,issued,ORD-000024,69d883c5edc59d9ec1045fea,69dcbdcca19ee8d30f4aba66,would_close_cone_and_create_return_txn,Empty-return cone and create 0 kg yarn_returned for latest issue order+article,true,true,
785,69dc8f71a19ee8d30f4a06cd,ORD-000077,69dc8f71a19ee8d30f4a06e5,issued,ORD-000030,69e08b3900ca64e3cf596a07,69e9b365733c29bce00f9f69,would_close_cone_and_create_return_txn,Empty-return cone and create 0 kg yarn_returned for latest issue order+article,true,true,
786,69dc8f71a19ee8d30f4a06ce,ORD-000025,69dc8f71a19ee8d30f4a06e6,issued,ORD-000025,69d88ec5edc59d9ec104b7c4,69dca813a19ee8d30f4a57e5,would_close_cone_and_create_return_txn,Empty-return cone and create 0 kg yarn_returned for latest issue order+article,true,true,
787,69dc8f71a19ee8d30f4a06d6,ORD-000080,69dc8f71a19ee8d30f4a06ee,issued,ORD-000035,69e869ee795e8688eebdc9c9,69e89834733c29bce00860cd,would_close_cone_and_create_return_txn,Empty-return cone and create 0 kg yarn_returned for latest issue order+article,true,true,
788,69dcaedea19ee8d30f4a7a24,ORD-000013,69dcaedea19ee8d30f4a7a25,issued,ORD-000013,69ca497e0ab7021c82e521f1,69df2d8000ca64e3cf529591,would_close_cone_and_create_return_txn,Empty-return cone and create 0 kg yarn_returned for latest issue order+article,true,true,
789,69dcaf7ba19ee8d30f4a81f4,ORD-000082,69dcaf7ba19ee8d30f4a81f5,not_issued,,,,skip_not_issued,issueStatus is 'not_issued' (only currently issued cones are empty-returned),false,false,
790,69dcbd03a19ee8d30f4ab718,ORD-000079,69dcbd03a19ee8d30f4ab731,issued,ORD-000030,69e08b3900ca64e3cf596a07,69e1f8d1610f982578add9a3,would_close_cone_and_create_return_txn,Empty-return cone and create 0 kg yarn_returned for latest issue order+article,true,true,
791,69dcbd03a19ee8d30f4ab71b,ORD-000077,69dcbd03a19ee8d30f4ab734,issued,ORD-000030,69e08b3900ca64e3cf596a09,69e738baf0694e7c1e236bc7,would_close_cone_and_create_return_txn,Empty-return cone and create 0 kg yarn_returned for latest issue order+article,true,true,
792,69dccee3a19ee8d30f4ae8b0,ORD-000079,69dccee3a19ee8d30f4ae8bc,issued,ORD-000024,69d883c5edc59d9ec1046004,69de0530007e05d7e7414b2e,would_close_cone_and_create_return_txn,Empty-return cone and create 0 kg yarn_returned for latest issue order+article,true,true,
793,69dccee3a19ee8d30f4ae8b1,ORD-000029,69dccee3a19ee8d30f4ae8bd,issued,ORD-000029,69df238300ca64e3cf525543,69e24ecb34696b42ea7548a1,would_close_cone_and_create_return_txn,Empty-return cone and create 0 kg yarn_returned for latest issue order+article,true,true,
794,69dccee3a19ee8d30f4ae8b6,ORD-000029,69dccee3a19ee8d30f4ae8c2,issued,ORD-000029,69df238300ca64e3cf525543,69e24e5434696b42ea754877,would_close_cone_and_create_return_txn,Empty-return cone and create 0 kg yarn_returned for latest issue order+article,true,true,
795,69dccee3a19ee8d30f4ae8b7,ORD-000073,69dccee3a19ee8d30f4ae8c3,issued,ORD-000024,69d883c5edc59d9ec1046004,69de0537007e05d7e7414b47,would_close_cone_and_create_return_txn,Empty-return cone and create 0 kg yarn_returned for latest issue order+article,true,true,
796,69dccf3da19ee8d30f4ae9d2,ORD-000029,69dccf3da19ee8d30f4ae9e1,issued,ORD-000029,69de2b3d007e05d7e741f3ed,69de360700ca64e3cf50d99f,would_close_cone_and_create_return_txn,Empty-return cone and create 0 kg yarn_returned for latest issue order+article,true,true,
797,69dccf3da19ee8d30f4ae9d6,ORD-000042,69dccf3da19ee8d30f4ae9e5,issued,ORD-000038,69eb183d86f7ddd153e58ab4,69eb34bc86f7ddd153e82460,would_close_cone_and_create_return_txn,Empty-return cone and create 0 kg yarn_returned for latest issue order+article,true,true,
798,69dccf3da19ee8d30f4ae9d7,ORD-000027,69dccf3da19ee8d30f4ae9e6,issued,ORD-000027,69dc9fd1a19ee8d30f4a3a7f,69df610100ca64e3cf530899,would_close_cone_and_create_return_txn,Empty-return cone and create 0 kg yarn_returned for latest issue order+article,true,true,
799,69dccf3da19ee8d30f4ae9d9,ORD-000028,69dccf3da19ee8d30f4ae9e8,issued,ORD-000028,69ddee12007e05d7e740bdfa,69de15d1007e05d7e741b186,would_close_cone_only,yarn_returned already exists for this issue order+article; close cone only,true,false,
800,69dccf3da19ee8d30f4ae9de,ORD-000027,69dccf3da19ee8d30f4ae9ed,issued,ORD-000027,69dc9fd1a19ee8d30f4a3a92,69df784300ca64e3cf5387f6,would_close_cone_and_create_return_txn,Empty-return cone and create 0 kg yarn_returned for latest issue order+article,true,true,
801,69dccf3da19ee8d30f4ae9df,ORD-000027,69dccf3da19ee8d30f4ae9ee,issued,ORD-000027,69dc9fd1a19ee8d30f4a3a92,69df783c00ca64e3cf5387d8,would_close_cone_and_create_return_txn,Empty-return cone and create 0 kg yarn_returned for latest issue order+article,true,true,
802,69ddb364007e05d7e73ec63b,ORD-000048,69ddb364007e05d7e73ec653,issued,ORD-000024,69d883c5edc59d9ec1046004,69de0341007e05d7e7413b70,would_close_cone_and_create_return_txn,Empty-return cone and create 0 kg yarn_returned for latest issue order+article,true,true,
803,69ddb364007e05d7e73ec640,ORD-000064,69ddb364007e05d7e73ec658,issued,ORD-000024,69d883c5edc59d9ec1046004,69de035a007e05d7e7413c1c,would_close_cone_and_create_return_txn,Empty-return cone and create 0 kg yarn_returned for latest issue order+article,true,true,
804,69ddb364007e05d7e73ec644,ORD-000024,69ddb364007e05d7e73ec65c,issued,ORD-000024,69d883c5edc59d9ec1046004,69de034b007e05d7e7413bbf,would_close_cone_and_create_return_txn,Empty-return cone and create 0 kg yarn_returned for latest issue order+article,true,true,
805,69ddb364007e05d7e73ec647,ORD-000048,69ddb364007e05d7e73ec65f,issued,ORD-000024,69d883c5edc59d9ec1046004,69de0321007e05d7e7413ad2,would_close_cone_and_create_return_txn,Empty-return cone and create 0 kg yarn_returned for latest issue order+article,true,true,
806,69ddb364007e05d7e73ec649,ORD-000091,69ddb364007e05d7e73ec661,issued,ORD-000024,69d883c5edc59d9ec1046004,69de0334007e05d7e7413b29,would_close_cone_and_create_return_txn,Empty-return cone and create 0 kg yarn_returned for latest issue order+article,true,true,
807,69ddb364007e05d7e73ec64c,ORD-000077,69ddb364007e05d7e73ec664,issued,ORD-000024,69d883c5edc59d9ec1046004,69de032b007e05d7e7413b0b,would_close_cone_and_create_return_txn,Empty-return cone and create 0 kg yarn_returned for latest issue order+article,true,true,
808,69ddb364007e05d7e73ec64f,ORD-000072,69ddb364007e05d7e73ec667,not_issued,,,,skip_not_issued,issueStatus is 'not_issued' (only currently issued cones are empty-returned),false,false,
809,69ddb364007e05d7e73ec652,ORD-000024,69ddb364007e05d7e73ec66a,issued,ORD-000024,69d883c5edc59d9ec1046004,69de0315007e05d7e7413a1e,would_close_cone_and_create_return_txn,Empty-return cone and create 0 kg yarn_returned for latest issue order+article,true,true,
810,69ddb3ba007e05d7e73ec712,ORD-000028,69ddb3ba007e05d7e73ec72a,not_issued,,,,skip_not_issued,issueStatus is 'not_issued' (only currently issued cones are empty-returned),false,false,
811,69ddb3ba007e05d7e73ec722,ORD-000073,69ddb3ba007e05d7e73ec73a,not_issued,,,,skip_not_issued,issueStatus is 'not_issued' (only currently issued cones are empty-returned),false,false,
812,69ddb42d007e05d7e73ec8f3,ORD-000070,69ddb42d007e05d7e73ec90b,not_issued,,,,skip_not_issued,issueStatus is 'not_issued' (only currently issued cones are empty-returned),false,false,
813,69ddb42d007e05d7e73ec8fa,ORD-000024,69ddb42d007e05d7e73ec912,issued,ORD-000024,69d883c5edc59d9ec1045ffa,69e2023d514236271de9120c,would_close_cone_and_create_return_txn,Empty-return cone and create 0 kg yarn_returned for latest issue order+article,true,true,
814,69ddb42d007e05d7e73ec8fb,ORD-000082,69ddb42d007e05d7e73ec913,issued,ORD-000028,69ddee12007e05d7e740be0a,69eaf6fc86f7ddd153e0afc8,would_close_cone_and_create_return_txn,Empty-return cone and create 0 kg yarn_returned for latest issue order+article,true,true,
815,69ddcd3b007e05d7e7400d03,ORD-000036,69ddcd3b007e05d7e7400d2b,issued,ORD-000036,69e88468733c29bce005bed7,69ebdfb486f7ddd153ebae38,would_close_cone_and_create_return_txn,Empty-return cone and create 0 kg yarn_returned for latest issue order+article,true,true,
816,69ddce11007e05d7e7401112,ORD-000023,69ddce11007e05d7e740113a,issued,ORD-000023,69d7513eedc59d9ec1012dfa,69df2fa500ca64e3cf52990c,would_close_cone_and_create_return_txn,Empty-return cone and create 0 kg yarn_returned for latest issue order+article,true,true,
817,69ddce11007e05d7e7401114,ORD-000023,69ddce11007e05d7e740113c,issued,ORD-000023,69d7513eedc59d9ec1012dfa,69df2fb600ca64e3cf529942,would_close_cone_and_create_return_txn,Empty-return cone and create 0 kg yarn_returned for latest issue order+article,true,true,
818,69ddce11007e05d7e7401115,ORD-000023,69ddce11007e05d7e740113d,issued,ORD-000023,69d7513eedc59d9ec1012dfa,69df281400ca64e3cf5268b0,would_close_cone_and_create_return_txn,Empty-return cone and create 0 kg yarn_returned for latest issue order+article,true,true,
819,69ddce11007e05d7e740111a,ORD-000023,69ddce11007e05d7e7401142,issued,ORD-000023,69d7513eedc59d9ec1012dfa,69df2fb000ca64e3cf529927,would_close_cone_and_create_return_txn,Empty-return cone and create 0 kg yarn_returned for latest issue order+article,true,true,
820,69ddce11007e05d7e740111b,ORD-000023,69ddce11007e05d7e7401143,issued,ORD-000023,69d7513eedc59d9ec1012dfa,69df2f9a00ca64e3cf5298f1,would_close_cone_and_create_return_txn,Empty-return cone and create 0 kg yarn_returned for latest issue order+article,true,true,
821,69ddce11007e05d7e740111e,ORD-000023,69ddce11007e05d7e7401146,issued,ORD-000023,69d7513eedc59d9ec1012dfa,69e0770700ca64e3cf592949,would_close_cone_and_create_return_txn,Empty-return cone and create 0 kg yarn_returned for latest issue order+article,true,true,
822,69ddce11007e05d7e740111f,ORD-000023,69ddce11007e05d7e7401147,issued,ORD-000023,69d7513eedc59d9ec1012dfa,69df2fbb00ca64e3cf52995d,would_close_cone_and_create_return_txn,Empty-return cone and create 0 kg yarn_returned for latest issue order+article,true,true,
823,69ddce11007e05d7e7401121,ORD-000023,69ddce11007e05d7e7401149,issued,ORD-000023,69d7513eedc59d9ec1012dfa,69de041a007e05d7e7413dd3,would_close_cone_and_create_return_txn,Empty-return cone and create 0 kg yarn_returned for latest issue order+article,true,true,
824,69ddce11007e05d7e7401123,ORD-000023,69ddce11007e05d7e740114b,issued,ORD-000023,69d7513eedc59d9ec1012dfa,69e0771a00ca64e3cf592998,would_close_cone_and_create_return_txn,Empty-return cone and create 0 kg yarn_returned for latest issue order+article,true,true,
825,69ddce11007e05d7e7401125,ORD-000023,69ddce11007e05d7e740114d,issued,ORD-000023,69d7513eedc59d9ec1012dfa,69e0771000ca64e3cf592964,would_close_cone_and_create_return_txn,Empty-return cone and create 0 kg yarn_returned for latest issue order+article,true,true,
826,69ddce11007e05d7e7401126,ORD-000023,69ddce11007e05d7e740114e,issued,ORD-000023,69d7513eedc59d9ec1012dfa,69e1bc8b0b3c5500e1fe027b,would_close_cone_and_create_return_txn,Empty-return cone and create 0 kg yarn_returned for latest issue order+article,true,true,
827,69ddce11007e05d7e740112e,ORD-000023,69ddce11007e05d7e7401156,issued,ORD-000023,69d7513eedc59d9ec1012dfa,69e1bc700b3c5500e1fe0175,would_close_cone_and_create_return_txn,Empty-return cone and create 0 kg yarn_returned for latest issue order+article,true,true,
828,69ddce11007e05d7e740112f,ORD-000023,69ddce11007e05d7e7401157,issued,ORD-000023,69d7513eedc59d9ec1012dfa,69e1bc630b3c5500e1fe012d,would_close_cone_and_create_return_txn,Empty-return cone and create 0 kg yarn_returned for latest issue order+article,true,true,
829,69ddce11007e05d7e7401133,ORD-000023,69ddce11007e05d7e740115b,issued,ORD-000023,69d7513eedc59d9ec1012dfa,69e1bc530b3c5500e1fe00f9,would_close_cone_and_create_return_txn,Empty-return cone and create 0 kg yarn_returned for latest issue order+article,true,true,
830,69dde114007e05d7e7404f96,ORD-000024,69dde114007e05d7e7404fb6,issued,ORD-000024,69d883c5edc59d9ec1045ffe,69e0d2f80b3c5500e1f3aef6,would_close_cone_and_create_return_txn,Empty-return cone and create 0 kg yarn_returned for latest issue order+article,true,true,
831,69dde114007e05d7e7404f97,ORD-000072,69dde114007e05d7e7404fb7,issued,ORD-000010,69c4fbfd0e0b0fee62daa2b1,69e1aad50b3c5500e1fd52e8,would_close_cone_and_create_return_txn,Empty-return cone and create 0 kg yarn_returned for latest issue order+article,true,true,
832,69dde2ac007e05d7e7405a98,ORD-000087,69dde2ac007e05d7e7405ac0,issued,ORD-000027,69dc9fd1a19ee8d30f4a3a8f,69de0b0d007e05d7e74161fc,would_close_cone_and_create_return_txn,Empty-return cone and create 0 kg yarn_returned for latest issue order+article,true,true,
833,69de070d007e05d7e7415a20,ORD-000028,69de070d007e05d7e7415a34,issued,ORD-000028,69ddee12007e05d7e740be17,69de39e400ca64e3cf50e46b,would_close_cone_and_create_return_txn,Empty-return cone and create 0 kg yarn_returned for latest issue order+article,true,true,
834,69de070d007e05d7e7415a2f,ORD-000027,69de070d007e05d7e7415a43,issued,ORD-000027,69dc9fd1a19ee8d30f4a3a7f,69df612800ca64e3cf530917,would_close_cone_and_create_return_txn,Empty-return cone and create 0 kg yarn_returned for latest issue order+article,true,true,
835,69de0d35007e05d7e7417083,ORD-000024,69de0d35007e05d7e74170ab,issued,ORD-000024,69d883c5edc59d9ec1045ffe,69e0d1740b3c5500e1f3adad,would_close_cone_and_create_return_txn,Empty-return cone and create 0 kg yarn_returned for latest issue order+article,true,true,
836,69de0d35007e05d7e7417087,ORD-000024,69de0d35007e05d7e74170af,issued,ORD-000024,69d883c5edc59d9ec1045ffe,69e0d16d0b3c5500e1f3ad92,would_close_cone_and_create_return_txn,Empty-return cone and create 0 kg yarn_returned for latest issue order+article,true,true,
837,69de0d35007e05d7e741708b,ORD-000024,69de0d35007e05d7e74170b3,issued,ORD-000024,69d883c5edc59d9ec1045ffe,69e0d1530b3c5500e1f3acac,would_close_cone_and_create_return_txn,Empty-return cone and create 0 kg yarn_returned for latest issue order+article,true,true,
838,69de0d35007e05d7e741708d,ORD-000024,69de0d35007e05d7e74170b5,issued,ORD-000024,69d883c5edc59d9ec1045ffe,69e0d14b0b3c5500e1f3ac8e,would_close_cone_and_create_return_txn,Empty-return cone and create 0 kg yarn_returned for latest issue order+article,true,true,
839,69de0d35007e05d7e7417090,ORD-000024,69de0d35007e05d7e74170b8,issued,ORD-000024,69d883c5edc59d9ec1045ffe,69e0d15b0b3c5500e1f3ad5c,would_close_cone_and_create_return_txn,Empty-return cone and create 0 kg yarn_returned for latest issue order+article,true,true,
840,69de0d35007e05d7e741709f,ORD-000028,69de0d35007e05d7e74170c7,issued,ORD-000028,69ddee12007e05d7e740be17,69e0777a00ca64e3cf592aad,would_close_cone_and_create_return_txn,Empty-return cone and create 0 kg yarn_returned for latest issue order+article,true,true,
841,69de0d35007e05d7e74170a4,ORD-000028,69de0d35007e05d7e74170cc,issued,ORD-000028,69ddee12007e05d7e740be00,69e0d55d0b3c5500e1f3c936,would_close_cone_and_create_return_txn,Empty-return cone and create 0 kg yarn_returned for latest issue order+article,true,true,
842,69de0d35007e05d7e74170a9,ORD-000024,69de0d35007e05d7e74170d1,issued,ORD-000024,69d883c5edc59d9ec1045ffe,69e0d1640b3c5500e1f3ad77,would_close_cone_and_create_return_txn,Empty-return cone and create 0 kg yarn_returned for latest issue order+article,true,true,
843,69de0d81007e05d7e741746f,ORD-000050,69de0d81007e05d7e7417490,not_issued,,,,skip_not_issued,issueStatus is 'not_issued' (only currently issued cones are empty-returned),false,false,
844,69de0d81007e05d7e7417472,ORD-000077,69de0d81007e05d7e7417493,not_issued,,,,skip_not_issued,issueStatus is 'not_issued' (only currently issued cones are empty-returned),false,false,
845,69de0d81007e05d7e7417473,ORD-000026,69de0d81007e05d7e7417494,issued,ORD-000026,69dc7c3dd0bd6cbf13e4d511,69df1f3b00ca64e3cf524cf2,would_close_cone_and_create_return_txn,Empty-return cone and create 0 kg yarn_returned for latest issue order+article,true,true,
846,69de0e01007e05d7e7417799,ORD-000087,69de0e01007e05d7e74177a6,not_issued,,,,skip_not_issued,issueStatus is 'not_issued' (only currently issued cones are empty-returned),false,false,
847,69de0e65007e05d7e7417a51,ORD-000087,69de0e65007e05d7e7417a69,not_issued,,,,skip_not_issued,issueStatus is 'not_issued' (only currently issued cones are empty-returned),false,false,
848,69de0e65007e05d7e7417a56,ORD-000087,69de0e65007e05d7e7417a6e,not_issued,,,,skip_not_issued,issueStatus is 'not_issued' (only currently issued cones are empty-returned),false,false,
849,69de0e65007e05d7e7417a5b,ORD-000087,69de0e65007e05d7e7417a73,not_issued,,,,skip_not_issued,issueStatus is 'not_issued' (only currently issued cones are empty-returned),false,false,
850,69df557000ca64e3cf52db0d,ORD-000023,69df557000ca64e3cf52db22,issued,ORD-000023,69d7513eedc59d9ec1012dfa,69e1bc010b3c5500e1fdfdfb,would_close_cone_and_create_return_txn,Empty-return cone and create 0 kg yarn_returned for latest issue order+article,true,true,
851,69df6f9400ca64e3cf535bc0,ORD-000042,69df6f9400ca64e3cf535be1,issued,ORD-000028,69ddee12007e05d7e740be16,69e9a495733c29bce00d955c,would_close_cone_and_create_return_txn,Empty-return cone and create 0 kg yarn_returned for latest issue order+article,true,true,
852,69df700900ca64e3cf535d28,ORD-000080,69df700900ca64e3cf535d49,issued,ORD-000036,69e88468733c29bce005beda,69e99df0733c29bce00c098d,would_close_cone_and_create_return_txn,Empty-return cone and create 0 kg yarn_returned for latest issue order+article,true,true,
853,69df700900ca64e3cf535d29,ORD-000038,69df700900ca64e3cf535d4a,issued,ORD-000038,69eb183d86f7ddd153e58ab4,69eb33f086f7ddd153e80e6c,would_close_cone_and_create_return_txn,Empty-return cone and create 0 kg yarn_returned for latest issue order+article,true,true,
854,69df700900ca64e3cf535d2a,ORD-000017,69df700900ca64e3cf535d4b,issued,ORD-000017,69ce234fff9f99209b6d0efc,69e11ef90b3c5500e1f73aed,would_close_cone_and_create_return_txn,Empty-return cone and create 0 kg yarn_returned for latest issue order+article,true,true,
855,69df727300ca64e3cf536a15,ORD-000081,69df727300ca64e3cf536a22,issued,ORD-000027,69dc9fd1a19ee8d30f4a3a92,69df77cc00ca64e3cf53849f,would_close_cone_and_create_return_txn,Empty-return cone and create 0 kg yarn_returned for latest issue order+article,true,true,
856,69df727300ca64e3cf536a16,ORD-000077,69df727300ca64e3cf536a23,issued,ORD-000024,69d883c5edc59d9ec1046004,69dfafbf00ca64e3cf54686a,would_close_cone_and_create_return_txn,Empty-return cone and create 0 kg yarn_returned for latest issue order+article,true,true,
857,69df727300ca64e3cf536a18,ORD-000027,69df727300ca64e3cf536a25,issued,ORD-000027,69dc9fd1a19ee8d30f4a3a92,69df77da00ca64e3cf53860f,would_close_cone_and_create_return_txn,Empty-return cone and create 0 kg yarn_returned for latest issue order+article,true,true,
858,69df727300ca64e3cf536a19,ORD-000080,69df727300ca64e3cf536a26,issued,ORD-000024,69d883c5edc59d9ec1046004,69df90a400ca64e3cf53f5eb,would_close_cone_and_create_return_txn,Empty-return cone and create 0 kg yarn_returned for latest issue order+article,true,true,
859,69df727300ca64e3cf536a1c,ORD-000024,69df727300ca64e3cf536a29,issued,ORD-000024,69d883c5edc59d9ec1046004,69dfafcb00ca64e3cf5468ba,would_close_cone_and_create_return_txn,Empty-return cone and create 0 kg yarn_returned for latest issue order+article,true,true,
860,69df727300ca64e3cf536a1d,ORD-000083,69df727300ca64e3cf536a2a,issued,ORD-000038,69eb183d86f7ddd153e58ab4,69ec605c86f7ddd153ed190c,would_close_cone_and_create_return_txn,Empty-return cone and create 0 kg yarn_returned for latest issue order+article,true,true,
861,69df727300ca64e3cf536a1e,ORD-000013,69df727300ca64e3cf536a2b,issued,ORD-000013,69ca497e0ab7021c82e521ef,69e320ba34696b42ea7b780b,would_close_cone_and_create_return_txn,Empty-return cone and create 0 kg yarn_returned for latest issue order+article,true,true,
862,69e0647c00ca64e3cf58e44d,ORD-000035,69e0647c00ca64e3cf58e471,issued,ORD-000035,69e869ee795e8688eebdc9c9,69e8985d733c29bce008616a,would_close_cone_and_create_return_txn,Empty-return cone and create 0 kg yarn_returned for latest issue order+article,true,true,
863,69e0647c00ca64e3cf58e466,ORD-000085,69e0647c00ca64e3cf58e48a,issued,ORD-000027,69dc9fd1a19ee8d30f4a3a7d,69e0a26900ca64e3cf59cc5f,would_close_cone_and_create_return_txn,Empty-return cone and create 0 kg yarn_returned for latest issue order+article,true,true,
864,69e0647c00ca64e3cf58e46b,ORD-000030,69e0647c00ca64e3cf58e48f,issued,ORD-000030,69e08b3900ca64e3cf596a07,69e1fadc610f982578ade8d0,would_close_cone_and_create_return_txn,Empty-return cone and create 0 kg yarn_returned for latest issue order+article,true,true,
865,69e064d600ca64e3cf58e703,ORD-000079,69e064d600ca64e3cf58e715,issued,ORD-000033,69e5f8144dfe50532a16f713,69eaf35c86f7ddd153dfed4e,would_close_cone_and_create_return_txn,Empty-return cone and create 0 kg yarn_returned for latest issue order+article,true,true,
866,69e064d600ca64e3cf58e706,ORD-000036,69e064d600ca64e3cf58e718,issued,ORD-000036,69e88468733c29bce005bed6,69eb0d4c86f7ddd153e47d2f,would_close_cone_and_create_return_txn,Empty-return cone and create 0 kg yarn_returned for latest issue order+article,true,true,
867,69e0651a00ca64e3cf58e90a,ORD-000032,69e0651a00ca64e3cf58e92d,issued,ORD-000032,69e367404dfe50532a0c07dd,69e867d5795e8688eebdc1e4,would_close_cone_and_create_return_txn,Empty-return cone and create 0 kg yarn_returned for latest issue order+article,true,true,
868,69e0651a00ca64e3cf58e90c,ORD-000024,69e0651a00ca64e3cf58e92f,issued,ORD-000024,69d883c5edc59d9ec1046003,69e0f1ef0b3c5500e1f4f884,would_close_cone_and_create_return_txn,Empty-return cone and create 0 kg yarn_returned for latest issue order+article,true,true,
869,69e0651a00ca64e3cf58e90d,ORD-000062,69e0651a00ca64e3cf58e930,issued,ORD-000024,69d883c5edc59d9ec1045ffa,69e202cc514236271de91573,would_close_cone_and_create_return_txn,Empty-return cone and create 0 kg yarn_returned for latest issue order+article,true,true,
870,69e0651a00ca64e3cf58e918,ORD-000005,69e0651a00ca64e3cf58e93b,issued,ORD-000005,69be27fc22f72a9b530dddb6,69e5ecef4dfe50532a16c14b,would_close_cone_and_create_return_txn,Empty-return cone and create 0 kg yarn_returned for latest issue order+article,true,true,
871,69e0651a00ca64e3cf58e919,ORD-000067,69e0651a00ca64e3cf58e93c,issued,ORD-000036,69e88468733c29bce005bed6,69eb0d0386f7ddd153e47b17,would_close_cone_and_create_return_txn,Empty-return cone and create 0 kg yarn_returned for latest issue order+article,true,true,
872,69e0651a00ca64e3cf58e91e,ORD-000036,69e0651a00ca64e3cf58e941,issued,ORD-000036,69e88468733c29bce005bed7,69ebe01e86f7ddd153ebaebd,would_close_cone_and_create_return_txn,Empty-return cone and create 0 kg yarn_returned for latest issue order+article,true,true,
873,69e065f800ca64e3cf58ecdf,ORD-000071,69e065f800ca64e3cf58ecf6,issued,ORD-000030,69e08b3900ca64e3cf596a05,69e1dd6ccb6ce8081f0ddbc5,would_close_cone_and_create_return_txn,Empty-return cone and create 0 kg yarn_returned for latest issue order+article,true,true,
874,69e065f800ca64e3cf58ece3,ORD-000071,69e065f800ca64e3cf58ecfa,issued,ORD-000030,69e08b3900ca64e3cf596a05,69e1dd81cb6ce8081f0ddc7c,would_close_cone_and_create_return_txn,Empty-return cone and create 0 kg yarn_returned for latest issue order+article,true,true,
875,69e065f800ca64e3cf58eceb,ORD-000071,69e065f800ca64e3cf58ed02,not_issued,,,,skip_not_issued,issueStatus is 'not_issued' (only currently issued cones are empty-returned),false,false,
876,69e066fa00ca64e3cf58f377,ORD-000061,69e066fa00ca64e3cf58f38c,not_issued,,,,skip_not_issued,issueStatus is 'not_issued' (only currently issued cones are empty-returned),false,false,
877,69e0670900ca64e3cf58f444,ORD-000036,69e0670900ca64e3cf58f459,issued,ORD-000036,69e88468733c29bce005bedb,69e99690733c29bce00aea4f,would_close_cone_and_create_return_txn,Empty-return cone and create 0 kg yarn_returned for latest issue order+article,true,true,
878,69e0685300ca64e3cf58f89f,ORD-000061,69e0685300ca64e3cf58f8b7,issued,ORD-000032,69e367404dfe50532a0c07d6,69e7455723c856872b4661c6,would_close_cone_and_create_return_txn,Empty-return cone and create 0 kg yarn_returned for latest issue order+article,true,true,
879,69e0685300ca64e3cf58f8a0,ORD-000048,69e0685300ca64e3cf58f8b8,issued,ORD-000027,69dc9fd1a19ee8d30f4a3a8b,69e5d4f64dfe50532a16539e,would_close_cone_and_create_return_txn,Empty-return cone and create 0 kg yarn_returned for latest issue order+article,true,true,
880,69e070e600ca64e3cf591c11,ORD-000089,69e070e600ca64e3cf591c35,not_issued,,,,skip_not_issued,issueStatus is 'not_issued' (only currently issued cones are empty-returned),false,false,
881,69e070e600ca64e3cf591c12,ORD-000089,69e070e600ca64e3cf591c36,not_issued,,,,skip_not_issued,issueStatus is 'not_issued' (only currently issued cones are empty-returned),false,false,
882,69e070e600ca64e3cf591c15,ORD-000089,69e070e600ca64e3cf591c39,not_issued,,,,skip_not_issued,issueStatus is 'not_issued' (only currently issued cones are empty-returned),false,false,
883,69e0713800ca64e3cf591dc6,ORD-000024,69e0713800ca64e3cf591dda,issued,ORD-000024,69d883c5edc59d9ec1045ffe,69e0d1930b3c5500e1f3adc8,would_close_cone_and_create_return_txn,Empty-return cone and create 0 kg yarn_returned for latest issue order+article,true,true,
884,69e071a000ca64e3cf592033,ORD-000083,69e071a000ca64e3cf59205b,not_issued,,,,skip_not_issued,issueStatus is 'not_issued' (only currently issued cones are empty-returned),false,false,
885,69e071a000ca64e3cf592034,ORD-000083,69e071a000ca64e3cf59205c,not_issued,,,,skip_not_issued,issueStatus is 'not_issued' (only currently issued cones are empty-returned),false,false,
886,69e071a000ca64e3cf592035,ORD-000083,69e071a000ca64e3cf59205d,not_issued,,,,skip_not_issued,issueStatus is 'not_issued' (only currently issued cones are empty-returned),false,false,
887,69e071a000ca64e3cf592036,ORD-000083,69e071a000ca64e3cf59205e,not_issued,,,,skip_not_issued,issueStatus is 'not_issued' (only currently issued cones are empty-returned),false,false,
888,69e071a000ca64e3cf592038,ORD-000083,69e071a000ca64e3cf592060,not_issued,,,,skip_not_issued,issueStatus is 'not_issued' (only currently issued cones are empty-returned),false,false,
889,69e071a000ca64e3cf59203a,ORD-000083,69e071a000ca64e3cf592062,not_issued,,,,skip_not_issued,issueStatus is 'not_issued' (only currently issued cones are empty-returned),false,false,
890,69e071a000ca64e3cf59203b,ORD-000083,69e071a000ca64e3cf592063,not_issued,,,,skip_not_issued,issueStatus is 'not_issued' (only currently issued cones are empty-returned),false,false,
891,69e071a000ca64e3cf59203c,ORD-000083,69e071a000ca64e3cf592064,not_issued,,,,skip_not_issued,issueStatus is 'not_issued' (only currently issued cones are empty-returned),false,false,
892,69e071a000ca64e3cf59203d,ORD-000083,69e071a000ca64e3cf592065,not_issued,,,,skip_not_issued,issueStatus is 'not_issued' (only currently issued cones are empty-returned),false,false,
893,69e071a000ca64e3cf592040,ORD-000083,69e071a000ca64e3cf592068,not_issued,,,,skip_not_issued,issueStatus is 'not_issued' (only currently issued cones are empty-returned),false,false,
894,69e071a000ca64e3cf592042,ORD-000083,69e071a000ca64e3cf59206a,not_issued,,,,skip_not_issued,issueStatus is 'not_issued' (only currently issued cones are empty-returned),false,false,
895,69e071a000ca64e3cf592043,ORD-000083,69e071a000ca64e3cf59206b,not_issued,,,,skip_not_issued,issueStatus is 'not_issued' (only currently issued cones are empty-returned),false,false,
896,69e071a000ca64e3cf592044,ORD-000083,69e071a000ca64e3cf59206c,not_issued,,,,skip_not_issued,issueStatus is 'not_issued' (only currently issued cones are empty-returned),false,false,
897,69e071a000ca64e3cf592045,ORD-000083,69e071a000ca64e3cf59206d,not_issued,,,,skip_not_issued,issueStatus is 'not_issued' (only currently issued cones are empty-returned),false,false,
898,69e071a000ca64e3cf592046,ORD-000083,69e071a000ca64e3cf59206e,not_issued,,,,skip_not_issued,issueStatus is 'not_issued' (only currently issued cones are empty-returned),false,false,
899,69e071a000ca64e3cf592047,ORD-000083,69e071a000ca64e3cf59206f,not_issued,,,,skip_not_issued,issueStatus is 'not_issued' (only currently issued cones are empty-returned),false,false,
900,69e071a000ca64e3cf592048,ORD-000083,69e071a000ca64e3cf592070,not_issued,,,,skip_not_issued,issueStatus is 'not_issued' (only currently issued cones are empty-returned),false,false,
901,69e071a000ca64e3cf59204a,ORD-000083,69e071a000ca64e3cf592072,not_issued,,,,skip_not_issued,issueStatus is 'not_issued' (only currently issued cones are empty-returned),false,false,
902,69e071a000ca64e3cf59204b,ORD-000083,69e071a000ca64e3cf592073,not_issued,,,,skip_not_issued,issueStatus is 'not_issued' (only currently issued cones are empty-returned),false,false,
903,69e071a000ca64e3cf59204c,ORD-000083,69e071a000ca64e3cf592074,not_issued,,,,skip_not_issued,issueStatus is 'not_issued' (only currently issued cones are empty-returned),false,false,
904,69e071a000ca64e3cf59204d,ORD-000083,69e071a000ca64e3cf592075,not_issued,,,,skip_not_issued,issueStatus is 'not_issued' (only currently issued cones are empty-returned),false,false,
905,69e071a000ca64e3cf59204e,ORD-000083,69e071a000ca64e3cf592076,not_issued,,,,skip_not_issued,issueStatus is 'not_issued' (only currently issued cones are empty-returned),false,false,
906,69e071a000ca64e3cf592051,ORD-000083,69e071a000ca64e3cf592079,not_issued,,,,skip_not_issued,issueStatus is 'not_issued' (only currently issued cones are empty-returned),false,false,
907,69e071a000ca64e3cf592053,ORD-000083,69e071a000ca64e3cf59207b,not_issued,,,,skip_not_issued,issueStatus is 'not_issued' (only currently issued cones are empty-returned),false,false,
908,69e071a000ca64e3cf592055,ORD-000083,69e071a000ca64e3cf59207d,not_issued,,,,skip_not_issued,issueStatus is 'not_issued' (only currently issued cones are empty-returned),false,false,
909,69e071a000ca64e3cf592057,ORD-000083,69e071a000ca64e3cf59207f,not_issued,,,,skip_not_issued,issueStatus is 'not_issued' (only currently issued cones are empty-returned),false,false,
910,69e071a000ca64e3cf592058,ORD-000083,69e071a000ca64e3cf592080,not_issued,,,,skip_not_issued,issueStatus is 'not_issued' (only currently issued cones are empty-returned),false,false,
911,69e071a000ca64e3cf59205a,ORD-000083,69e071a000ca64e3cf592082,not_issued,,,,skip_not_issued,issueStatus is 'not_issued' (only currently issued cones are empty-returned),false,false,
912,69e086d700ca64e3cf594b2c,ORD-000024,69e086d700ca64e3cf594b46,issued,ORD-000024,69d883c5edc59d9ec1046006,69eaebd786f7ddd153de6d77,would_close_cone_and_create_return_txn,Empty-return cone and create 0 kg yarn_returned for latest issue order+article,true,true,
913,69e086d700ca64e3cf594b38,ORD-000046,69e086d700ca64e3cf594b52,not_issued,,,,skip_not_issued,issueStatus is 'not_issued' (only currently issued cones are empty-returned),false,false,
914,69e1b61d0b3c5500e1fde94e,ORD-000029,69e1b61d0b3c5500e1fde95e,issued,ORD-000029,69df238300ca64e3cf525543,69e24d7534696b42ea7546d3,would_close_cone_and_create_return_txn,Empty-return cone and create 0 kg yarn_returned for latest issue order+article,true,true,
915,69e1be020b3c5500e1fe07a5,ORD-000024,69e1be020b3c5500e1fe07c8,issued,ORD-000024,69d883c5edc59d9ec1045ffe,69e1d9decb6ce8081f0dbf4e,would_close_cone_and_create_return_txn,Empty-return cone and create 0 kg yarn_returned for latest issue order+article,true,true,
916,69e1be020b3c5500e1fe07b0,ORD-000031,69e1be020b3c5500e1fe07d3,issued,ORD-000031,69e20427514236271de91983,69e33ec94dfe50532a0a61ed,would_close_cone_and_create_return_txn,Empty-return cone and create 0 kg yarn_returned for latest issue order+article,true,true,
917,69e1be020b3c5500e1fe07b4,ORD-000084,69e1be020b3c5500e1fe07d7,not_issued,,,,skip_not_issued,issueStatus is 'not_issued' (only currently issued cones are empty-returned),false,false,
918,69e1be020b3c5500e1fe07b6,ORD-000031,69e1be020b3c5500e1fe07d9,issued,ORD-000031,69e20427514236271de91983,69e33ebb4dfe50532a0a5ccc,would_close_cone_and_create_return_txn,Empty-return cone and create 0 kg yarn_returned for latest issue order+article,true,true,
919,69e1be020b3c5500e1fe07bb,ORD-000084,69e1be020b3c5500e1fe07de,not_issued,,,,skip_not_issued,issueStatus is 'not_issued' (only currently issued cones are empty-returned),false,false,
920,69e1eca3cb6ce8081f0e0227,ORD-000070,69e1eca3cb6ce8081f0e024b,issued,ORD-000038,69eb183d86f7ddd153e58ab7,69ec881386f7ddd153f17b09,would_close_cone_and_create_return_txn,Empty-return cone and create 0 kg yarn_returned for latest issue order+article,true,true,
921,69e1eca3cb6ce8081f0e022d,ORD-000027,69e1eca3cb6ce8081f0e0251,issued,ORD-000027,69dc9fd1a19ee8d30f4a3a80,69e361ed4dfe50532a0bf679,would_close_cone_and_create_return_txn,Empty-return cone and create 0 kg yarn_returned for latest issue order+article,true,true,
922,69e1eca3cb6ce8081f0e022e,ORD-000080,69e1eca3cb6ce8081f0e0252,not_issued,,,,skip_not_issued,issueStatus is 'not_issued' (only currently issued cones are empty-returned),false,false,
923,69e1eca3cb6ce8081f0e0234,ORD-000005,69e1eca3cb6ce8081f0e0258,issued,ORD-000005,69be27fc22f72a9b530dddb0,69e362344dfe50532a0bf768,would_close_cone_and_create_return_txn,Empty-return cone and create 0 kg yarn_returned for latest issue order+article,true,true,
924,69e3068a34696b42ea7b053a,ORD-000030,69e3068a34696b42ea7b0562,issued,ORD-000030,69e08b3900ca64e3cf5969ff,69e366574dfe50532a0c0427,would_close_cone_and_create_return_txn,Empty-return cone and create 0 kg yarn_returned for latest issue order+article,true,true,
925,69e306d134696b42ea7b09e9,ORD-000083,69e306d134696b42ea7b0a01,not_issued,,,,skip_not_issued,issueStatus is 'not_issued' (only currently issued cones are empty-returned),false,false,
926,69e306d134696b42ea7b09ed,ORD-000083,69e306d134696b42ea7b0a05,not_issued,,,,skip_not_issued,issueStatus is 'not_issued' (only currently issued cones are empty-returned),false,false,
927,69e306d134696b42ea7b09ee,ORD-000083,69e306d134696b42ea7b0a06,not_issued,,,,skip_not_issued,issueStatus is 'not_issued' (only currently issued cones are empty-returned),false,false,
928,69e306d134696b42ea7b09ef,ORD-000083,69e306d134696b42ea7b0a07,not_issued,,,,skip_not_issued,issueStatus is 'not_issued' (only currently issued cones are empty-returned),false,false,
929,69e306d134696b42ea7b09f1,ORD-000083,69e306d134696b42ea7b0a09,not_issued,,,,skip_not_issued,issueStatus is 'not_issued' (only currently issued cones are empty-returned),false,false,
930,69e306d134696b42ea7b09f3,ORD-000083,69e306d134696b42ea7b0a0b,not_issued,,,,skip_not_issued,issueStatus is 'not_issued' (only currently issued cones are empty-returned),false,false,
931,69e306d134696b42ea7b09f4,ORD-000083,69e306d134696b42ea7b0a0c,not_issued,,,,skip_not_issued,issueStatus is 'not_issued' (only currently issued cones are empty-returned),false,false,
932,69e306d134696b42ea7b09f7,ORD-000083,69e306d134696b42ea7b0a0f,not_issued,,,,skip_not_issued,issueStatus is 'not_issued' (only currently issued cones are empty-returned),false,false,
933,69e306d134696b42ea7b09fc,ORD-000083,69e306d134696b42ea7b0a14,not_issued,,,,skip_not_issued,issueStatus is 'not_issued' (only currently issued cones are empty-returned),false,false,
934,69e306d134696b42ea7b09fd,ORD-000083,69e306d134696b42ea7b0a15,not_issued,,,,skip_not_issued,issueStatus is 'not_issued' (only currently issued cones are empty-returned),false,false,
935,69e306d134696b42ea7b09fe,ORD-000083,69e306d134696b42ea7b0a16,not_issued,,,,skip_not_issued,issueStatus is 'not_issued' (only currently issued cones are empty-returned),false,false,
936,69e306d134696b42ea7b09ff,ORD-000083,69e306d134696b42ea7b0a17,not_issued,,,,skip_not_issued,issueStatus is 'not_issued' (only currently issued cones are empty-returned),false,false,
937,69e306e734696b42ea7b0ad0,ORD-000030,69e306e734696b42ea7b0af8,issued,ORD-000030,69e08b3900ca64e3cf596a03,69e680ecf0694e7c1e218899,would_close_cone_and_create_return_txn,Empty-return cone and create 0 kg yarn_returned for latest issue order+article,true,true,
938,69e3086334696b42ea7b1641,ORD-000085,69e3086334696b42ea7b1653,issued,ORD-000035,69e869ee795e8688eebdc9c6,69e8721b795e8688eebe1c14,would_close_cone_and_create_return_txn,Empty-return cone and create 0 kg yarn_returned for latest issue order+article,true,true,
939,69e3086334696b42ea7b1643,ORD-000085,69e3086334696b42ea7b1655,not_issued,,,,skip_not_issued,issueStatus is 'not_issued' (only currently issued cones are empty-returned),false,false,
940,69e3089634696b42ea7b17b7,ORD-000082,69e3089634696b42ea7b17c9,not_issued,,,,skip_not_issued,issueStatus is 'not_issued' (only currently issued cones are empty-returned),false,false,
941,69e3089634696b42ea7b17c5,ORD-000082,69e3089634696b42ea7b17d7,not_issued,,,,skip_not_issued,issueStatus is 'not_issued' (only currently issued cones are empty-returned),false,false,
942,69e3094834696b42ea7b1c94,ORD-000031,69e3094834696b42ea7b1cbc,issued,ORD-000031,69e20427514236271de91983,69e33fd74dfe50532a0ad18b,would_close_cone_and_create_return_txn,Empty-return cone and create 0 kg yarn_returned for latest issue order+article,true,true,
943,69e3094834696b42ea7b1c9a,ORD-000028,69e3094834696b42ea7b1cc2,issued,ORD-000028,69ddee12007e05d7e740be01,69e5c7894dfe50532a160d15,would_close_cone_and_create_return_txn,Empty-return cone and create 0 kg yarn_returned for latest issue order+article,true,true,
944,69e3094834696b42ea7b1ca2,ORD-000031,69e3094834696b42ea7b1cca,issued,ORD-000031,69e20427514236271de91983,69e7162cf0694e7c1e22507b,would_close_cone_and_create_return_txn,Empty-return cone and create 0 kg yarn_returned for latest issue order+article,true,true,
945,69e3142934696b42ea7b40a8,ORD-000087,69e3142934696b42ea7b40d0,not_issued,,,,skip_not_issued,issueStatus is 'not_issued' (only currently issued cones are empty-returned),false,false,
946,69e3142934696b42ea7b40a9,ORD-000087,69e3142934696b42ea7b40d1,not_issued,,,,skip_not_issued,issueStatus is 'not_issued' (only currently issued cones are empty-returned),false,false,
947,69e3142934696b42ea7b40ac,ORD-000083,69e3142934696b42ea7b40d4,not_issued,,,,skip_not_issued,issueStatus is 'not_issued' (only currently issued cones are empty-returned),false,false,
948,69e3142934696b42ea7b40ae,ORD-000083,69e3142934696b42ea7b40d6,not_issued,,,,skip_not_issued,issueStatus is 'not_issued' (only currently issued cones are empty-returned),false,false,
949,69e3142934696b42ea7b40af,ORD-000087,69e3142934696b42ea7b40d7,not_issued,,,,skip_not_issued,issueStatus is 'not_issued' (only currently issued cones are empty-returned),false,false,
950,69e3142934696b42ea7b40b4,ORD-000087,69e3142934696b42ea7b40dc,not_issued,,,,skip_not_issued,issueStatus is 'not_issued' (only currently issued cones are empty-returned),false,false,
951,69e3142934696b42ea7b40b5,ORD-000071,69e3142934696b42ea7b40dd,not_issued,,,,skip_not_issued,issueStatus is 'not_issued' (only currently issued cones are empty-returned),false,false,
952,69e3142934696b42ea7b40b7,ORD-000087,69e3142934696b42ea7b40df,not_issued,,,,skip_not_issued,issueStatus is 'not_issued' (only currently issued cones are empty-returned),false,false,
953,69e3142934696b42ea7b40c2,ORD-000083,69e3142934696b42ea7b40ea,not_issued,,,,skip_not_issued,issueStatus is 'not_issued' (only currently issued cones are empty-returned),false,false,
954,69e3142934696b42ea7b40c6,ORD-000083,69e3142934696b42ea7b40ee,not_issued,,,,skip_not_issued,issueStatus is 'not_issued' (only currently issued cones are empty-returned),false,false,
955,69e3142934696b42ea7b40c8,ORD-000083,69e3142934696b42ea7b40f0,not_issued,,,,skip_not_issued,issueStatus is 'not_issued' (only currently issued cones are empty-returned),false,false,
956,69e3142934696b42ea7b40ca,ORD-000083,69e3142934696b42ea7b40f2,not_issued,,,,skip_not_issued,issueStatus is 'not_issued' (only currently issued cones are empty-returned),false,false,
957,69e3142934696b42ea7b40cc,ORD-000087,69e3142934696b42ea7b40f4,not_issued,,,,skip_not_issued,issueStatus is 'not_issued' (only currently issued cones are empty-returned),false,false,
958,69e3142934696b42ea7b40cd,ORD-000083,69e3142934696b42ea7b40f5,not_issued,,,,skip_not_issued,issueStatus is 'not_issued' (only currently issued cones are empty-returned),false,false,
959,69e342984dfe50532a0af40b,ORD-000084,69e342984dfe50532a0af419,issued,ORD-000030,69e08b3900ca64e3cf5969ff,69e365ab4dfe50532a0c02bb,would_close_cone_and_create_return_txn,Empty-return cone and create 0 kg yarn_returned for latest issue order+article,true,true,
960,69e342984dfe50532a0af40f,ORD-000083,69e342984dfe50532a0af41d,not_issued,,,,skip_not_issued,issueStatus is 'not_issued' (only currently issued cones are empty-returned),false,false,
961,69e342984dfe50532a0af414,ORD-000083,69e342984dfe50532a0af422,issued,ORD-000030,69e08b3900ca64e3cf5969ff,69e365a44dfe50532a0c029d,would_close_cone_and_create_return_txn,Empty-return cone and create 0 kg yarn_returned for latest issue order+article,true,true,
962,69e342984dfe50532a0af416,ORD-000083,69e342984dfe50532a0af424,issued,ORD-000036,69e88468733c29bce005beda,69e99c52733c29bce00bea88,would_close_cone_and_create_return_txn,Empty-return cone and create 0 kg yarn_returned for latest issue order+article,true,true,
963,69e345c74dfe50532a0b30d9,ORD-000062,69e345c74dfe50532a0b30f3,issued,ORD-000038,69eb183d86f7ddd153e58abb,69eb3b5f86f7ddd153e88194,would_close_cone_and_create_return_txn,Empty-return cone and create 0 kg yarn_returned for latest issue order+article,true,true,
964,69e345c74dfe50532a0b30e2,ORD-000079,69e345c74dfe50532a0b30fc,issued,ORD-000032,69e367404dfe50532a0c07e2,69e85444795e8688eebccd39,would_close_cone_and_create_return_txn,Empty-return cone and create 0 kg yarn_returned for latest issue order+article,true,true,
965,69e345c74dfe50532a0b30e8,ORD-000077,69e345c74dfe50532a0b3102,issued,ORD-000032,69e367404dfe50532a0c07e2,69e8544c795e8688eebccd51,would_close_cone_and_create_return_txn,Empty-return cone and create 0 kg yarn_returned for latest issue order+article,true,true,
966,69e346914dfe50532a0b360c,ORD-000077,69e346914dfe50532a0b362e,issued,ORD-000025,69d88ec5edc59d9ec104b7bd,69e5e7574dfe50532a169cb7,would_close_cone_and_create_return_txn,Empty-return cone and create 0 kg yarn_returned for latest issue order+article,true,true,
967,69e360a34dfe50532a0bea25,ORD-000064,69e360a34dfe50532a0bea4d,issued,ORD-000032,69e367404dfe50532a0c07e1,69e36b374dfe50532a0c1921,would_close_cone_and_create_return_txn,Empty-return cone and create 0 kg yarn_returned for latest issue order+article,true,true,
968,69e360c04dfe50532a0beb9e,ORD-000036,69e360c04dfe50532a0bebc6,issued,ORD-000036,69e88468733c29bce005bed5,69e88926733c29bce006a090,would_close_cone_and_create_return_txn,Empty-return cone and create 0 kg yarn_returned for latest issue order+article,true,true,
969,69e360c04dfe50532a0bebbb,ORD-000036,69e360c04dfe50532a0bebe3,issued,ORD-000036,69e88468733c29bce005bed5,69e88a32733c29bce006a8ab,would_close_cone_and_create_return_txn,Empty-return cone and create 0 kg yarn_returned for latest issue order+article,true,true,
970,69e360c04dfe50532a0bebbf,ORD-000033,69e360c04dfe50532a0bebe7,issued,ORD-000033,69e5f8144dfe50532a16f712,69e722adf0694e7c1e22b910,would_close_cone_and_create_return_txn,Empty-return cone and create 0 kg yarn_returned for latest issue order+article,true,true,
971,69e360ff4dfe50532a0beedd,ORD-000028,69e360ff4dfe50532a0bef05,issued,ORD-000028,69ddee12007e05d7e740be12,69e70701f0694e7c1e21dca7,would_close_cone_and_create_return_txn,Empty-return cone and create 0 kg yarn_returned for latest issue order+article,true,true,
972,69e3611d4dfe50532a0bf07f,ORD-000073,69e3611d4dfe50532a0bf0a0,issued,ORD-000030,69e08b3900ca64e3cf5969ff,69e87011795e8688eebdef83,would_close_cone_and_create_return_txn,Empty-return cone and create 0 kg yarn_returned for latest issue order+article,true,true,
973,69e3611d4dfe50532a0bf082,ORD-000031,69e3611d4dfe50532a0bf0a3,issued,ORD-000031,69e20427514236271de9198e,69e7554223c856872b468f25,would_close_cone_and_create_return_txn,Empty-return cone and create 0 kg yarn_returned for latest issue order+article,true,true,
974,69e3611d4dfe50532a0bf093,ORD-000031,69e3611d4dfe50532a0bf0b4,issued,ORD-000031,69e20427514236271de9198e,69e7554923c856872b468f43,would_close_cone_and_create_return_txn,Empty-return cone and create 0 kg yarn_returned for latest issue order+article,true,true,
975,69e361414dfe50532a0bf24c,ORD-000029,69e361414dfe50532a0bf26d,issued,ORD-000029,69df238300ca64e3cf525563,69e5ba834dfe50532a156de2,would_close_cone_and_create_return_txn,Empty-return cone and create 0 kg yarn_returned for latest issue order+article,true,true,
976,69e5a2b54dfe50532a1427e3,ORD-000088,69e5a2b54dfe50532a1427f6,not_issued,,,,skip_not_issued,issueStatus is 'not_issued' (only currently issued cones are empty-returned),false,false,
977,69e5a2b54dfe50532a1427e4,ORD-000088,69e5a2b54dfe50532a1427f7,not_issued,,,,skip_not_issued,issueStatus is 'not_issued' (only currently issued cones are empty-returned),false,false,
978,69e5a2b54dfe50532a1427e6,ORD-000030,69e5a2b54dfe50532a1427f9,issued,ORD-000030,69e08b3900ca64e3cf596a09,69e73871f0694e7c1e236b5b,would_close_cone_and_create_return_txn,Empty-return cone and create 0 kg yarn_returned for latest issue order+article,true,true,
979,69e5a2b54dfe50532a1427e7,ORD-000088,69e5a2b54dfe50532a1427fa,issued,ORD-000030,69e08b3900ca64e3cf596a09,69e725cbf0694e7c1e231687,would_close_cone_and_create_return_txn,Empty-return cone and create 0 kg yarn_returned for latest issue order+article,true,true,
980,69e5a2b54dfe50532a1427e8,ORD-000088,69e5a2b54dfe50532a1427fb,issued,ORD-000030,69e08b3900ca64e3cf596a09,69e7383ff0694e7c1e236ab9,would_close_cone_and_create_return_txn,Empty-return cone and create 0 kg yarn_returned for latest issue order+article,true,true,
981,69e5a2b54dfe50532a1427ee,ORD-000030,69e5a2b54dfe50532a142801,issued,ORD-000030,69e08b3900ca64e3cf596a09,69e725c0f0694e7c1e231645,would_close_cone_and_create_return_txn,Empty-return cone and create 0 kg yarn_returned for latest issue order+article,true,true,
982,69e5a2b54dfe50532a1427f0,ORD-000030,69e5a2b54dfe50532a142803,issued,ORD-000030,69e08b3900ca64e3cf596a09,69e72584f0694e7c1e231438,would_close_cone_and_create_return_txn,Empty-return cone and create 0 kg yarn_returned for latest issue order+article,true,true,
983,69e5a2b54dfe50532a1427f1,ORD-000030,69e5a2b54dfe50532a142804,issued,ORD-000030,69e08b3900ca64e3cf596a09,69e725d1f0694e7c1e2316ad,would_close_cone_and_create_return_txn,Empty-return cone and create 0 kg yarn_returned for latest issue order+article,true,true,
984,69e5a38b4dfe50532a142a53,ORD-000088,69e5a38b4dfe50532a142a5d,issued,ORD-000030,69e08b3900ca64e3cf596a09,69e725a2f0694e7c1e231507,would_close_cone_and_create_return_txn,Empty-return cone and create 0 kg yarn_returned for latest issue order+article,true,true,
985,69e5a38b4dfe50532a142a5a,ORD-000088,69e5a38b4dfe50532a142a64,issued,ORD-000030,69e08b3900ca64e3cf596a09,69e73861f0694e7c1e236b25,would_close_cone_and_create_return_txn,Empty-return cone and create 0 kg yarn_returned for latest issue order+article,true,true,
986,69e5bb944dfe50532a156fef,ORD-000005,69e5bb944dfe50532a157006,issued,ORD-000005,69be27fc22f72a9b530dddb0,69e758d023c856872b46acdb,would_close_cone_and_create_return_txn,Empty-return cone and create 0 kg yarn_returned for latest issue order+article,true,true,
987,69e5bb944dfe50532a156ff4,ORD-000036,69e5bb944dfe50532a15700b,issued,ORD-000036,69e88468733c29bce005bed6,69e890d4733c29bce007a8ad,would_close_cone_and_create_return_txn,Empty-return cone and create 0 kg yarn_returned for latest issue order+article,true,true,
988,69e5bb944dfe50532a156ff5,ORD-000082,69e5bb944dfe50532a15700c,issued,ORD-000036,69e88468733c29bce005bed5,69e88bf3733c29bce006cdf7,would_close_cone_and_create_return_txn,Empty-return cone and create 0 kg yarn_returned for latest issue order+article,true,true,
989,69e5bb944dfe50532a156ff6,ORD-000036,69e5bb944dfe50532a15700d,issued,ORD-000036,69e88468733c29bce005bed6,69e890dd733c29bce007afbf,would_close_cone_and_create_return_txn,Empty-return cone and create 0 kg yarn_returned for latest issue order+article,true,true,
990,69e5bb944dfe50532a156ff7,ORD-000079,69e5bb944dfe50532a15700e,issued,ORD-000033,69e5f8144dfe50532a16f715,69e7122ff0694e7c1e223dac,would_close_cone_and_create_return_txn,Empty-return cone and create 0 kg yarn_returned for latest issue order+article,true,true,
991,69e5bb944dfe50532a156ff8,ORD-000036,69e5bb944dfe50532a15700f,issued,ORD-000036,69e88468733c29bce005bed6,69e890e5733c29bce007b7eb,would_close_cone_and_create_return_txn,Empty-return cone and create 0 kg yarn_returned for latest issue order+article,true,true,
992,69e5bb944dfe50532a156fff,ORD-000076,69e5bb944dfe50532a157016,not_issued,,,,skip_not_issued,issueStatus is 'not_issued' (only currently issued cones are empty-returned),false,false,
993,69e5bb944dfe50532a157001,ORD-000080,69e5bb944dfe50532a157018,issued,ORD-000036,69e88468733c29bce005bed6,69e890ce733c29bce007a893,would_close_cone_and_create_return_txn,Empty-return cone and create 0 kg yarn_returned for latest issue order+article,true,true,
994,69e5bb944dfe50532a157002,ORD-000036,69e5bb944dfe50532a157019,issued,ORD-000036,69e88468733c29bce005bed6,69e89100733c29bce007bbed,would_close_cone_and_create_return_txn,Empty-return cone and create 0 kg yarn_returned for latest issue order+article,true,true,
995,69e5bb944dfe50532a157005,ORD-000075,69e5bb944dfe50532a15701c,issued,ORD-000032,69e367404dfe50532a0c07e1,69e759b923c856872b46c9e7,would_close_cone_and_create_return_txn,Empty-return cone and create 0 kg yarn_returned for latest issue order+article,true,true,
996,69e5bbc84dfe50532a1570cb,ORD-000083,69e5bbc84dfe50532a1570ec,issued,ORD-000034,69e760ca23c856872b4721b2,69eca64886f7ddd153f464c7,would_close_cone_and_create_return_txn,Empty-return cone and create 0 kg yarn_returned for latest issue order+article,true,true,
997,69e5bc964dfe50532a157320,ORD-000085,69e5bc964dfe50532a157334,not_issued,,,,skip_not_issued,issueStatus is 'not_issued' (only currently issued cones are empty-returned),false,false,
998,69e5bc964dfe50532a157324,ORD-000030,69e5bc964dfe50532a157338,not_issued,,,,skip_not_issued,issueStatus is 'not_issued' (only currently issued cones are empty-returned),false,false,
999,69e5bc964dfe50532a15732d,ORD-000030,69e5bc964dfe50532a157341,issued,ORD-000031,69e20427514236271de9198e,69e7558523c856872b46907c,would_close_cone_and_create_return_txn,Empty-return cone and create 0 kg yarn_returned for latest issue order+article,true,true,
1000,69e5bce64dfe50532a157527,ORD-000028,69e5bce64dfe50532a157534,issued,ORD-000028,69ddee12007e05d7e740be12,69e7084cf0694e7c1e222001,would_close_cone_and_create_return_txn,Empty-return cone and create 0 kg yarn_returned for latest issue order+article,true,true,
1001,69e5bce64dfe50532a157528,ORD-000081,69e5bce64dfe50532a157535,issued,ORD-000031,69e20427514236271de9197f,69e6f68ef0694e7c1e21a47d,would_close_cone_and_create_return_txn,Empty-return cone and create 0 kg yarn_returned for latest issue order+article,true,true,
1002,69e5bcff4dfe50532a1575b2,ORD-000094,69e5bcff4dfe50532a1575bf,not_issued,,,,skip_not_issued,issueStatus is 'not_issued' (only currently issued cones are empty-returned),false,false,
1003,69e5bd6d4dfe50532a15776a,ORD-000038,69e5bd6d4dfe50532a15778a,issued,ORD-000038,69eb183d86f7ddd153e58ab2,69eb2e6286f7ddd153e6b558,would_close_cone_and_create_return_txn,Empty-return cone and create 0 kg yarn_returned for latest issue order+article,true,true,
1004,69e5bdd54dfe50532a1579da,ORD-000047,69e5bdd54dfe50532a1579ed,not_issued,,,,skip_not_issued,issueStatus is 'not_issued' (only currently issued cones are empty-returned),false,false,
1005,69e5bdd54dfe50532a1579db,ORD-000047,69e5bdd54dfe50532a1579ee,not_issued,,,,skip_not_issued,issueStatus is 'not_issued' (only currently issued cones are empty-returned),false,false,
1006,69e5bdd54dfe50532a1579dc,ORD-000069,69e5bdd54dfe50532a1579ef,not_issued,,,,skip_not_issued,issueStatus is 'not_issued' (only currently issued cones are empty-returned),false,false,
1007,69e5bdd54dfe50532a1579e8,ORD-000069,69e5bdd54dfe50532a1579fb,not_issued,,,,skip_not_issued,issueStatus is 'not_issued' (only currently issued cones are empty-returned),false,false,
1008,69e5be1e4dfe50532a157b92,ORD-000080,69e5be1e4dfe50532a157baa,not_issued,,,,skip_not_issued,issueStatus is 'not_issued' (only currently issued cones are empty-returned),false,false,
1009,69e5be1e4dfe50532a157b96,ORD-000031,69e5be1e4dfe50532a157bae,issued,ORD-000031,69e20427514236271de91983,69e715fdf0694e7c1e224f1d,would_close_cone_and_create_return_txn,Empty-return cone and create 0 kg yarn_returned for latest issue order+article,true,true,
1010,69e5be1e4dfe50532a157b97,ORD-000081,69e5be1e4dfe50532a157baf,not_issued,,,,skip_not_issued,issueStatus is 'not_issued' (only currently issued cones are empty-returned),false,false,
1011,69e5be1e4dfe50532a157b99,ORD-000080,69e5be1e4dfe50532a157bb1,not_issued,,,,skip_not_issued,issueStatus is 'not_issued' (only currently issued cones are empty-returned),false,false,
1012,69e5be1e4dfe50532a157b9c,ORD-000080,69e5be1e4dfe50532a157bb4,not_issued,,,,skip_not_issued,issueStatus is 'not_issued' (only currently issued cones are empty-returned),false,false,
1013,69e5be1e4dfe50532a157b9f,ORD-000074,69e5be1e4dfe50532a157bb7,not_issued,,,,skip_not_issued,issueStatus is 'not_issued' (only currently issued cones are empty-returned),false,false,
1014,69e5be1e4dfe50532a157ba0,ORD-000071,69e5be1e4dfe50532a157bb8,not_issued,,,,skip_not_issued,issueStatus is 'not_issued' (only currently issued cones are empty-returned),false,false,
1015,69e5be1e4dfe50532a157ba2,ORD-000080,69e5be1e4dfe50532a157bba,not_issued,,,,skip_not_issued,issueStatus is 'not_issued' (only currently issued cones are empty-returned),false,false,
1016,69e5be1e4dfe50532a157ba4,ORD-000080,69e5be1e4dfe50532a157bbc,issued,ORD-000038,69eb183d86f7ddd153e58ab5,69ec78da86f7ddd153eedc11,would_close_cone_and_create_return_txn,Empty-return cone and create 0 kg yarn_returned for latest issue order+article,true,true,
1017,69e5be1e4dfe50532a157ba5,ORD-000080,69e5be1e4dfe50532a157bbd,not_issued,,,,skip_not_issued,issueStatus is 'not_issued' (only currently issued cones are empty-returned),false,false,
1018,69e5be1e4dfe50532a157ba6,ORD-000031,69e5be1e4dfe50532a157bbe,issued,ORD-000031,69e20427514236271de9197b,69e71546f0694e7c1e224771,would_close_cone_and_create_return_txn,Empty-return cone and create 0 kg yarn_returned for latest issue order+article,true,true,
1019,69e5be1e4dfe50532a157ba7,ORD-000086,69e5be1e4dfe50532a157bbf,issued,ORD-000038,69eb183d86f7ddd153e58ab5,69ec78d486f7ddd153eedbf6,would_close_cone_and_create_return_txn,Empty-return cone and create 0 kg yarn_returned for latest issue order+article,true,true,
1020,69e5be1e4dfe50532a157ba9,ORD-000080,69e5be1e4dfe50532a157bc1,not_issued,,,,skip_not_issued,issueStatus is 'not_issued' (only currently issued cones are empty-returned),false,false,
1021,69e5c0a84dfe50532a158034,ORD-000082,69e5c0a84dfe50532a15805d,not_issued,,,,skip_not_issued,issueStatus is 'not_issued' (only currently issued cones are empty-returned),false,false,
1022,69e5c0a84dfe50532a158039,ORD-000028,69e5c0a84dfe50532a158062,issued,ORD-000028,69ddee12007e05d7e740be0e,69eae46486f7ddd153ddc7bc,would_close_cone_and_create_return_txn,Empty-return cone and create 0 kg yarn_returned for latest issue order+article,true,true,
1023,69e5c0a84dfe50532a158047,ORD-000085,69e5c0a84dfe50532a158070,issued,ORD-000028,69ddee12007e05d7e740be0e,69eae43186f7ddd153ddbe3d,would_close_cone_and_create_return_txn,Empty-return cone and create 0 kg yarn_returned for latest issue order+article,true,true,
1024,69e5c0a84dfe50532a15804c,ORD-000085,69e5c0a84dfe50532a158075,not_issued,,,,skip_not_issued,issueStatus is 'not_issued' (only currently issued cones are empty-returned),false,false,
1025,69e5c0a84dfe50532a15805b,ORD-000085,69e5c0a84dfe50532a158084,not_issued,,,,skip_not_issued,issueStatus is 'not_issued' (only currently issued cones are empty-returned),false,false,
1026,69e5c14c4dfe50532a158239,ORD-000087,69e5c14c4dfe50532a158257,not_issued,,,,skip_not_issued,issueStatus is 'not_issued' (only currently issued cones are empty-returned),false,false,
1027,69e5c14c4dfe50532a158240,ORD-000087,69e5c14c4dfe50532a15825e,not_issued,,,,skip_not_issued,issueStatus is 'not_issued' (only currently issued cones are empty-returned),false,false,
1028,69e5c14c4dfe50532a158243,ORD-000087,69e5c14c4dfe50532a158261,not_issued,,,,skip_not_issued,issueStatus is 'not_issued' (only currently issued cones are empty-returned),false,false,
1029,69e5c14c4dfe50532a15824a,ORD-000087,69e5c14c4dfe50532a158268,not_issued,,,,skip_not_issued,issueStatus is 'not_issued' (only currently issued cones are empty-returned),false,false,
1030,69e5c14c4dfe50532a15824e,ORD-000087,69e5c14c4dfe50532a15826c,not_issued,,,,skip_not_issued,issueStatus is 'not_issued' (only currently issued cones are empty-returned),false,false,
1031,69e5c14c4dfe50532a158250,ORD-000087,69e5c14c4dfe50532a15826e,not_issued,,,,skip_not_issued,issueStatus is 'not_issued' (only currently issued cones are empty-returned),false,false,
1032,69e5c14c4dfe50532a158251,ORD-000087,69e5c14c4dfe50532a15826f,not_issued,,,,skip_not_issued,issueStatus is 'not_issued' (only currently issued cones are empty-returned),false,false,
1033,69e5c14c4dfe50532a158252,ORD-000087,69e5c14c4dfe50532a158270,not_issued,,,,skip_not_issued,issueStatus is 'not_issued' (only currently issued cones are empty-returned),false,false,
1034,69e5c14c4dfe50532a158253,ORD-000062,69e5c14c4dfe50532a158271,not_issued,,,,skip_not_issued,issueStatus is 'not_issued' (only currently issued cones are empty-returned),false,false,
1035,69e5ca644dfe50532a16213f,ORD-000031,69e5ca644dfe50532a162153,issued,ORD-000031,69e20427514236271de91983,69e715d6f0694e7c1e224bc9,would_close_cone_and_create_return_txn,Empty-return cone and create 0 kg yarn_returned for latest issue order+article,true,true,
1036,69e5cb144dfe50532a1624f2,ORD-000077,69e5cb144dfe50532a16250a,issued,ORD-000032,69e367404dfe50532a0c07db,69e74b3123c856872b4669db,would_close_cone_and_create_return_txn,Empty-return cone and create 0 kg yarn_returned for latest issue order+article,true,true,
1037,69e5ef8b4dfe50532a16ca92,ORD-000036,69e5ef8b4dfe50532a16caba,issued,ORD-000036,69e88468733c29bce005bed6,69e88f57733c29bce0076b0d,would_close_cone_and_create_return_txn,Empty-return cone and create 0 kg yarn_returned for latest issue order+article,true,true,
1038,69e5ef8b4dfe50532a16ca96,ORD-000036,69e5ef8b4dfe50532a16cabe,issued,ORD-000036,69e88468733c29bce005bed6,69e88f2f733c29bce00769b5,would_close_cone_and_create_return_txn,Empty-return cone and create 0 kg yarn_returned for latest issue order+article,true,true,
1039,69e5ef8b4dfe50532a16ca97,ORD-000036,69e5ef8b4dfe50532a16cabf,issued,ORD-000036,69e88468733c29bce005bed6,69e88efc733c29bce00767cb,would_close_cone_and_create_return_txn,Empty-return cone and create 0 kg yarn_returned for latest issue order+article,true,true,
1040,69e5ef8b4dfe50532a16ca98,ORD-000036,69e5ef8b4dfe50532a16cac0,issued,ORD-000036,69e88468733c29bce005bed6,69e88f53733c29bce0076ae4,would_close_cone_and_create_return_txn,Empty-return cone and create 0 kg yarn_returned for latest issue order+article,true,true,
1041,69e5ef8b4dfe50532a16ca9a,ORD-000036,69e5ef8b4dfe50532a16cac2,issued,ORD-000036,69e88468733c29bce005bed6,69e88f29733c29bce0076991,would_close_cone_and_create_return_txn,Empty-return cone and create 0 kg yarn_returned for latest issue order+article,true,true,
1042,69e5ef8b4dfe50532a16ca9b,ORD-000036,69e5ef8b4dfe50532a16cac3,issued,ORD-000036,69e88468733c29bce005bed6,69e88f17733c29bce00768aa,would_close_cone_and_create_return_txn,Empty-return cone and create 0 kg yarn_returned for latest issue order+article,true,true,
1043,69e5ef8b4dfe50532a16ca9c,ORD-000036,69e5ef8b4dfe50532a16cac4,issued,ORD-000036,69e88468733c29bce005bed6,69e88eeb733c29bce00761b2,would_close_cone_and_create_return_txn,Empty-return cone and create 0 kg yarn_returned for latest issue order+article,true,true,
1044,69e5ef8b4dfe50532a16caa1,ORD-000036,69e5ef8b4dfe50532a16cac9,issued,ORD-000036,69e88468733c29bce005bed6,69e88f5c733c29bce0076b2a,would_close_cone_and_create_return_txn,Empty-return cone and create 0 kg yarn_returned for latest issue order+article,true,true,
1045,69e5ef8b4dfe50532a16caa3,ORD-000036,69e5ef8b4dfe50532a16cacb,issued,ORD-000036,69e88468733c29bce005bed6,69e88e42733c29bce0074363,would_close_cone_and_create_return_txn,Empty-return cone and create 0 kg yarn_returned for latest issue order+article,true,true,
1046,69e5ef8b4dfe50532a16caa4,ORD-000036,69e5ef8b4dfe50532a16cacc,issued,ORD-000036,69e88468733c29bce005bed6,69e88f43733c29bce0076a66,would_close_cone_and_create_return_txn,Empty-return cone and create 0 kg yarn_returned for latest issue order+article,true,true,
1047,69e5ef8b4dfe50532a16caa5,ORD-000036,69e5ef8b4dfe50532a16cacd,issued,ORD-000036,69e88468733c29bce005bed6,69e88f48733c29bce0076aa5,would_close_cone_and_create_return_txn,Empty-return cone and create 0 kg yarn_returned for latest issue order+article,true,true,
1048,69e5ef8b4dfe50532a16caa7,ORD-000036,69e5ef8b4dfe50532a16cacf,issued,ORD-000036,69e88468733c29bce005bed6,69e88ee0733c29bce0076174,would_close_cone_and_create_return_txn,Empty-return cone and create 0 kg yarn_returned for latest issue order+article,true,true,
1049,69e5ef8b4dfe50532a16caa8,ORD-000036,69e5ef8b4dfe50532a16cad0,issued,ORD-000036,69e88468733c29bce005bed6,69e88f1d733c29bce0076938,would_close_cone_and_create_return_txn,Empty-return cone and create 0 kg yarn_returned for latest issue order+article,true,true,
1050,69e5ef8b4dfe50532a16caa9,ORD-000036,69e5ef8b4dfe50532a16cad1,issued,ORD-000036,69e88468733c29bce005bed6,69e88ed1733c29bce007590e,would_close_cone_and_create_return_txn,Empty-return cone and create 0 kg yarn_returned for latest issue order+article,true,true,
1051,69e5ef8b4dfe50532a16caab,ORD-000036,69e5ef8b4dfe50532a16cad3,issued,ORD-000036,69e88468733c29bce005bed6,69e88f11733c29bce007688d,would_close_cone_and_create_return_txn,Empty-return cone and create 0 kg yarn_returned for latest issue order+article,true,true,
1052,69e5ef8b4dfe50532a16caac,ORD-000036,69e5ef8b4dfe50532a16cad4,issued,ORD-000036,69e88468733c29bce005bed6,69e88f36733c29bce00769f9,would_close_cone_and_create_return_txn,Empty-return cone and create 0 kg yarn_returned for latest issue order+article,true,true,
1053,69e5ef8b4dfe50532a16caad,ORD-000036,69e5ef8b4dfe50532a16cad5,issued,ORD-000036,69e88468733c29bce005bed6,69e88ee6733c29bce007618e,would_close_cone_and_create_return_txn,Empty-return cone and create 0 kg yarn_returned for latest issue order+article,true,true,
1054,69e5ef8b4dfe50532a16caae,ORD-000036,69e5ef8b4dfe50532a16cad6,issued,ORD-000036,69e88468733c29bce005bed6,69e88f01733c29bce007681a,would_close_cone_and_create_return_txn,Empty-return cone and create 0 kg yarn_returned for latest issue order+article,true,true,
1055,69e5ef8b4dfe50532a16caaf,ORD-000036,69e5ef8b4dfe50532a16cad7,issued,ORD-000036,69e88468733c29bce005bed6,69e88e48733c29bce007437d,would_close_cone_and_create_return_txn,Empty-return cone and create 0 kg yarn_returned for latest issue order+article,true,true,
1056,69e5ef8b4dfe50532a16cab0,ORD-000036,69e5ef8b4dfe50532a16cad8,issued,ORD-000036,69e88468733c29bce005bed6,69e88e1d733c29bce00742e1,would_close_cone_and_create_return_txn,Empty-return cone and create 0 kg yarn_returned for latest issue order+article,true,true,
1057,69e5ef8b4dfe50532a16cab1,ORD-000036,69e5ef8b4dfe50532a16cad9,issued,ORD-000036,69e88468733c29bce005bed6,69e88f0c733c29bce0076873,would_close_cone_and_create_return_txn,Empty-return cone and create 0 kg yarn_returned for latest issue order+article,true,true,
1058,69e5ef8b4dfe50532a16cab2,ORD-000036,69e5ef8b4dfe50532a16cada,issued,ORD-000036,69e88468733c29bce005bed6,69e88e24733c29bce00742fb,would_close_cone_and_create_return_txn,Empty-return cone and create 0 kg yarn_returned for latest issue order+article,true,true,
1059,69e5ef8b4dfe50532a16cab3,ORD-000036,69e5ef8b4dfe50532a16cadb,issued,ORD-000036,69e88468733c29bce005bed6,69e88e39733c29bce0074349,would_close_cone_and_create_return_txn,Empty-return cone and create 0 kg yarn_returned for latest issue order+article,true,true,
1060,69e5ef8b4dfe50532a16cab4,ORD-000036,69e5ef8b4dfe50532a16cadc,issued,ORD-000036,69e88468733c29bce005bed6,69e88ef6733c29bce00766a0,would_close_cone_and_create_return_txn,Empty-return cone and create 0 kg yarn_returned for latest issue order+article,true,true,
1061,69e5ef8b4dfe50532a16cab5,ORD-000036,69e5ef8b4dfe50532a16cadd,issued,ORD-000036,69e88468733c29bce005bed6,69e88ebe733c29bce0074f2e,would_close_cone_and_create_return_txn,Empty-return cone and create 0 kg yarn_returned for latest issue order+article,true,true,
1062,69e5ef8b4dfe50532a16cab7,ORD-000036,69e5ef8b4dfe50532a16cadf,issued,ORD-000036,69e88468733c29bce005bed6,69e88ecb733c29bce0075547,would_close_cone_and_create_return_txn,Empty-return cone and create 0 kg yarn_returned for latest issue order+article,true,true,
1063,69e5ef8b4dfe50532a16cab8,ORD-000036,69e5ef8b4dfe50532a16cae0,issued,ORD-000036,69e88468733c29bce005bed6,69e88f23733c29bce0076977,would_close_cone_and_create_return_txn,Empty-return cone and create 0 kg yarn_returned for latest issue order+article,true,true,
1064,69e5ef8b4dfe50532a16cab9,ORD-000036,69e5ef8b4dfe50532a16cae1,issued,ORD-000036,69e88468733c29bce005bed6,69e88ea1733c29bce007480c,would_close_cone_and_create_return_txn,Empty-return cone and create 0 kg yarn_returned for latest issue order+article,true,true,
1065,69e5efd54dfe50532a16ccc6,ORD-000082,69e5efd54dfe50532a16ccde,issued,ORD-000028,69ddee12007e05d7e740be0a,69eaf6da86f7ddd153e0af71,would_close_cone_and_create_return_txn,Empty-return cone and create 0 kg yarn_returned for latest issue order+article,true,true,
1066,69e5efd54dfe50532a16ccc7,ORD-000082,69e5efd54dfe50532a16ccdf,issued,ORD-000035,69e869ee795e8688eebdc9c7,69e9c05d59aa9fc88a53ef40,would_close_cone_and_create_return_txn,Empty-return cone and create 0 kg yarn_returned for latest issue order+article,true,true,
1067,69e5efd54dfe50532a16ccc9,ORD-000083,69e5efd54dfe50532a16cce1,not_issued,,,,skip_not_issued,issueStatus is 'not_issued' (only currently issued cones are empty-returned),false,false,
1068,69e5efd54dfe50532a16ccce,ORD-000082,69e5efd54dfe50532a16cce6,not_issued,,,,skip_not_issued,issueStatus is 'not_issued' (only currently issued cones are empty-returned),false,false,
1069,69e5efd54dfe50532a16ccd0,ORD-000083,69e5efd54dfe50532a16cce8,not_issued,,,,skip_not_issued,issueStatus is 'not_issued' (only currently issued cones are empty-returned),false,false,
1070,69e5efd54dfe50532a16ccd1,ORD-000082,69e5efd54dfe50532a16cce9,not_issued,,,,skip_not_issued,issueStatus is 'not_issued' (only currently issued cones are empty-returned),false,false,
1071,69e5efd54dfe50532a16ccd2,ORD-000083,69e5efd54dfe50532a16ccea,not_issued,,,,skip_not_issued,issueStatus is 'not_issued' (only currently issued cones are empty-returned),false,false,
1072,69e5f1704dfe50532a16dcd4,ORD-000077,69e5f1704dfe50532a16dceb,issued,ORD-000031,69e20427514236271de91980,69ec9e5186f7ddd153f3b7be,would_close_cone_and_create_return_txn,Empty-return cone and create 0 kg yarn_returned for latest issue order+article,true,true,
1073,69e5f1904dfe50532a16de29,ORD-000060,69e5f1904dfe50532a16de41,issued,ORD-000036,69e88468733c29bce005bed8,69e8ae57733c29bce0092c51,would_close_cone_and_create_return_txn,Empty-return cone and create 0 kg yarn_returned for latest issue order+article,true,true,
1074,69e5f1904dfe50532a16de2f,ORD-000091,69e5f1904dfe50532a16de47,issued,ORD-000036,69e88468733c29bce005bed8,69e894ca733c29bce007f5ad,would_close_cone_and_create_return_txn,Empty-return cone and create 0 kg yarn_returned for latest issue order+article,true,true,
1075,69e5f4214dfe50532a16f0f8,ORD-000082,69e5f4214dfe50532a16f110,issued,ORD-000031,69e20427514236271de9198a,69e8b46e733c29bce00948d5,would_close_cone_and_create_return_txn,Empty-return cone and create 0 kg yarn_returned for latest issue order+article,true,true,
1076,69e5f4214dfe50532a16f105,ORD-000034,69e5f4214dfe50532a16f11d,issued,ORD-000035,69e869ee795e8688eebdc9c7,69e9c05759aa9fc88a53ef09,would_close_cone_and_create_return_txn,Empty-return cone and create 0 kg yarn_returned for latest issue order+article,true,true,
1077,69e6037a4dfe50532a1714cf,ORD-000072,69e6037a4dfe50532a17150b,not_issued,,,,skip_not_issued,issueStatus is 'not_issued' (only currently issued cones are empty-returned),false,false,
1078,69e6037a4dfe50532a1714d7,ORD-000082,69e6037a4dfe50532a171513,not_issued,,,,skip_not_issued,issueStatus is 'not_issued' (only currently issued cones are empty-returned),false,false,
1079,69e6037a4dfe50532a1714d8,ORD-000076,69e6037a4dfe50532a171514,not_issued,,,,skip_not_issued,issueStatus is 'not_issued' (only currently issued cones are empty-returned),false,false,
1080,69e6037a4dfe50532a1714d9,ORD-000061,69e6037a4dfe50532a171515,not_issued,,,,skip_not_issued,issueStatus is 'not_issued' (only currently issued cones are empty-returned),false,false,
1081,69e6037a4dfe50532a1714da,ORD-000082,69e6037a4dfe50532a171516,not_issued,,,,skip_not_issued,issueStatus is 'not_issued' (only currently issued cones are empty-returned),false,false,
1082,69e6037a4dfe50532a1714db,ORD-000082,69e6037a4dfe50532a171517,not_issued,,,,skip_not_issued,issueStatus is 'not_issued' (only currently issued cones are empty-returned),false,false,
1083,69e6037a4dfe50532a1714dc,ORD-000077,69e6037a4dfe50532a171518,not_issued,,,,skip_not_issued,issueStatus is 'not_issued' (only currently issued cones are empty-returned),false,false,
1084,69e6037a4dfe50532a1714dd,ORD-000082,69e6037a4dfe50532a171519,not_issued,,,,skip_not_issued,issueStatus is 'not_issued' (only currently issued cones are empty-returned),false,false,
1085,69e6037a4dfe50532a1714de,ORD-000076,69e6037a4dfe50532a17151a,not_issued,,,,skip_not_issued,issueStatus is 'not_issued' (only currently issued cones are empty-returned),false,false,
1086,69e6037a4dfe50532a1714e6,ORD-000077,69e6037a4dfe50532a171522,not_issued,,,,skip_not_issued,issueStatus is 'not_issued' (only currently issued cones are empty-returned),false,false,
1087,69e6037a4dfe50532a1714e9,ORD-000077,69e6037a4dfe50532a171525,not_issued,,,,skip_not_issued,issueStatus is 'not_issued' (only currently issued cones are empty-returned),false,false,
1088,69e6037a4dfe50532a1714ea,ORD-000077,69e6037a4dfe50532a171526,not_issued,,,,skip_not_issued,issueStatus is 'not_issued' (only currently issued cones are empty-returned),false,false,
1089,69e6037a4dfe50532a1714eb,ORD-000072,69e6037a4dfe50532a171527,not_issued,,,,skip_not_issued,issueStatus is 'not_issued' (only currently issued cones are empty-returned),false,false,
1090,69e6037a4dfe50532a1714f0,ORD-000076,69e6037a4dfe50532a17152c,not_issued,,,,skip_not_issued,issueStatus is 'not_issued' (only currently issued cones are empty-returned),false,false,
1091,69e6037a4dfe50532a1714f2,ORD-000082,69e6037a4dfe50532a17152e,not_issued,,,,skip_not_issued,issueStatus is 'not_issued' (only currently issued cones are empty-returned),false,false,
1092,69e6037a4dfe50532a1714f5,ORD-000069,69e6037a4dfe50532a171531,not_issued,,,,skip_not_issued,issueStatus is 'not_issued' (only currently issued cones are empty-returned),false,false,
1093,69e6037a4dfe50532a1714fe,ORD-000076,69e6037a4dfe50532a17153a,not_issued,,,,skip_not_issued,issueStatus is 'not_issued' (only currently issued cones are empty-returned),false,false,
1094,69e6037a4dfe50532a171501,ORD-000072,69e6037a4dfe50532a17153d,not_issued,,,,skip_not_issued,issueStatus is 'not_issued' (only currently issued cones are empty-returned),false,false,
1095,69e6037a4dfe50532a171503,ORD-000076,69e6037a4dfe50532a17153f,not_issued,,,,skip_not_issued,issueStatus is 'not_issued' (only currently issued cones are empty-returned),false,false,
1096,69e6037a4dfe50532a171507,ORD-000076,69e6037a4dfe50532a171543,not_issued,,,,skip_not_issued,issueStatus is 'not_issued' (only currently issued cones are empty-returned),false,false,
1097,69e71c11f0694e7c1e2272a7,ORD-000024,69e71c11f0694e7c1e2272b3,issued,ORD-000024,69d883c5edc59d9ec1045fef,69e7c700795e8688eebab312,would_close_cone_and_create_return_txn,Empty-return cone and create 0 kg yarn_returned for latest issue order+article,true,true,
1098,69e71c11f0694e7c1e2272aa,ORD-000083,69e71c11f0694e7c1e2272b6,issued,ORD-000036,69e88468733c29bce005beda,69e99d8f733c29bce00c05bd,would_close_cone_and_create_return_txn,Empty-return cone and create 0 kg yarn_returned for latest issue order+article,true,true,
1099,69e71e95f0694e7c1e227f5c,ORD-000036,69e71e95f0694e7c1e227f84,issued,ORD-000036,69e88468733c29bce005bed5,69e8893b733c29bce006a2da,would_close_cone_and_create_return_txn,Empty-return cone and create 0 kg yarn_returned for latest issue order+article,true,true,
1100,69e71e95f0694e7c1e227f5e,ORD-000036,69e71e95f0694e7c1e227f86,issued,ORD-000036,69e88468733c29bce005bed6,69e88ed7733c29bce0075b65,would_close_cone_and_create_return_txn,Empty-return cone and create 0 kg yarn_returned for latest issue order+article,true,true,
1101,69e71e95f0694e7c1e227f60,ORD-000036,69e71e95f0694e7c1e227f88,issued,ORD-000036,69e88468733c29bce005bed6,69e88ead733c29bce00748dd,would_close_cone_and_create_return_txn,Empty-return cone and create 0 kg yarn_returned for latest issue order+article,true,true,
1102,69e71e95f0694e7c1e227f62,ORD-000036,69e71e95f0694e7c1e227f8a,issued,ORD-000036,69e88468733c29bce005bed6,69e88eb2733c29bce0074916,would_close_cone_and_create_return_txn,Empty-return cone and create 0 kg yarn_returned for latest issue order+article,true,true,
1103,69e71e95f0694e7c1e227f63,ORD-000036,69e71e95f0694e7c1e227f8b,issued,ORD-000036,69e88468733c29bce005bed6,69e88e29733c29bce0074315,would_close_cone_and_create_return_txn,Empty-return cone and create 0 kg yarn_returned for latest issue order+article,true,true,
1104,69e71e95f0694e7c1e227f6a,ORD-000036,69e71e95f0694e7c1e227f92,issued,ORD-000036,69e88468733c29bce005bed5,69e88940733c29bce006a2f4,would_close_cone_and_create_return_txn,Empty-return cone and create 0 kg yarn_returned for latest issue order+article,true,true,
1105,69e71e95f0694e7c1e227f6c,ORD-000036,69e71e95f0694e7c1e227f94,issued,ORD-000036,69e88468733c29bce005bed6,69e88ea7733c29bce0074895,would_close_cone_and_create_return_txn,Empty-return cone and create 0 kg yarn_returned for latest issue order+article,true,true,
1106,69e71e95f0694e7c1e227f76,ORD-000036,69e71e95f0694e7c1e227f9e,issued,ORD-000036,69e88468733c29bce005bed6,69e88ec4733c29bce0075196,would_close_cone_and_create_return_txn,Empty-return cone and create 0 kg yarn_returned for latest issue order+article,true,true,
1107,69e71e95f0694e7c1e227f77,ORD-000036,69e71e95f0694e7c1e227f9f,issued,ORD-000036,69e88468733c29bce005bed5,69e88945733c29bce006a319,would_close_cone_and_create_return_txn,Empty-return cone and create 0 kg yarn_returned for latest issue order+article,true,true,
1108,69e84daf795e8688eebc53a9,ORD-000084,69e84daf795e8688eebc53ce,not_issued,,,,skip_not_issued,issueStatus is 'not_issued' (only currently issued cones are empty-returned),false,false,
1109,69e84daf795e8688eebc53ab,ORD-000084,69e84daf795e8688eebc53d0,not_issued,,,,skip_not_issued,issueStatus is 'not_issued' (only currently issued cones are empty-returned),false,false,
1110,69e84de3795e8688eebc55aa,ORD-000043,69e84de3795e8688eebc55d2,not_issued,,,,skip_not_issued,issueStatus is 'not_issued' (only currently issued cones are empty-returned),false,false,
1111,69e84dff795e8688eebc581c,ORD-000036,69e84dff795e8688eebc5844,issued,ORD-000036,69e88468733c29bce005bed7,69e91c34733c29bce00a734f,would_close_cone_and_create_return_txn,Empty-return cone and create 0 kg yarn_returned for latest issue order+article,true,true,
1112,69e84dff795e8688eebc5839,ORD-000036,69e84dff795e8688eebc5861,issued,ORD-000036,69e88468733c29bce005bed7,69e8afc8733c29bce00937eb,would_close_cone_and_create_return_txn,Empty-return cone and create 0 kg yarn_returned for latest issue order+article,true,true,
1113,69e84e35795e8688eebc5a26,ORD-000031,69e84e35795e8688eebc5a4e,not_issued,,,,skip_not_issued,issueStatus is 'not_issued' (only currently issued cones are empty-returned),false,false,
1114,69e84e35795e8688eebc5a2d,ORD-000036,69e84e35795e8688eebc5a55,issued,ORD-000036,69e88468733c29bce005bed7,69ea523a86f7ddd153dd4b81,would_close_cone_and_create_return_txn,Empty-return cone and create 0 kg yarn_returned for latest issue order+article,true,true,
1115,69e84eaa795e8688eebc6233,ORD-000067,69e84eaa795e8688eebc6258,issued,ORD-000036,69e88468733c29bce005bed6,69e88ff3733c29bce0076fc7,would_close_cone_and_create_return_txn,Empty-return cone and create 0 kg yarn_returned for latest issue order+article,true,true,
1116,69e84eaa795e8688eebc6238,ORD-000076,69e84eaa795e8688eebc625d,issued,ORD-000036,69e88468733c29bce005bed6,69e88fda733c29bce0076f46,would_close_cone_and_create_return_txn,Empty-return cone and create 0 kg yarn_returned for latest issue order+article,true,true,
1117,69e84eaa795e8688eebc623d,ORD-000082,69e84eaa795e8688eebc6262,issued,ORD-000036,69e88468733c29bce005bed6,69e89013733c29bce0077663,would_close_cone_and_create_return_txn,Empty-return cone and create 0 kg yarn_returned for latest issue order+article,true,true,
1118,69e84eaa795e8688eebc623f,ORD-000073,69e84eaa795e8688eebc6264,issued,ORD-000036,69e88468733c29bce005bed6,69e88fe0733c29bce0076f5f,would_close_cone_and_create_return_txn,Empty-return cone and create 0 kg yarn_returned for latest issue order+article,true,true,
1119,69e84eaa795e8688eebc6240,ORD-000036,69e84eaa795e8688eebc6265,issued,ORD-000036,69e88468733c29bce005bed6,69e88ffe733c29bce007701d,would_close_cone_and_create_return_txn,Empty-return cone and create 0 kg yarn_returned for latest issue order+article,true,true,
1120,69e84eaa795e8688eebc6242,ORD-000036,69e84eaa795e8688eebc6267,issued,ORD-000036,69e88468733c29bce005bed6,69e88fec733c29bce0076f91,would_close_cone_and_create_return_txn,Empty-return cone and create 0 kg yarn_returned for latest issue order+article,true,true,
1121,69e84eaa795e8688eebc6243,ORD-000082,69e84eaa795e8688eebc6268,issued,ORD-000036,69e88468733c29bce005bed6,69e88fe7733c29bce0076f78,would_close_cone_and_create_return_txn,Empty-return cone and create 0 kg yarn_returned for latest issue order+article,true,true,
1122,69e84eaa795e8688eebc6249,ORD-000067,69e84eaa795e8688eebc626e,issued,ORD-000036,69e88468733c29bce005bed6,69e88ff7733c29bce0077004,would_close_cone_and_create_return_txn,Empty-return cone and create 0 kg yarn_returned for latest issue order+article,true,true,
1123,69e84eaa795e8688eebc624b,ORD-000036,69e84eaa795e8688eebc6270,issued,ORD-000036,69e88468733c29bce005bed6,69e89026733c29bce0077e5a,would_close_cone_and_create_return_txn,Empty-return cone and create 0 kg yarn_returned for latest issue order+article,true,true,
1124,69e85dc7795e8688eebd4f56,ORD-000079,69e85dc7795e8688eebd4f69,issued,ORD-000038,69eb183d86f7ddd153e58ab4,69eb34e386f7ddd153e8272b,would_close_cone_and_create_return_txn,Empty-return cone and create 0 kg yarn_returned for latest issue order+article,true,true,
1125,69e860e2795e8688eebd5601,ORD-000083,69e860e2795e8688eebd560d,not_issued,,,,skip_not_issued,issueStatus is 'not_issued' (only currently issued cones are empty-returned),false,false,
1126,69e86282795e8688eebd624a,ORD-000061,69e86282795e8688eebd6261,issued,ORD-000036,69e88468733c29bce005bed8,69e9b200733c29bce00f9c3d,would_close_cone_and_create_return_txn,Empty-return cone and create 0 kg yarn_returned for latest issue order+article,true,true,
1127,69e8812e733c29bce0058bd4,ORD-000061,69e8812e733c29bce0058bde,issued,ORD-000035,69e869ee795e8688eebdc9c9,69e89823733c29bce0085fb9,would_close_cone_and_create_return_txn,Empty-return cone and create 0 kg yarn_returned for latest issue order+article,true,true,
1128,69e8812e733c29bce0058bd5,ORD-000062,69e8812e733c29bce0058bdf,issued,ORD-000035,69e869ee795e8688eebdc9c9,69e89853733c29bce008614f,would_close_cone_and_create_return_txn,Empty-return cone and create 0 kg yarn_returned for latest issue order+article,true,true,
1129,69e8826c733c29bce0059f94,ORD-000082,69e8826c733c29bce0059f9a,issued,ORD-000038,69eb183d86f7ddd153e58aa9,69ec945c86f7ddd153f32031,would_close_cone_and_create_return_txn,Empty-return cone and create 0 kg yarn_returned for latest issue order+article,true,true,
1130,69e8826c733c29bce0059f97,ORD-000082,69e8826c733c29bce0059f9d,not_issued,,,,skip_not_issued,issueStatus is 'not_issued' (only currently issued cones are empty-returned),false,false,
1131,69e882aa733c29bce005a12d,ORD-000079,69e882aa733c29bce005a12e,not_issued,,,,skip_not_issued,issueStatus is 'not_issued' (only currently issued cones are empty-returned),false,false,
1132,69e8847c733c29bce005c01b,ORD-000073,69e8847c733c29bce005c03d,issued,ORD-000038,69eb183d86f7ddd153e58ab7,69ec882186f7ddd153f17b70,would_close_cone_and_create_return_txn,Empty-return cone and create 0 kg yarn_returned for latest issue order+article,true,true,
1133,69e8849a733c29bce005c506,ORD-000036,69e8849a733c29bce005c528,issued,ORD-000036,69e88468733c29bce005bed5,69e88c40733c29bce006e606,would_close_cone_and_create_return_txn,Empty-return cone and create 0 kg yarn_returned for latest issue order+article,true,true,
1134,69e8849a733c29bce005c50e,ORD-000075,69e8849a733c29bce005c530,issued,ORD-000036,69e88468733c29bce005bed6,69e88fc9733c29bce0076f20,would_close_cone_and_create_return_txn,Empty-return cone and create 0 kg yarn_returned for latest issue order+article,true,true,
1135,69e8849a733c29bce005c515,ORD-000070,69e8849a733c29bce005c537,issued,ORD-000036,69e88468733c29bce005bed6,69e88fba733c29bce0076ea3,would_close_cone_and_create_return_txn,Empty-return cone and create 0 kg yarn_returned for latest issue order+article,true,true,
1136,69e8849a733c29bce005c516,ORD-000036,69e8849a733c29bce005c538,issued,ORD-000036,69e88468733c29bce005bed6,69e88fbf733c29bce0076ecb,would_close_cone_and_create_return_txn,Empty-return cone and create 0 kg yarn_returned for latest issue order+article,true,true,
1137,69e8849a733c29bce005c517,ORD-000036,69e8849a733c29bce005c539,issued,ORD-000036,69e88468733c29bce005bed6,69e88fc4733c29bce0076efa,would_close_cone_and_create_return_txn,Empty-return cone and create 0 kg yarn_returned for latest issue order+article,true,true,
1138,69e8849a733c29bce005c518,ORD-000036,69e8849a733c29bce005c53a,issued,ORD-000036,69e88468733c29bce005bed6,69e88fa6733c29bce0076e0a,would_close_cone_and_create_return_txn,Empty-return cone and create 0 kg yarn_returned for latest issue order+article,true,true,
1139,69e8849a733c29bce005c519,ORD-000036,69e8849a733c29bce005c53b,issued,ORD-000036,69e88468733c29bce005bed6,69e88f9a733c29bce0076dd0,would_close_cone_and_create_return_txn,Empty-return cone and create 0 kg yarn_returned for latest issue order+article,true,true,
1140,69e8849a733c29bce005c51a,ORD-000036,69e8849a733c29bce005c53c,issued,ORD-000036,69e88468733c29bce005bed6,69e88fb1733c29bce0076e3c,would_close_cone_and_create_return_txn,Empty-return cone and create 0 kg yarn_returned for latest issue order+article,true,true,
1141,69e8849a733c29bce005c51b,ORD-000036,69e8849a733c29bce005c53d,issued,ORD-000036,69e88468733c29bce005bed6,69e88f82733c29bce0076d41,would_close_cone_and_create_return_txn,Empty-return cone and create 0 kg yarn_returned for latest issue order+article,true,true,
1142,69e8849a733c29bce005c51c,ORD-000068,69e8849a733c29bce005c53e,issued,ORD-000036,69e88468733c29bce005bed6,69e88f95733c29bce0076db2,would_close_cone_and_create_return_txn,Empty-return cone and create 0 kg yarn_returned for latest issue order+article,true,true,
1143,69e8849a733c29bce005c51d,ORD-000036,69e8849a733c29bce005c53f,issued,ORD-000036,69e88468733c29bce005bed6,69e88f8b733c29bce0076d73,would_close_cone_and_create_return_txn,Empty-return cone and create 0 kg yarn_returned for latest issue order+article,true,true,
1144,69e8849a733c29bce005c51e,ORD-000036,69e8849a733c29bce005c540,issued,ORD-000036,69e88468733c29bce005bed6,69e88fa0733c29bce0076df1,would_close_cone_and_create_return_txn,Empty-return cone and create 0 kg yarn_returned for latest issue order+article,true,true,
1145,69e8849a733c29bce005c51f,ORD-000064,69e8849a733c29bce005c541,issued,ORD-000036,69e88468733c29bce005bed6,69e88f86733c29bce0076d5a,would_close_cone_and_create_return_txn,Empty-return cone and create 0 kg yarn_returned for latest issue order+article,true,true,
1146,69e8849a733c29bce005c520,ORD-000067,69e8849a733c29bce005c542,issued,ORD-000036,69e88468733c29bce005bed6,69e88f7d733c29bce0076d28,would_close_cone_and_create_return_txn,Empty-return cone and create 0 kg yarn_returned for latest issue order+article,true,true,
1147,69e8849a733c29bce005c521,ORD-000036,69e8849a733c29bce005c543,issued,ORD-000036,69e88468733c29bce005bed6,69e88f76733c29bce0076d0f,would_close_cone_and_create_return_txn,Empty-return cone and create 0 kg yarn_returned for latest issue order+article,true,true,
1148,69e8849a733c29bce005c522,ORD-000036,69e8849a733c29bce005c544,issued,ORD-000036,69e88468733c29bce005bed6,69e88f91733c29bce0076d99,would_close_cone_and_create_return_txn,Empty-return cone and create 0 kg yarn_returned for latest issue order+article,true,true,
1149,69e8849a733c29bce005c523,ORD-000067,69e8849a733c29bce005c545,issued,ORD-000036,69e88468733c29bce005bed6,69e88f70733c29bce0076cf1,would_close_cone_and_create_return_txn,Empty-return cone and create 0 kg yarn_returned for latest issue order+article,true,true,
1150,69e8849a733c29bce005c524,ORD-000067,69e8849a733c29bce005c546,issued,ORD-000036,69e88468733c29bce005bed6,69e88fac733c29bce0076e23,would_close_cone_and_create_return_txn,Empty-return cone and create 0 kg yarn_returned for latest issue order+article,true,true,
1151,69e884b8733c29bce005c9c1,ORD-000036,69e884b8733c29bce005c9d3,issued,ORD-000036,69e88468733c29bce005bed6,69e890bc733c29bce007a85f,would_close_cone_and_create_return_txn,Empty-return cone and create 0 kg yarn_returned for latest issue order+article,true,true,
1152,69e884b8733c29bce005c9c2,ORD-000036,69e884b8733c29bce005c9d4,issued,ORD-000036,69e88468733c29bce005bed6,69e890c4733c29bce007a879,would_close_cone_and_create_return_txn,Empty-return cone and create 0 kg yarn_returned for latest issue order+article,true,true,
1153,69e884b8733c29bce005c9c4,ORD-000036,69e884b8733c29bce005c9d6,issued,ORD-000036,69e88468733c29bce005bed6,69e890a3733c29bce007a133,would_close_cone_and_create_return_txn,Empty-return cone and create 0 kg yarn_returned for latest issue order+article,true,true,
1154,69e884b8733c29bce005c9c5,ORD-000079,69e884b8733c29bce005c9d7,issued,ORD-000036,69e88468733c29bce005bed6,69e890b2733c29bce007a4ac,would_close_cone_and_create_return_txn,Empty-return cone and create 0 kg yarn_returned for latest issue order+article,true,true,
1155,69e884b8733c29bce005c9c6,ORD-000036,69e884b8733c29bce005c9d8,issued,ORD-000036,69e88468733c29bce005bed6,69e89084733c29bce00792fe,would_close_cone_and_create_return_txn,Empty-return cone and create 0 kg yarn_returned for latest issue order+article,true,true,
1156,69e884b8733c29bce005c9ca,ORD-000036,69e884b8733c29bce005c9dc,issued,ORD-000036,69e88468733c29bce005bed6,69e890ab733c29bce007a24b,would_close_cone_and_create_return_txn,Empty-return cone and create 0 kg yarn_returned for latest issue order+article,true,true,
1157,69e884b8733c29bce005c9cb,ORD-000036,69e884b8733c29bce005c9dd,issued,ORD-000036,69e88468733c29bce005bed6,69e8907c733c29bce0079001,would_close_cone_and_create_return_txn,Empty-return cone and create 0 kg yarn_returned for latest issue order+article,true,true,
1158,69e884d2733c29bce005cdeb,ORD-000036,69e884d2733c29bce005cdfd,issued,ORD-000036,69e88468733c29bce005bed5,69e88b4c733c29bce006b4bc,would_close_cone_and_create_return_txn,Empty-return cone and create 0 kg yarn_returned for latest issue order+article,true,true,
1159,69e884d2733c29bce005cdf0,ORD-000036,69e884d2733c29bce005ce02,issued,ORD-000036,69e88468733c29bce005bed5,69e88bb0733c29bce006c400,would_close_cone_and_create_return_txn,Empty-return cone and create 0 kg yarn_returned for latest issue order+article,true,true,
1160,69e88523733c29bce005d959,ORD-000071,69e88523733c29bce005d95a,issued,ORD-000030,69e08b3900ca64e3cf596a07,69ea459686f7ddd153dd4279,would_close_cone_and_create_return_txn,Empty-return cone and create 0 kg yarn_returned for latest issue order+article,true,true,
1161,69e885f1733c29bce005e495,ORD-000088,69e885f1733c29bce005e49d,not_issued,,,,skip_not_issued,issueStatus is 'not_issued' (only currently issued cones are empty-returned),false,false,
1162,69e885f1733c29bce005e499,ORD-000088,69e885f1733c29bce005e4a1,not_issued,,,,skip_not_issued,issueStatus is 'not_issued' (only currently issued cones are empty-returned),false,false,
1163,69e8862b733c29bce005f989,ORD-000081,69e8862b733c29bce005f98a,not_issued,,,,skip_not_issued,issueStatus is 'not_issued' (only currently issued cones are empty-returned),false,false,
1164,69e89759733c29bce0082024,ORD-000081,69e89759733c29bce0082047,issued,ORD-000036,69e88468733c29bce005bed8,69e8ae41733c29bce0092bae,would_close_cone_and_create_return_txn,Empty-return cone and create 0 kg yarn_returned for latest issue order+article,true,true,
1165,69e89759733c29bce008203c,ORD-000043,69e89759733c29bce008205f,not_issued,,,,skip_not_issued,issueStatus is 'not_issued' (only currently issued cones are empty-returned),false,false,
1166,69e8977e733c29bce00827e3,ORD-000077,69e8977e733c29bce00827f9,issued,ORD-000036,69e8b3f8733c29bce00946b6,69e8bb09733c29bce00960f1,would_close_cone_and_create_return_txn,Empty-return cone and create 0 kg yarn_returned for latest issue order+article,true,true,
1167,69e8977e733c29bce00827e7,ORD-000072,69e8977e733c29bce00827fd,issued,ORD-000035,69e869ee795e8688eebdc9ca,69e8a892733c29bce0090747,would_close_cone_and_create_return_txn,Empty-return cone and create 0 kg yarn_returned for latest issue order+article,true,true,
1168,69e897d1733c29bce0083ef4,ORD-000077,69e897d1733c29bce0083f16,not_issued,,,,skip_not_issued,issueStatus is 'not_issued' (only currently issued cones are empty-returned),false,false,
1169,69e897d1733c29bce0083efc,ORD-000080,69e897d1733c29bce0083f1e,not_issued,,,,skip_not_issued,issueStatus is 'not_issued' (only currently issued cones are empty-returned),false,false,
1170,69e8a7be733c29bce008fe74,ORD-000036,69e8a7be733c29bce008fe9c,issued,ORD-000036,69e88468733c29bce005bed7,69e8aed3733c29bce0093068,would_close_cone_and_create_return_txn,Empty-return cone and create 0 kg yarn_returned for latest issue order+article,true,true,
1171,69e8a7be733c29bce008fe78,ORD-000036,69e8a7be733c29bce008fea0,issued,ORD-000036,69e88468733c29bce005bed7,69e8aeca733c29bce009302c,would_close_cone_and_create_return_txn,Empty-return cone and create 0 kg yarn_returned for latest issue order+article,true,true,
1172,69e8aa8f733c29bce009117b,ORD-000035,69e8aa8f733c29bce0091199,issued,ORD-000035,69e869ee795e8688eebdc9ca,69e8ac12733c29bce0091b0d,would_close_cone_and_create_return_txn,Empty-return cone and create 0 kg yarn_returned for latest issue order+article,true,true,
1173,69e8bdb1733c29bce0096d83,ORD-000067,69e8bdb1733c29bce0096d9a,issued,ORD-000036,69e88468733c29bce005bed6,69e8c8a1733c29bce009bc04,would_close_cone_and_create_return_txn,Empty-return cone and create 0 kg yarn_returned for latest issue order+article,true,true,
1174,69e8bdb1733c29bce0096d88,ORD-000076,69e8bdb1733c29bce0096d9f,issued,ORD-000036,69e88468733c29bce005bed5,69e8c7c6733c29bce009b4e4,would_close_cone_and_create_return_txn,Empty-return cone and create 0 kg yarn_returned for latest issue order+article,true,true,
1175,69e8bdb1733c29bce0096d89,ORD-000065,69e8bdb1733c29bce0096da0,issued,ORD-000027,69dc9fd1a19ee8d30f4a3a83,69eb001c86f7ddd153e2302c,would_close_cone_and_create_return_txn,Empty-return cone and create 0 kg yarn_returned for latest issue order+article,true,true,
1176,69e8bdb1733c29bce0096d8a,ORD-000082,69e8bdb1733c29bce0096da1,issued,ORD-000038,69eb183d86f7ddd153e58ab7,69ec8a3c86f7ddd153f1f771,would_close_cone_and_create_return_txn,Empty-return cone and create 0 kg yarn_returned for latest issue order+article,true,true,
1177,69e8bdb1733c29bce0096d95,ORD-000082,69e8bdb1733c29bce0096dac,not_issued,,,,skip_not_issued,issueStatus is 'not_issued' (only currently issued cones are empty-returned),false,false,
1178,69e8bdb1733c29bce0096d97,ORD-000082,69e8bdb1733c29bce0096dae,not_issued,,,,skip_not_issued,issueStatus is 'not_issued' (only currently issued cones are empty-returned),false,false,
1179,69e8bea9733c29bce009725e,ORD-000077,69e8bea9733c29bce0097280,issued,ORD-000036,69e88468733c29bce005bed6,69e8c87f733c29bce009ba2e,would_close_cone_and_create_return_txn,Empty-return cone and create 0 kg yarn_returned for latest issue order+article,true,true,
1180,69e8bea9733c29bce009725f,ORD-000036,69e8bea9733c29bce0097281,issued,ORD-000036,69e88468733c29bce005bed6,69e8c86a733c29bce009b98e,would_close_cone_and_create_return_txn,Empty-return cone and create 0 kg yarn_returned for latest issue order+article,true,true,
1181,69e8bea9733c29bce0097261,ORD-000036,69e8bea9733c29bce0097283,issued,ORD-000036,69e88468733c29bce005bed6,69e8c877733c29bce009ba04,would_close_cone_and_create_return_txn,Empty-return cone and create 0 kg yarn_returned for latest issue order+article,true,true,
1182,69e8bea9733c29bce0097265,ORD-000036,69e8bea9733c29bce0097287,issued,ORD-000036,69e88468733c29bce005bed6,69e8c871733c29bce009b9d1,would_close_cone_and_create_return_txn,Empty-return cone and create 0 kg yarn_returned for latest issue order+article,true,true,
1183,69e8bea9733c29bce0097268,ORD-000067,69e8bea9733c29bce009728a,issued,ORD-000036,69e88468733c29bce005bed6,69e8c863733c29bce009b947,would_close_cone_and_create_return_txn,Empty-return cone and create 0 kg yarn_returned for latest issue order+article,true,true,
1184,69e8bea9733c29bce0097272,ORD-000036,69e8bea9733c29bce0097294,issued,ORD-000036,69e88468733c29bce005bed7,69ebe04a86f7ddd153ebaeef,would_close_cone_and_create_return_txn,Empty-return cone and create 0 kg yarn_returned for latest issue order+article,true,true,
1185,69e8bea9733c29bce0097275,ORD-000036,69e8bea9733c29bce0097297,issued,ORD-000036,69e88468733c29bce005bed7,69ebe03086f7ddd153ebaed6,would_close_cone_and_create_return_txn,Empty-return cone and create 0 kg yarn_returned for latest issue order+article,true,true,
1186,69e8bea9733c29bce0097276,ORD-000078,69e8bea9733c29bce0097298,issued,ORD-000036,69e88468733c29bce005bed6,69eb0d1886f7ddd153e47b62,would_close_cone_and_create_return_txn,Empty-return cone and create 0 kg yarn_returned for latest issue order+article,true,true,
1187,69e8bea9733c29bce009727e,ORD-000041,69e8bea9733c29bce00972a0,not_issued,,,,skip_not_issued,issueStatus is 'not_issued' (only currently issued cones are empty-returned),false,false,
1188,69e8c462733c29bce009a4af,ORD-000036,69e8c462733c29bce009a4b6,issued,ORD-000036,69e88468733c29bce005bed6,69e8c896733c29bce009bbdc,would_close_cone_and_create_return_txn,Empty-return cone and create 0 kg yarn_returned for latest issue order+article,true,true,
1189,69e8c462733c29bce009a4b2,ORD-000036,69e8c462733c29bce009a4b9,issued,ORD-000036,69e88468733c29bce005bed6,69e8c891733c29bce009bba2,would_close_cone_and_create_return_txn,Empty-return cone and create 0 kg yarn_returned for latest issue order+article,true,true,
1190,69e8c462733c29bce009a4b4,ORD-000036,69e8c462733c29bce009a4bb,issued,ORD-000036,69e88468733c29bce005bed6,69e8c88c733c29bce009bb83,would_close_cone_and_create_return_txn,Empty-return cone and create 0 kg yarn_returned for latest issue order+article,true,true,
1191,69e9abf2733c29bce00eac25,ORD-000082,69e9abf2733c29bce00eac3c,not_issued,,,,skip_not_issued,issueStatus is 'not_issued' (only currently issued cones are empty-returned),false,false,
1192,69e9abf2733c29bce00eac2a,ORD-000082,69e9abf2733c29bce00eac41,not_issued,,,,skip_not_issued,issueStatus is 'not_issued' (only currently issued cones are empty-returned),false,false,
1193,69e9abf2733c29bce00eac30,ORD-000082,69e9abf2733c29bce00eac47,not_issued,,,,skip_not_issued,issueStatus is 'not_issued' (only currently issued cones are empty-returned),false,false,
1194,69e9ac2b733c29bce00eaecc,ORD-000062,69e9ac2b733c29bce00eaee0,issued,ORD-000028,69ddee12007e05d7e740be0a,69eaf7a086f7ddd153e0bbdd,would_close_cone_and_create_return_txn,Empty-return cone and create 0 kg yarn_returned for latest issue order+article,true,true,
1195,69e9acff733c29bce00ed8d9,ORD-000085,69e9acff733c29bce00ed8fc,not_issued,,,,skip_not_issued,issueStatus is 'not_issued' (only currently issued cones are empty-returned),false,false,
1196,69e9acff733c29bce00ed8e0,ORD-000084,69e9acff733c29bce00ed903,not_issued,,,,skip_not_issued,issueStatus is 'not_issued' (only currently issued cones are empty-returned),false,false,
1197,69e9ad86733c29bce00ef4c2,ORD-000080,69e9ad86733c29bce00ef4d7,not_issued,,,,skip_not_issued,issueStatus is 'not_issued' (only currently issued cones are empty-returned),false,false,
1198,69e9adf2733c29bce00f08fd,ORD-000036,69e9adf2733c29bce00f0925,issued,ORD-000036,69e88468733c29bce005bed6,69eb0cf686f7ddd153e47ae5,would_close_cone_and_create_return_txn,Empty-return cone and create 0 kg yarn_returned for latest issue order+article,true,true,
1199,69e9adf2733c29bce00f08fe,ORD-000073,69e9adf2733c29bce00f0926,issued,ORD-000036,69e88468733c29bce005bed6,69eb0ced86f7ddd153e47999,would_close_cone_and_create_return_txn,Empty-return cone and create 0 kg yarn_returned for latest issue order+article,true,true,
1200,69e9adf2733c29bce00f08ff,ORD-000036,69e9adf2733c29bce00f0927,issued,ORD-000036,69e88468733c29bce005bed6,69eb0ce486f7ddd153e47971,would_close_cone_and_create_return_txn,Empty-return cone and create 0 kg yarn_returned for latest issue order+article,true,true,
1201,69e9adf2733c29bce00f0900,ORD-000036,69e9adf2733c29bce00f0928,issued,ORD-000036,69e88468733c29bce005bed6,69eb0cd786f7ddd153e47941,would_close_cone_and_create_return_txn,Empty-return cone and create 0 kg yarn_returned for latest issue order+article,true,true,
1202,69e9adf2733c29bce00f0901,ORD-000036,69e9adf2733c29bce00f0929,issued,ORD-000036,69e88468733c29bce005bed6,69eb0cbd86f7ddd153e478dd,would_close_cone_and_create_return_txn,Empty-return cone and create 0 kg yarn_returned for latest issue order+article,true,true,
1203,69e9adf2733c29bce00f0902,ORD-000036,69e9adf2733c29bce00f092a,issued,ORD-000036,69e88468733c29bce005bed6,69eb0c9586f7ddd153e475f6,would_close_cone_and_create_return_txn,Empty-return cone and create 0 kg yarn_returned for latest issue order+article,true,true,
1204,69e9adf2733c29bce00f0903,ORD-000036,69e9adf2733c29bce00f092b,issued,ORD-000036,69e88468733c29bce005bed6,69eb0ccb86f7ddd153e47911,would_close_cone_and_create_return_txn,Empty-return cone and create 0 kg yarn_returned for latest issue order+article,true,true,
1205,69e9adf2733c29bce00f0904,ORD-000036,69e9adf2733c29bce00f092c,issued,ORD-000036,69e88468733c29bce005bed6,69eb0cde86f7ddd153e47959,would_close_cone_and_create_return_txn,Empty-return cone and create 0 kg yarn_returned for latest issue order+article,true,true,
1206,69e9adf2733c29bce00f0905,ORD-000036,69e9adf2733c29bce00f092d,issued,ORD-000036,69e88468733c29bce005bed6,69eb0cd186f7ddd153e47929,would_close_cone_and_create_return_txn,Empty-return cone and create 0 kg yarn_returned for latest issue order+article,true,true,
1207,69e9adf2733c29bce00f0906,ORD-000036,69e9adf2733c29bce00f092e,issued,ORD-000036,69e88468733c29bce005bed6,69eb0ca786f7ddd153e47749,would_close_cone_and_create_return_txn,Empty-return cone and create 0 kg yarn_returned for latest issue order+article,true,true,
1208,69e9adf2733c29bce00f0908,ORD-000036,69e9adf2733c29bce00f0930,issued,ORD-000036,69e88468733c29bce005bed6,69eb0cb286f7ddd153e47894,would_close_cone_and_create_return_txn,Empty-return cone and create 0 kg yarn_returned for latest issue order+article,true,true,
1209,69e9adf2733c29bce00f0909,ORD-000036,69e9adf2733c29bce00f0931,issued,ORD-000036,69e88468733c29bce005bed6,69eb0cc586f7ddd153e478f5,would_close_cone_and_create_return_txn,Empty-return cone and create 0 kg yarn_returned for latest issue order+article,true,true,
1210,69e9adf2733c29bce00f090b,ORD-000036,69e9adf2733c29bce00f0933,issued,ORD-000036,69e88468733c29bce005bed6,69eb0c9186f7ddd153e475de,would_close_cone_and_create_return_txn,Empty-return cone and create 0 kg yarn_returned for latest issue order+article,true,true,
1211,69e9adf2733c29bce00f090c,ORD-000036,69e9adf2733c29bce00f0934,issued,ORD-000036,69e88468733c29bce005bed6,69eb0cad86f7ddd153e47869,would_close_cone_and_create_return_txn,Empty-return cone and create 0 kg yarn_returned for latest issue order+article,true,true,
1212,69e9adf2733c29bce00f090d,ORD-000036,69e9adf2733c29bce00f0935,issued,ORD-000036,69e88468733c29bce005bed6,69eb0ca286f7ddd153e4760e,would_close_cone_and_create_return_txn,Empty-return cone and create 0 kg yarn_returned for latest issue order+article,true,true,
1213,69e9adf2733c29bce00f090e,ORD-000036,69e9adf2733c29bce00f0936,issued,ORD-000036,69e88468733c29bce005bed6,69eb0c8186f7ddd153e47596,would_close_cone_and_create_return_txn,Empty-return cone and create 0 kg yarn_returned for latest issue order+article,true,true,
1214,69e9adf2733c29bce00f090f,ORD-000036,69e9adf2733c29bce00f0937,issued,ORD-000036,69e88468733c29bce005bed6,69eb0c8686f7ddd153e475ae,would_close_cone_and_create_return_txn,Empty-return cone and create 0 kg yarn_returned for latest issue order+article,true,true,
1215,69e9adf2733c29bce00f0910,ORD-000036,69e9adf2733c29bce00f0938,issued,ORD-000036,69e88468733c29bce005bed6,69eb0c8b86f7ddd153e475c6,would_close_cone_and_create_return_txn,Empty-return cone and create 0 kg yarn_returned for latest issue order+article,true,true,
1216,69e9caea59aa9fc88a54e621,ORD-000094,69e9caea59aa9fc88a54e63a,issued,ORD-000030,69e08b3900ca64e3cf5969ff,69eb3ee886f7ddd153e8e4a3,would_close_cone_and_create_return_txn,Empty-return cone and create 0 kg yarn_returned for latest issue order+article,true,true,
1217,69e9dc7f59aa9fc88a5689df,ORD-000038,69e9dc7f59aa9fc88a568a07,issued,ORD-000038,69eb183d86f7ddd153e58ab2,69eb2a3386f7ddd153e61869,would_close_cone_and_create_return_txn,Empty-return cone and create 0 kg yarn_returned for latest issue order+article,true,true,
1218,69e9dc7f59aa9fc88a5689f1,ORD-000036,69e9dc7f59aa9fc88a568a19,issued,ORD-000036,69e88468733c29bce005bed7,69ebdea186f7ddd153ebad10,would_close_cone_and_create_return_txn,Empty-return cone and create 0 kg yarn_returned for latest issue order+article,true,true,
1219,69e9f2e559aa9fc88a593712,ORD-000069,69e9f2e559aa9fc88a593729,not_issued,,,,skip_not_issued,issueStatus is 'not_issued' (only currently issued cones are empty-returned),false,false,
1220,69e9f2e559aa9fc88a593713,ORD-000079,69e9f2e559aa9fc88a59372a,issued,ORD-000038,69eb183d86f7ddd153e58ab2,69eb2f5286f7ddd153e6fe48,would_close_cone_and_create_return_txn,Empty-return cone and create 0 kg yarn_returned for latest issue order+article,true,true,
1221,69e9f2e559aa9fc88a59371d,ORD-000062,69e9f2e559aa9fc88a593734,issued,ORD-000038,69eb183d86f7ddd153e58ab2,69eb2f5c86f7ddd153e6fe75,would_close_cone_and_create_return_txn,Empty-return cone and create 0 kg yarn_returned for latest issue order+article,true,true,
1222,69eb17c186f7ddd153e5848b,ORD-000036,69eb17c186f7ddd153e5849f,not_issued,,,,skip_not_issued,issueStatus is 'not_issued' (only currently issued cones are empty-returned),false,false,
1223,69eb17c186f7ddd153e58490,ORD-000036,69eb17c186f7ddd153e584a4,issued,ORD-000036,69e88468733c29bce005bed5,69ed151986f7ddd153f5172f,would_close_cone_and_create_return_txn,Empty-return cone and create 0 kg yarn_returned for latest issue order+article,true,true,
1224,69eb2d1086f7ddd153e670fa,ORD-000087,69eb2d1086f7ddd153e67120,not_issued,,,,skip_not_issued,issueStatus is 'not_issued' (only currently issued cones are empty-returned),false,false,
1225,69eb2d1086f7ddd153e67100,ORD-000087,69eb2d1086f7ddd153e67126,not_issued,,,,skip_not_issued,issueStatus is 'not_issued' (only currently issued cones are empty-returned),false,false,
1226,69eb2d1086f7ddd153e6710d,ORD-000087,69eb2d1086f7ddd153e67133,not_issued,,,,skip_not_issued,issueStatus is 'not_issued' (only currently issued cones are empty-returned),false,false,
1227,69eb2d1086f7ddd153e67115,ORD-000087,69eb2d1086f7ddd153e6713b,not_issued,,,,skip_not_issued,issueStatus is 'not_issued' (only currently issued cones are empty-returned),false,false,
1228,69eb2d1086f7ddd153e67116,ORD-000087,69eb2d1086f7ddd153e6713c,not_issued,,,,skip_not_issued,issueStatus is 'not_issued' (only currently issued cones are empty-returned),false,false,
1229,69eb369e86f7ddd153e834f2,ORD-000070,69eb369e86f7ddd153e8351a,not_issued,,,,skip_not_issued,issueStatus is 'not_issued' (only currently issued cones are empty-returned),false,false,
1230,69eb3cf786f7ddd153e89253,ORD-000062,69eb3cf786f7ddd153e89273,issued,ORD-000038,69eb183d86f7ddd153e58abb,69eb404086f7ddd153e90209,would_close_cone_and_create_return_txn,Empty-return cone and create 0 kg yarn_returned for latest issue order+article,true,true,
1231,69eb3cf786f7ddd153e89254,ORD-000067,69eb3cf786f7ddd153e89274,issued,ORD-000038,69eb183d86f7ddd153e58abb,69eb404a86f7ddd153e905a6,would_close_cone_and_create_return_txn,Empty-return cone and create 0 kg yarn_returned for latest issue order+article,true,true,
1232,69eb3cf786f7ddd153e8925d,ORD-000077,69eb3cf786f7ddd153e8927d,issued,ORD-000038,69eb183d86f7ddd153e58ab6,69ec817f86f7ddd153f05421,would_close_cone_and_create_return_txn,Empty-return cone and create 0 kg yarn_returned for latest issue order+article,true,true,
1233,69ec4fb486f7ddd153eca015,ORD-000027,69ec4fb486f7ddd153eca03d,not_issued,,,,skip_not_issued,issueStatus is 'not_issued' (only currently issued cones are empty-returned),false,false,
1234,69ec4feb86f7ddd153eca16a,ORD-000031,69ec4feb86f7ddd153eca192,issued,ORD-000036,69e88468733c29bce005bed9,69eee95686f7ddd153075a10,would_close_cone_and_create_return_txn,Empty-return cone and create 0 kg yarn_returned for latest issue order+article,true,true,
1235,69ec501486f7ddd153eca2bb,ORD-000035,69ec501486f7ddd153eca2e3,not_issued,,,,skip_not_issued,issueStatus is 'not_issued' (only currently issued cones are empty-returned),false,false,
1236,69ec501486f7ddd153eca2bf,ORD-000073,69ec501486f7ddd153eca2e7,not_issued,,,,skip_not_issued,issueStatus is 'not_issued' (only currently issued cones are empty-returned),false,false,
1237,69ec501486f7ddd153eca2ca,ORD-000038,69ec501486f7ddd153eca2f2,not_issued,,,,skip_not_issued,issueStatus is 'not_issued' (only currently issued cones are empty-returned),false,false,
1238,69ec501486f7ddd153eca2cd,ORD-000079,69ec501486f7ddd153eca2f5,not_issued,,,,skip_not_issued,issueStatus is 'not_issued' (only currently issued cones are empty-returned),false,false,
1239,69ec501486f7ddd153eca2d0,ORD-000038,69ec501486f7ddd153eca2f8,not_issued,,,,skip_not_issued,issueStatus is 'not_issued' (only currently issued cones are empty-returned),false,false,
1240,69ec503386f7ddd153eca3f5,ORD-000079,69ec503386f7ddd153eca41d,not_issued,,,,skip_not_issued,issueStatus is 'not_issued' (only currently issued cones are empty-returned),false,false,
1241,69ec503386f7ddd153eca3fb,ORD-000079,69ec503386f7ddd153eca423,not_issued,,,,skip_not_issued,issueStatus is 'not_issued' (only currently issued cones are empty-returned),false,false,
1242,69ec50d486f7ddd153eca5f8,ORD-000041,69ec50d486f7ddd153eca610,not_issued,,,,skip_not_issued,issueStatus is 'not_issued' (only currently issued cones are empty-returned),false,false,
1243,69ec512c86f7ddd153eca863,ORD-000064,69ec512c86f7ddd153eca87b,not_issued,,,,skip_not_issued,issueStatus is 'not_issued' (only currently issued cones are empty-returned),false,false,
1244,69ec519386f7ddd153ecaaf0,ORD-000041,69ec519386f7ddd153ecab08,not_issued,,,,skip_not_issued,issueStatus is 'not_issued' (only currently issued cones are empty-returned),false,false,
1245,69ec519386f7ddd153ecaaf1,ORD-000041,69ec519386f7ddd153ecab09,not_issued,,,,skip_not_issued,issueStatus is 'not_issued' (only currently issued cones are empty-returned),false,false,
1246,69ec519386f7ddd153ecaaf2,ORD-000041,69ec519386f7ddd153ecab0a,not_issued,,,,skip_not_issued,issueStatus is 'not_issued' (only currently issued cones are empty-returned),false,false,
1247,69ec519386f7ddd153ecaaf6,ORD-000082,69ec519386f7ddd153ecab0e,not_issued,,,,skip_not_issued,issueStatus is 'not_issued' (only currently issued cones are empty-returned),false,false,
1248,69ec519386f7ddd153ecaaf7,ORD-000082,69ec519386f7ddd153ecab0f,not_issued,,,,skip_not_issued,issueStatus is 'not_issued' (only currently issued cones are empty-returned),false,false,
1249,69ec519386f7ddd153ecaafd,ORD-000082,69ec519386f7ddd153ecab15,not_issued,,,,skip_not_issued,issueStatus is 'not_issued' (only currently issued cones are empty-returned),false,false,
1250,69ec519386f7ddd153ecab02,ORD-000082,69ec519386f7ddd153ecab1a,not_issued,,,,skip_not_issued,issueStatus is 'not_issued' (only currently issued cones are empty-returned),false,false,
1251,69ec519386f7ddd153ecab04,ORD-000082,69ec519386f7ddd153ecab1c,not_issued,,,,skip_not_issued,issueStatus is 'not_issued' (only currently issued cones are empty-returned),false,false,
1252,69ec51d286f7ddd153ecac60,ORD-000079,69ec51d286f7ddd153ecac88,not_issued,,,,skip_not_issued,issueStatus is 'not_issued' (only currently issued cones are empty-returned),false,false,
1253,69ec51d286f7ddd153ecac76,ORD-000079,69ec51d286f7ddd153ecac9e,not_issued,,,,skip_not_issued,issueStatus is 'not_issued' (only currently issued cones are empty-returned),false,false,
1254,69ec699386f7ddd153edea20,ORD-000038,69ec699386f7ddd153edea48,not_issued,,,,skip_not_issued,issueStatus is 'not_issued' (only currently issued cones are empty-returned),false,false,
1255,69ec79d486f7ddd153ef0e59,ORD-000069,69ec79d486f7ddd153ef0e70,issued,ORD-000038,69eb183d86f7ddd153e58ab9,69ec8fb886f7ddd153f304fe,would_close_cone_and_create_return_txn,Empty-return cone and create 0 kg yarn_returned for latest issue order+article,true,true,
1256,69ec79d486f7ddd153ef0e61,ORD-000077,69ec79d486f7ddd153ef0e78,not_issued,,,,skip_not_issued,issueStatus is 'not_issued' (only currently issued cones are empty-returned),false,false,
1257,69ec79d486f7ddd153ef0e69,ORD-000043,69ec79d486f7ddd153ef0e80,issued,ORD-000038,69eb183d86f7ddd153e58ab9,69eef06186f7ddd15308792b,would_close_cone_and_create_return_txn,Empty-return cone and create 0 kg yarn_returned for latest issue order+article,true,true,
1258,69ec79d486f7ddd153ef0e6b,ORD-000060,69ec79d486f7ddd153ef0e82,not_issued,,,,skip_not_issued,issueStatus is 'not_issued' (only currently issued cones are empty-returned),false,false,
1259,69ec7ad286f7ddd153ef2661,ORD-000032,69ec7ad286f7ddd153ef267f,not_issued,,,,skip_not_issued,issueStatus is 'not_issued' (only currently issued cones are empty-returned),false,false,
1260,69eef55086f7ddd15309ad5d,ORD-000041,,,,,,not_found,YarnCone not found,,,
1261,69ef02db86f7ddd1530cdb00,ORD-000084,,,,,,not_found,YarnCone not found,,,
1262,69ef02db86f7ddd1530cdb04,ORD-000069,,,,,,not_found,YarnCone not found,,,
1263,69ef1b7786f7ddd1530e61a4,ORD-000076,,,,,,not_found,YarnCone not found,,,
1264,69ef21ba86f7ddd1530f274d,ORD-000038,,,,,,not_found,YarnCone not found,,,
1265,69ef5b0764b7ac1888ec5f13,ORD-000071,,,,,,not_found,YarnCone not found,,,
1266,69f081f6bd0f1f2ad78431e5,ORD-000067,,,,,,not_found,YarnCone not found,,,
1267,69f0824ebd0f1f2ad78433cf,ORD-000077,,,,,,not_found,YarnCone not found,,,
1268,69f0824ebd0f1f2ad78433d9,ORD-000079,,,,,,not_found,YarnCone not found,,,
1269,69f097cdbd0f1f2ad78541ff,ORD-000070,,,,,,not_found,YarnCone not found,,,
1270,69f0b49bfd50872cbcfff043,ORD-000082,,,,,,not_found,YarnCone not found,,,
1271,69f0b49bfd50872cbcfff047,ORD-000077,,,,,,not_found,YarnCone not found,,,
1272,69f0b49bfd50872cbcfff04b,ORD-000075,,,,,,not_found,YarnCone not found,,,
1273,69f0b49bfd50872cbcfff050,ORD-000043,,,,,,not_found,YarnCone not found,,,
1274,69f1aa64fd50872cbc08d9e6,ORD-000071,,,,,,not_found,YarnCone not found,,,
1275,69f1aa64fd50872cbc08d9e8,ORD-000085,,,,,,not_found,YarnCone not found,,,
1276,69f1aa64fd50872cbc08d9ef,ORD-000080,,,,,,not_found,YarnCone not found,,,
1277,69f1aa64fd50872cbc08d9f1,ORD-000030,,,,,,not_found,YarnCone not found,,,
1278,69f1aa64fd50872cbc08d9f3,ORD-000080,,,,,,not_found,YarnCone not found,,,
1279,69f1aa64fd50872cbc08d9f7,ORD-000071,,,,,,not_found,YarnCone not found,,,
1280,69f1aa64fd50872cbc08d9f8,ORD-000085,,,,,,not_found,YarnCone not found,,,
1281,69f1ad6ffd50872cbc0951f6,ORD-000054,,,,,,not_found,YarnCone not found,,,
1282,69f1ad6ffd50872cbc0951fc,ORD-000077,,,,,,not_found,YarnCone not found,,,
1283,69f1c83afd50872cbc0bd20e,ORD-000079,,,,,,not_found,YarnCone not found,,,
1284,69f1c975fd50872cbc0c4578,ORD-000082,,,,,,not_found,YarnCone not found,,,
1285,69f1c975fd50872cbc0c457a,ORD-000082,,,,,,not_found,YarnCone not found,,,
1286,69f1eb9a294f6c3bef82c1f8,ORD-000085,,,,,,not_found,YarnCone not found,,,
1287,69f1ec74294f6c3bef82e2fd,ORD-000071,,,,,,not_found,YarnCone not found,,,
1288,69f1fe902095293f7e58d9c1,ORD-000074,,,,,,not_found,YarnCone not found,,,
1289,69f2dcc82095293f7e5aa7d0,ORD-000077,,,,,,not_found,YarnCone not found,,,
1290,69f2dcc82095293f7e5aa7db,ORD-000080,,,,,,not_found,YarnCone not found,,,
1291,69f2dcc82095293f7e5aa7dd,ORD-000080,,,,,,not_found,YarnCone not found,,,
1292,69f2dcc82095293f7e5aa7e1,ORD-000080,,,,,,not_found,YarnCone not found,,,
1293,69f2dfbd2095293f7e5ae767,ORD-000056,,,,,,not_found,YarnCone not found,,,
1294,69f2fc85881ec7509dd71c90,ORD-000031,,,,,,not_found,YarnCone not found,,,
1295,69f2fc85881ec7509dd71ca7,ORD-000078,,,,,,not_found,YarnCone not found,,,
1296,69f2fc85881ec7509dd71ca9,ORD-000082,,,,,,not_found,YarnCone not found,,,
1297,69f312f6a4b45a51622a85d7,ORD-000070,,,,,,not_found,YarnCone not found,,,
1298,69f335d3ca8c3d53366e50ee,ORD-000079,,,,,,not_found,YarnCone not found,,,
1299,69f335d3ca8c3d53366e50ef,ORD-000079,,,,,,not_found,YarnCone not found,,,
1300,69f335d3ca8c3d53366e50f0,ORD-000084,,,,,,not_found,YarnCone not found,,,
1301,69f335d3ca8c3d53366e50f1,ORD-000079,,,,,,not_found,YarnCone not found,,,
1302,69f335d3ca8c3d53366e50f6,ORD-000084,,,,,,not_found,YarnCone not found,,,
1303,69f335d3ca8c3d53366e510a,ORD-000084,,,,,,not_found,YarnCone not found,,,
1304,69f335d3ca8c3d53366e510e,ORD-000079,,,,,,not_found,YarnCone not found,,,
1305,69f33a46ca8c3d53366e69fb,ORD-000080,,,,,,not_found,YarnCone not found,,,
1306,69f33a46ca8c3d53366e6a00,ORD-000085,,,,,,not_found,YarnCone not found,,,
1307,69f33a46ca8c3d53366e6a0a,ORD-000070,,,,,,not_found,YarnCone not found,,,
1308,69f34080ca8c3d53366ee479,ORD-000077,,,,,,not_found,YarnCone not found,,,
1309,69f34080ca8c3d53366ee48b,ORD-000077,,,,,,not_found,YarnCone not found,,,
1310,69f34080ca8c3d53366ee49e,ORD-000079,,,,,,not_found,YarnCone not found,,,
1311,69f5a48d27350179fbab0259,ORD-000067,,,,,,not_found,YarnCone not found,,,
1312,69f5a48d27350179fbab025a,ORD-000079,,,,,,not_found,YarnCone not found,,,
1313,69f5a48d27350179fbab025b,ORD-000081,,,,,,not_found,YarnCone not found,,,
1314,69f5a48d27350179fbab025c,ORD-000083,,,,,,not_found,YarnCone not found,,,
1315,69f5a48d27350179fbab0260,ORD-000083,,,,,,not_found,YarnCone not found,,,
1316,69f5a48d27350179fbab0261,ORD-000083,,,,,,not_found,YarnCone not found,,,
1317,69f5a4c127350179fbab03a3,ORD-000083,,,,,,not_found,YarnCone not found,,,
1318,69f5a4c127350179fbab03ad,ORD-000083,,,,,,not_found,YarnCone not found,,,
1319,69f5a4c127350179fbab03af,ORD-000083,,,,,,not_found,YarnCone not found,,,
1320,69f5a4ea27350179fbab04da,ORD-000067,,,,,,not_found,YarnCone not found,,,
1321,69f5a4ea27350179fbab04dc,ORD-000031,,,,,,not_found,YarnCone not found,,,
1322,69f5a4ea27350179fbab04e1,ORD-000077,,,,,,not_found,YarnCone not found,,,
1323,69f5a4ea27350179fbab04e3,ORD-000080,,,,,,not_found,YarnCone not found,,,
1324,69f5a4ea27350179fbab04e6,ORD-000072,,,,,,not_found,YarnCone not found,,,
1325,69f5a4ea27350179fbab04e9,ORD-000078,,,,,,not_found,YarnCone not found,,,
1326,69f5a51727350179fbab079a,ORD-000067,,,,,,not_found,YarnCone not found,,,
1327,69f5a51727350179fbab07a9,ORD-000081,,,,,,not_found,YarnCone not found,,,
1328,69f5a51727350179fbab07ad,ORD-000077,,,,,,not_found,YarnCone not found,,,
1329,69f5e2f327350179fbae6dde,ORD-000071,,,,,,not_found,YarnCone not found,,,
1330,69f5e2f327350179fbae6de5,ORD-000080,,,,,,not_found,YarnCone not found,,,
1331,69f5e2f327350179fbae6dec,ORD-000080,,,,,,not_found,YarnCone not found,,,
1332,69f5e2f327350179fbae6df3,ORD-000078,,,,,,not_found,YarnCone not found,,,
1333,69f5e2f327350179fbae6e01,ORD-000080,,,,,,not_found,YarnCone not found,,,
1334,69f5e2f327350179fbae6e04,ORD-000080,,,,,,not_found,YarnCone not found,,,
1335,69f8300727350179fbb13ab0,ORD-000082,,,,,,not_found,YarnCone not found,,,
1336,69f8307d27350179fbb15962,ORD-000082,,,,,,not_found,YarnCone not found,,,
1337,69f88c3827350179fbb56061,ORD-000075,,,,,,not_found,YarnCone not found,,,
1338,69f88c3827350179fbb56062,ORD-000075,,,,,,not_found,YarnCone not found,,,
1339,69f88c3827350179fbb5606c,ORD-000075,,,,,,not_found,YarnCone not found,,,
1340,69f88c3827350179fbb5606f,ORD-000075,,,,,,not_found,YarnCone not found,,,
1341,69f8979927350179fbb5e097,ORD-000075,,,,,,not_found,YarnCone not found,,,
1342,69f9a10e27350179fbbbdf28,ORD-000080,,,,,,not_found,YarnCone not found,,,
1343,69f9a10e27350179fbbbdf29,ORD-000077,,,,,,not_found,YarnCone not found,,,
1344,69f9a10e27350179fbbbdf2a,ORD-000077,,,,,,not_found,YarnCone not found,,,
1345,69f9a10e27350179fbbbdf2b,ORD-000080,,,,,,not_found,YarnCone not found,,,
1346,69f9a3fc27350179fbbbe1e8,ORD-000080,,,,,,not_found,YarnCone not found,,,
1347,69f9a3fc27350179fbbbe1ed,ORD-000080,,,,,,not_found,YarnCone not found,,,
1348,69f9a3fc27350179fbbbe1f0,ORD-000080,,,,,,not_found,YarnCone not found,,,
1349,69f9a3fc27350179fbbbe1f2,ORD-000090,,,,,,not_found,YarnCone not found,,,
1350,69f9a3fc27350179fbbbe1f3,ORD-000080,,,,,,not_found,YarnCone not found,,,
1351,69f9a3fc27350179fbbbe1f4,ORD-000080,,,,,,not_found,YarnCone not found,,,
1352,69f9a3fc27350179fbbbe1f6,ORD-000080,,,,,,not_found,YarnCone not found,,,
1353,69f9a3fc27350179fbbbe1f7,ORD-000080,,,,,,not_found,YarnCone not found,,,
1354,69f9a3fc27350179fbbbe1fd,ORD-000080,,,,,,not_found,YarnCone not found,,,
1355,69f9a42727350179fbbbe2c8,ORD-000069,,,,,,not_found,YarnCone not found,,,
1356,69f9a45427350179fbbbe36f,ORD-000080,,,,,,not_found,YarnCone not found,,,
1357,69f9a54627350179fbbbeb4f,ORD-000077,,,,,,not_found,YarnCone not found,,,
1358,69f9a54627350179fbbbeb53,ORD-000077,,,,,,not_found,YarnCone not found,,,
1359,69f9a54627350179fbbbeb5c,ORD-000077,,,,,,not_found,YarnCone not found,,,
1360,69f9a54627350179fbbbeb60,ORD-000077,,,,,,not_found,YarnCone not found,,,
1361,69f9a57327350179fbbbf310,ORD-000079,,,,,,not_found,YarnCone not found,,,
1362,69f9a57327350179fbbbf312,ORD-000079,,,,,,not_found,YarnCone not found,,,
1363,69f9a57327350179fbbbf318,ORD-000073,,,,,,not_found,YarnCone not found,,,
1364,69f9a5a727350179fbbbfb20,ORD-000068,,,,,,not_found,YarnCone not found,,,
1365,69f9a5a727350179fbbbfb25,ORD-000079,,,,,,not_found,YarnCone not found,,,
1366,69f9a5a727350179fbbbfb28,ORD-000068,,,,,,not_found,YarnCone not found,,,
1367,69f9a5fe27350179fbbc02db,ORD-000069,,,,,,not_found,YarnCone not found,,,
1368,69f9a5fe27350179fbbc02e0,ORD-000068,,,,,,not_found,YarnCone not found,,,
1369,69f9a5fe27350179fbbc02e2,ORD-000079,,,,,,not_found,YarnCone not found,,,
1370,69f9a5fe27350179fbbc02e4,ORD-000068,,,,,,not_found,YarnCone not found,,,
1371,69f9a5fe27350179fbbc02ea,ORD-000073,,,,,,not_found,YarnCone not found,,,
1372,69f9a5fe27350179fbbc02ee,ORD-000079,,,,,,not_found,YarnCone not found,,,
1373,69f9a5fe27350179fbbc02f2,ORD-000079,,,,,,not_found,YarnCone not found,,,
1374,69f9a5fe27350179fbbc02f7,ORD-000069,,,,,,not_found,YarnCone not found,,,
1375,69f9a5fe27350179fbbc02f8,ORD-000069,,,,,,not_found,YarnCone not found,,,
1376,69f9a62c27350179fbbc0506,ORD-000068,,,,,,not_found,YarnCone not found,,,
1377,69f9a62c27350179fbbc0509,ORD-000073,,,,,,not_found,YarnCone not found,,,
1378,69f9a62c27350179fbbc050b,ORD-000079,,,,,,not_found,YarnCone not found,,,
1379,69f9a62c27350179fbbc050c,ORD-000079,,,,,,not_found,YarnCone not found,,,
1380,69f9a62c27350179fbbc050e,ORD-000068,,,,,,not_found,YarnCone not found,,,
1381,69f9a62c27350179fbbc050f,ORD-000073,,,,,,not_found,YarnCone not found,,,
1382,69f9a62c27350179fbbc0513,ORD-000079,,,,,,not_found,YarnCone not found,,,
1383,69f9a62c27350179fbbc0515,ORD-000073,,,,,,not_found,YarnCone not found,,,
1384,69f9a62c27350179fbbc051a,ORD-000079,,,,,,not_found,YarnCone not found,,,
1385,69f9a62c27350179fbbc0523,ORD-000080,,,,,,not_found,YarnCone not found,,,
1386,69f9a62c27350179fbbc0524,ORD-000073,,,,,,not_found,YarnCone not found,,,
1387,69f9a66127350179fbbc0792,ORD-000069,,,,,,not_found,YarnCone not found,,,
1388,69f9a69f27350179fbbc0c0f,ORD-000079,,,,,,not_found,YarnCone not found,,,
1389,69f9b77627350179fbbd9760,ORD-000079,,,,,,not_found,YarnCone not found,,,
1390,69f9b77627350179fbbd9766,ORD-000078,,,,,,not_found,YarnCone not found,,,
1391,69f9b77627350179fbbd9769,ORD-000073,,,,,,not_found,YarnCone not found,,,
1392,69f9b77627350179fbbd976c,ORD-000078,,,,,,not_found,YarnCone not found,,,
1393,69fae4275d52acdb77d8dce6,ORD-000088,,,,,,not_found,YarnCone not found,,,
1394,69fae4595d52acdb77d8deac,ORD-000079,,,,,,not_found,YarnCone not found,,,
1395,69fae4595d52acdb77d8deb4,ORD-000081,,,,,,not_found,YarnCone not found,,,
1396,69fae4595d52acdb77d8deb6,ORD-000079,,,,,,not_found,YarnCone not found,,,
1397,69fae4595d52acdb77d8deb7,ORD-000079,,,,,,not_found,YarnCone not found,,,
1398,69fae4595d52acdb77d8deb8,ORD-000080,,,,,,not_found,YarnCone not found,,,
1399,69fae4775d52acdb77d8e036,ORD-000080,,,,,,not_found,YarnCone not found,,,
1400,69fae4775d52acdb77d8e037,ORD-000077,,,,,,not_found,YarnCone not found,,,
1401,69fae4775d52acdb77d8e039,ORD-000085,,,,,,not_found,YarnCone not found,,,
1402,69fae4775d52acdb77d8e03b,ORD-000080,,,,,,not_found,YarnCone not found,,,
1403,69fae4775d52acdb77d8e040,ORD-000080,,,,,,not_found,YarnCone not found,,,
1404,69fae4a95d52acdb77d8e292,ORD-000031,,,,,,not_found,YarnCone not found,,,
1405,69faf7f6eb9958dc28ce9526,ORD-000079,,,,,,not_found,YarnCone not found,,,
1406,69fb4ee4c1c96adf1f775c02,ORD-000073,,,,,,not_found,YarnCone not found,,,
1407,69fc0de8c1c96adf1f77db26,ORD-000079,,,,,,not_found,YarnCone not found,,,
1408,69fc0de8c1c96adf1f77db27,ORD-000069,,,,,,not_found,YarnCone not found,,,
1409,69fc0de8c1c96adf1f77db28,ORD-000069,,,,,,not_found,YarnCone not found,,,
1410,69fc0de8c1c96adf1f77db2b,ORD-000069,,,,,,not_found,YarnCone not found,,,
1411,69fc0de8c1c96adf1f77db30,ORD-000069,,,,,,not_found,YarnCone not found,,,
1412,69fc0de8c1c96adf1f77db3d,ORD-000069,,,,,,not_found,YarnCone not found,,,
1413,69fc0de8c1c96adf1f77db3e,ORD-000069,,,,,,not_found,YarnCone not found,,,
1414,69fc0de8c1c96adf1f77db44,ORD-000079,,,,,,not_found,YarnCone not found,,,
1415,69fc0e10c1c96adf1f77dcf5,ORD-000069,,,,,,not_found,YarnCone not found,,,
1416,69fc0e10c1c96adf1f77dcf8,ORD-000069,,,,,,not_found,YarnCone not found,,,
1417,69fc0e10c1c96adf1f77dd02,ORD-000069,,,,,,not_found,YarnCone not found,,,
1418,69fc0e10c1c96adf1f77dd06,ORD-000069,,,,,,not_found,YarnCone not found,,,
1419,69fc0e10c1c96adf1f77dd09,ORD-000079,,,,,,not_found,YarnCone not found,,,
1420,69fc0e10c1c96adf1f77dd0d,ORD-000073,,,,,,not_found,YarnCone not found,,,
1421,69fc0e10c1c96adf1f77dd0e,ORD-000069,,,,,,not_found,YarnCone not found,,,
1422,69fc0e10c1c96adf1f77dd10,ORD-000069,,,,,,not_found,YarnCone not found,,,
1423,69fc4e71c1c96adf1f7c9d0d,ORD-000076,,,,,,not_found,YarnCone not found,,,
1424,69fc4ef8c1c96adf1f7ca1d3,ORD-000051,,,,,,not_found,YarnCone not found,,,
1425,69fc4f28c1c96adf1f7ca452,ORD-000076,,,,,,not_found,YarnCone not found,,,
1426,69fc4f28c1c96adf1f7ca453,ORD-000077,,,,,,not_found,YarnCone not found,,,
1427,69fc4f28c1c96adf1f7ca455,ORD-000077,,,,,,not_found,YarnCone not found,,,
1428,69fc4f28c1c96adf1f7ca456,ORD-000077,,,,,,not_found,YarnCone not found,,,
1429,69fc4f28c1c96adf1f7ca457,ORD-000082,,,,,,not_found,YarnCone not found,,,
1430,69fc4f28c1c96adf1f7ca45b,ORD-000076,,,,,,not_found,YarnCone not found,,,
1431,69fc4f28c1c96adf1f7ca45f,ORD-000076,,,,,,not_found,YarnCone not found,,,
1432,69fc537ec1c96adf1f7cb7b7,ORD-000087,,,,,,not_found,YarnCone not found,,,
1433,69fc537ec1c96adf1f7cb7b9,ORD-000072,,,,,,not_found,YarnCone not found,,,
1434,69fc665dc1c96adf1f7cfec3,ORD-000079,,,,,,not_found,YarnCone not found,,,
1435,69fc665dc1c96adf1f7cfec8,ORD-000079,,,,,,not_found,YarnCone not found,,,
1436,69fc665dc1c96adf1f7cfec9,ORD-000080,,,,,,not_found,YarnCone not found,,,
1437,69fc665dc1c96adf1f7cfecc,ORD-000080,,,,,,not_found,YarnCone not found,,,
1438,69fc665dc1c96adf1f7cfed0,ORD-000061,,,,,,not_found,YarnCone not found,,,
1439,69fc665dc1c96adf1f7cfed4,ORD-000079,,,,,,not_found,YarnCone not found,,,
1440,69fc665dc1c96adf1f7cfed6,ORD-000079,,,,,,not_found,YarnCone not found,,,
1441,69fc6d3bb9fc4ced13d31e0a,ORD-000087,,,,,,not_found,YarnCone not found,,,
1442,69fc6d3bb9fc4ced13d31e0f,ORD-000087,,,,,,not_found,YarnCone not found,,,
1443,69fc6d3bb9fc4ced13d31e1e,ORD-000087,,,,,,not_found,YarnCone not found,,,
1444,69fc6fc8b9fc4ced13d329d0,ORD-000076,,,,,,not_found,YarnCone not found,,,
1445,69fc6fc8b9fc4ced13d329e0,ORD-000076,,,,,,not_found,YarnCone not found,,,
1446,69fc6fc8b9fc4ced13d329e1,ORD-000076,,,,,,not_found,YarnCone not found,,,
1447,69fc6fc8b9fc4ced13d329e9,ORD-000076,,,,,,not_found,YarnCone not found,,,
1448,69fd6541669e57ef57135153,ORD-000080,,,,,,not_found,YarnCone not found,,,
1449,69fd6541669e57ef57135155,ORD-000080,,,,,,not_found,YarnCone not found,,,
1450,69fd6541669e57ef5713515e,ORD-000080,,,,,,not_found,YarnCone not found,,,
1451,69fd6541669e57ef57135162,ORD-000080,,,,,,not_found,YarnCone not found,,,
1452,69fd6541669e57ef57135163,ORD-000080,,,,,,not_found,YarnCone not found,,,
1453,69fd6541669e57ef5713516b,ORD-000080,,,,,,not_found,YarnCone not found,,,
1454,69fd65d3669e57ef5713525a,ORD-000080,,,,,,not_found,YarnCone not found,,,
1455,69fd65d3669e57ef5713525b,ORD-000080,,,,,,not_found,YarnCone not found,,,
1456,69fd65d3669e57ef5713525d,ORD-000080,,,,,,not_found,YarnCone not found,,,
1457,69fd65d3669e57ef5713525e,ORD-000080,,,,,,not_found,YarnCone not found,,,
1458,69fd65d3669e57ef57135261,ORD-000080,,,,,,not_found,YarnCone not found,,,
1459,69fd65d3669e57ef57135262,ORD-000080,,,,,,not_found,YarnCone not found,,,
1460,69fd65d3669e57ef57135263,ORD-000080,,,,,,not_found,YarnCone not found,,,
1461,69fd65d3669e57ef57135265,ORD-000080,,,,,,not_found,YarnCone not found,,,
1462,69fd65d3669e57ef5713526a,ORD-000080,,,,,,not_found,YarnCone not found,,,
1463,69fd65d3669e57ef5713526e,ORD-000080,,,,,,not_found,YarnCone not found,,,
1464,69fd65d3669e57ef57135270,ORD-000080,,,,,,not_found,YarnCone not found,,,
1465,69fd65d3669e57ef57135271,ORD-000080,,,,,,not_found,YarnCone not found,,,
1466,69fd65d3669e57ef57135273,ORD-000080,,,,,,not_found,YarnCone not found,,,
1467,69fd65d3669e57ef57135274,ORD-000080,,,,,,not_found,YarnCone not found,,,
1468,69fd65d3669e57ef57135276,ORD-000080,,,,,,not_found,YarnCone not found,,,
1469,69fd65d3669e57ef57135277,ORD-000080,,,,,,not_found,YarnCone not found,,,
1470,69fd65d3669e57ef57135278,ORD-000069,,,,,,not_found,YarnCone not found,,,
1471,69fd65d3669e57ef57135279,ORD-000080,,,,,,not_found,YarnCone not found,,,
1472,69fd65d3669e57ef5713527b,ORD-000080,,,,,,not_found,YarnCone not found,,,
1473,69fd65d3669e57ef5713527e,ORD-000080,,,,,,not_found,YarnCone not found,,,
1474,69fd65d3669e57ef57135280,ORD-000080,,,,,,not_found,YarnCone not found,,,
1475,69fd65d3669e57ef57135281,ORD-000080,,,,,,not_found,YarnCone not found,,,
1476,69fd6608669e57ef571353c6,ORD-000079,,,,,,not_found,YarnCone not found,,,
1477,69fd6608669e57ef571353c8,ORD-000080,,,,,,not_found,YarnCone not found,,,
1478,69fd6608669e57ef571353cf,ORD-000073,,,,,,not_found,YarnCone not found,,,
1479,69fd6608669e57ef571353d3,ORD-000073,,,,,,not_found,YarnCone not found,,,
1480,69fd662e669e57ef571355b2,ORD-000069,,,,,,not_found,YarnCone not found,,,
1481,69fd84ba669e57ef57156e5f,ORD-000080,,,,,,not_found,YarnCone not found,,,
1482,69fd84ba669e57ef57156e60,ORD-000080,,,,,,not_found,YarnCone not found,,,
1483,69fd84ba669e57ef57156e68,ORD-000080,,,,,,not_found,YarnCone not found,,,
1484,69fd84ba669e57ef57156e69,ORD-000080,,,,,,not_found,YarnCone not found,,,
1485,69fd84ba669e57ef57156e6f,ORD-000091,,,,,,not_found,YarnCone not found,,,
1486,69fd84ba669e57ef57156e72,ORD-000083,,,,,,not_found,YarnCone not found,,,
1487,69fd84ba669e57ef57156e74,ORD-000080,,,,,,not_found,YarnCone not found,,,
1488,69fd84ba669e57ef57156e76,ORD-000080,,,,,,not_found,YarnCone not found,,,
1489,69fd84d5669e57ef57157063,ORD-000082,,,,,,not_found,YarnCone not found,,,
1490,69fd84ea669e57ef571572a3,ORD-000080,,,,,,not_found,YarnCone not found,,,
1491,69fd84ea669e57ef571572a8,ORD-000080,,,,,,not_found,YarnCone not found,,,
1492,69fd852f669e57ef57158431,ORD-000084,,,,,,not_found,YarnCone not found,,,
1493,69fd85aa669e57ef57159af4,ORD-000083,,,,,,not_found,YarnCone not found,,,
1494,69fd85aa669e57ef57159afa,ORD-000069,,,,,,not_found,YarnCone not found,,,
1495,69fd85aa669e57ef57159afb,ORD-000081,,,,,,not_found,YarnCone not found,,,
1496,69fd85aa669e57ef57159b00,ORD-000081,,,,,,not_found,YarnCone not found,,,
1497,69fd8606669e57ef57159da8,ORD-000043,,,,,,not_found,YarnCone not found,,,
1498,69fd8606669e57ef57159daa,ORD-000069,,,,,,not_found,YarnCone not found,,,
1499,69fd861c669e57ef57159e85,ORD-000067,,,,,,not_found,YarnCone not found,,,
1500,69fd861c669e57ef57159e8a,ORD-000077,,,,,,not_found,YarnCone not found,,,
1501,69fd861c669e57ef57159e93,ORD-000067,,,,,,not_found,YarnCone not found,,,
1502,69fdb68e669e57ef57177283,ORD-000076,,,,,,not_found,YarnCone not found,,,
1503,69fdb825669e57ef57177c4e,ORD-000075,,,,,,not_found,YarnCone not found,,,
1504,69feb355669e57ef57187deb,ORD-000047,,,,,,not_found,YarnCone not found,,,
1505,69feb355669e57ef57187df5,ORD-000047,,,,,,not_found,YarnCone not found,,,
1506,69feb45b669e57ef57188588,ORD-000076,,,,,,not_found,YarnCone not found,,,
1507,69feb45b669e57ef5718858d,ORD-000076,,,,,,not_found,YarnCone not found,,,
1508,69feb45b669e57ef57188590,ORD-000076,,,,,,not_found,YarnCone not found,,,
1509,69feb45b669e57ef571885a5,ORD-000076,,,,,,not_found,YarnCone not found,,,
1510,69fed900669e57ef571a8d08,ORD-000061,,,,,,not_found,YarnCone not found,,,
1511,69feda01669e57ef571a8dc1,ORD-000070,,,,,,not_found,YarnCone not found,,,
1512,69feda01669e57ef571a8dc6,ORD-000046,,,,,,not_found,YarnCone not found,,,
1513,69feeebe669e57ef571bc139,ORD-000079,,,,,,not_found,YarnCone not found,,,
1514,69feeebe669e57ef571bc13a,ORD-000079,,,,,,not_found,YarnCone not found,,,
1515,69feeebe669e57ef571bc13e,ORD-000079,,,,,,not_found,YarnCone not found,,,
1516,69feefc3669e57ef571bdd16,ORD-000079,,,,,,not_found,YarnCone not found,,,
1517,69ff04fa669e57ef571cd2ab,ORD-000042,,,,,,not_found,YarnCone not found,,,
1518,69ff0544669e57ef571cd41d,ORD-000074,,,,,,not_found,YarnCone not found,,,
1519,69ff057e669e57ef571cd5ed,ORD-000070,,,,,,not_found,YarnCone not found,,,
1520,69ff057e669e57ef571cd5fc,ORD-000074,,,,,,not_found,YarnCone not found,,,
1521,69ff057e669e57ef571cd601,ORD-000070,,,,,,not_found,YarnCone not found,,,
1522,69ff1921669e57ef571d14bc,ORD-000069,,,,,,not_found,YarnCone not found,,,
1523,69ff1921669e57ef571d14bd,ORD-000080,,,,,,not_found,YarnCone not found,,,
1524,69ff1921669e57ef571d14c3,ORD-000068,,,,,,not_found,YarnCone not found,,,
1525,69ff1921669e57ef571d14c4,ORD-000069,,,,,,not_found,YarnCone not found,,,
1526,69ff1921669e57ef571d14d5,ORD-000069,,,,,,not_found,YarnCone not found,,,
1527,69ff1921669e57ef571d14d8,ORD-000079,,,,,,not_found,YarnCone not found,,,
1528,69ff1e48669e57ef571d23a1,ORD-000083,,,,,,not_found,YarnCone not found,,,
1529,69ff1f62669e57ef571d26c3,ORD-000079,,,,,,not_found,YarnCone not found,,,
1530,69ff1f62669e57ef571d26d2,ORD-000067,,,,,,not_found,YarnCone not found,,,
1531,6a0191e86770942a90ea2320,ORD-000089,,,,,,not_found,YarnCone not found,,,
1532,6a0191e86770942a90ea233c,ORD-000089,,,,,,not_found,YarnCone not found,,,
1533,6a01ab296770942a90eb335e,ORD-000073,,,,,,not_found,YarnCone not found,,,
1534,6a01ab296770942a90eb336a,ORD-000080,,,,,,not_found,YarnCone not found,,,
1535,6a01ab296770942a90eb3379,ORD-000078,,,,,,not_found,YarnCone not found,,,
1536,6a01ab296770942a90eb337a,ORD-000084,,,,,,not_found,YarnCone not found,,,
1537,6a01ac096770942a90eb45cc,ORD-000076,,,,,,not_found,YarnCone not found,,,
1538,6a01ac096770942a90eb45d8,ORD-000076,,,,,,not_found,YarnCone not found,,,
1539,6a02c5a32dde18399ea426a7,ORD-000080,,,,,,not_found,YarnCone not found,,,
1540,6a02c5a32dde18399ea426aa,ORD-000079,,,,,,not_found,YarnCone not found,,,
1541,6a02c5a32dde18399ea426b0,ORD-000069,,,,,,not_found,YarnCone not found,,,
1542,6a02c5f82dde18399ea42981,ORD-000079,,,,,,not_found,YarnCone not found,,,
1543,6a02c5f82dde18399ea42989,ORD-000069,,,,,,not_found,YarnCone not found,,,
1544,6a02c5f82dde18399ea4298f,ORD-000069,,,,,,not_found,YarnCone not found,,,
1545,6a02ef3f2dde18399ea4e81e,ORD-000074,,,,,,not_found,YarnCone not found,,,
1546,6a02ef3f2dde18399ea4e81f,ORD-000083,,,,,,not_found,YarnCone not found,,,
1547,6a02ef3f2dde18399ea4e823,ORD-000073,,,,,,not_found,YarnCone not found,,,
1548,6a02efb12dde18399ea4ec69,ORD-000079,,,,,,not_found,YarnCone not found,,,
1549,6a02efb12dde18399ea4ec6b,ORD-000069,,,,,,not_found,YarnCone not found,,,
1550,6a02efb12dde18399ea4ec6d,ORD-000079,,,,,,not_found,YarnCone not found,,,
1551,6a02efb12dde18399ea4ec6f,ORD-000069,,,,,,not_found,YarnCone not found,,,
1552,6a02efb12dde18399ea4ec71,ORD-000069,,,,,,not_found,YarnCone not found,,,
1553,6a02efb12dde18399ea4ec72,ORD-000088,,,,,,not_found,YarnCone not found,,,
1554,6a02efb12dde18399ea4ec77,ORD-000069,,,,,,not_found,YarnCone not found,,,
1555,6a02efb12dde18399ea4ec7a,ORD-000079,,,,,,not_found,YarnCone not found,,,
1556,6a02f0b12dde18399ea4f350,ORD-000071,,,,,,not_found,YarnCone not found,,,
1557,6a02f0b12dde18399ea4f352,ORD-000080,,,,,,not_found,YarnCone not found,,,
1558,6a02f0b12dde18399ea4f35e,ORD-000080,,,,,,not_found,YarnCone not found,,,
1559,6a02f0b12dde18399ea4f35f,ORD-000080,,,,,,not_found,YarnCone not found,,,
1560,6a02f0b12dde18399ea4f364,ORD-000080,,,,,,not_found,YarnCone not found,,,
1561,6a02f0b12dde18399ea4f366,ORD-000080,,,,,,not_found,YarnCone not found,,,
1562,6a02f0b12dde18399ea4f367,ORD-000080,,,,,,not_found,YarnCone not found,,,
1563,6a02f0b12dde18399ea4f36a,ORD-000080,,,,,,not_found,YarnCone not found,,,
1564,6a02f0b12dde18399ea4f36c,ORD-000080,,,,,,not_found,YarnCone not found,,,
1565,6a02f0b12dde18399ea4f36e,ORD-000071,,,,,,not_found,YarnCone not found,,,
1566,6a02f0b12dde18399ea4f371,ORD-000080,,,,,,not_found,YarnCone not found,,,
1567,6a03002b2dde18399ea52c7b,ORD-000079,,,,,,not_found,YarnCone not found,,,
1568,6a03002b2dde18399ea52c80,ORD-000077,,,,,,not_found,YarnCone not found,,,
1569,6a0305772dde18399ea53665,ORD-000076,,,,,,not_found,YarnCone not found,,,
1570,6a0305772dde18399ea53666,ORD-000076,,,,,,not_found,YarnCone not found,,,
1571,6a0305772dde18399ea5366b,ORD-000076,,,,,,not_found,YarnCone not found,,,
1572,6a0305772dde18399ea5366d,ORD-000076,,,,,,not_found,YarnCone not found,,,
1573,6a0305772dde18399ea5366e,ORD-000076,,,,,,not_found,YarnCone not found,,,
1574,6a0305772dde18399ea5366f,ORD-000076,,,,,,not_found,YarnCone not found,,,
1575,6a0305772dde18399ea53671,ORD-000076,,,,,,not_found,YarnCone not found,,,
1576,6a0305772dde18399ea53672,ORD-000076,,,,,,not_found,YarnCone not found,,,
1577,6a0305772dde18399ea53673,ORD-000076,,,,,,not_found,YarnCone not found,,,
1578,6a0305772dde18399ea53674,ORD-000076,,,,,,not_found,YarnCone not found,,,
1579,6a0305772dde18399ea53675,ORD-000076,,,,,,not_found,YarnCone not found,,,
1580,6a0305772dde18399ea53676,ORD-000076,,,,,,not_found,YarnCone not found,,,
1581,6a0305772dde18399ea53677,ORD-000076,,,,,,not_found,YarnCone not found,,,
1582,6a0305772dde18399ea5367a,ORD-000076,,,,,,not_found,YarnCone not found,,,
1583,6a0305772dde18399ea5367c,ORD-000076,,,,,,not_found,YarnCone not found,,,
1584,6a0305772dde18399ea5367d,ORD-000051,,,,,,not_found,YarnCone not found,,,
1585,6a0305772dde18399ea53683,ORD-000076,,,,,,not_found,YarnCone not found,,,
1586,6a0305772dde18399ea53684,ORD-000076,,,,,,not_found,YarnCone not found,,,
1587,6a0305772dde18399ea53685,ORD-000076,,,,,,not_found,YarnCone not found,,,
1588,6a0305772dde18399ea53687,ORD-000076,,,,,,not_found,YarnCone not found,,,
1589,6a0305772dde18399ea5368a,ORD-000076,,,,,,not_found,YarnCone not found,,,
1590,6a0305772dde18399ea5368b,ORD-000076,,,,,,not_found,YarnCone not found,,,
1591,6a0308d62dde18399ea5474c,ORD-000056,,,,,,not_found,YarnCone not found,,,
1592,6a030b892dde18399ea5506b,ORD-000087,,,,,,not_found,YarnCone not found,,,
1593,6a0312122dde18399ea573c4,ORD-000077,,,,,,not_found,YarnCone not found,,,
1594,6a03f5002dde18399ea5fae5,ORD-000076,,,,,,not_found,YarnCone not found,,,
1595,6a03f5002dde18399ea5fae7,ORD-000076,,,,,,not_found,YarnCone not found,,,
1596,6a03f5002dde18399ea5faef,ORD-000076,,,,,,not_found,YarnCone not found,,,
1597,6a03f5002dde18399ea5fb02,ORD-000076,,,,,,not_found,YarnCone not found,,,
1598,6a03f5002dde18399ea5fb03,ORD-000076,,,,,,not_found,YarnCone not found,,,
1599,6a041c4c2dde18399ea6c131,ORD-000066,,,,,,not_found,YarnCone not found,,,
1600,6a0439102dde18399ea74276,ORD-000079,,,,,,not_found,YarnCone not found,,,
1601,6a0439102dde18399ea74277,ORD-000079,,,,,,not_found,YarnCone not found,,,
1602,6a0439102dde18399ea7427f,ORD-000079,,,,,,not_found,YarnCone not found,,,
1603,6a0439102dde18399ea74282,ORD-000079,,,,,,not_found,YarnCone not found,,,
1604,6a0439102dde18399ea74284,ORD-000079,,,,,,not_found,YarnCone not found,,,
1605,6a0439102dde18399ea74285,ORD-000079,,,,,,not_found,YarnCone not found,,,
1606,6a0439102dde18399ea74286,ORD-000079,,,,,,not_found,YarnCone not found,,,
1607,6a0439102dde18399ea74288,ORD-000079,,,,,,not_found,YarnCone not found,,,
1608,6a0439102dde18399ea7428b,ORD-000079,,,,,,not_found,YarnCone not found,,,
1609,6a0439102dde18399ea7428c,ORD-000079,,,,,,not_found,YarnCone not found,,,
1610,6a0439102dde18399ea7428d,ORD-000079,,,,,,not_found,YarnCone not found,,,
1611,6a0439102dde18399ea7428f,ORD-000079,,,,,,not_found,YarnCone not found,,,
1612,6a0439102dde18399ea74294,ORD-000079,,,,,,not_found,YarnCone not found,,,
1613,6a0439102dde18399ea74297,ORD-000079,,,,,,not_found,YarnCone not found,,,
1614,6a043a792dde18399ea7454b,ORD-000076,,,,,,not_found,YarnCone not found,,,
1615,6a043a792dde18399ea74554,ORD-000076,,,,,,not_found,YarnCone not found,,,
1616,6a043a792dde18399ea7456a,ORD-000076,,,,,,not_found,YarnCone not found,,,
1617,6a043a792dde18399ea7456e,ORD-000076,,,,,,not_found,YarnCone not found,,,
1618,6a043dff2dde18399ea7529c,ORD-000080,,,,,,not_found,YarnCone not found,,,
1619,6a043dff2dde18399ea7529d,ORD-000061,,,,,,not_found,YarnCone not found,,,
1620,6a043dff2dde18399ea7529f,ORD-000077,,,,,,not_found,YarnCone not found,,,
1621,6a043dff2dde18399ea752a0,ORD-000080,,,,,,not_found,YarnCone not found,,,
1622,6a043dff2dde18399ea752a1,ORD-000061,,,,,,not_found,YarnCone not found,,,
1623,6a043dff2dde18399ea752a2,ORD-000077,,,,,,not_found,YarnCone not found,,,
1624,6a043dff2dde18399ea752a4,ORD-000067,,,,,,not_found,YarnCone not found,,,
1625,6a043dff2dde18399ea752a5,ORD-000077,,,,,,not_found,YarnCone not found,,,
1626,6a043dff2dde18399ea752a7,ORD-000076,,,,,,not_found,YarnCone not found,,,
1627,6a043dff2dde18399ea752ab,ORD-000077,,,,,,not_found,YarnCone not found,,,
1628,6a043dff2dde18399ea752ad,ORD-000077,,,,,,not_found,YarnCone not found,,,
1629,6a043dff2dde18399ea752b1,ORD-000061,,,,,,not_found,YarnCone not found,,,
1630,6a043dff2dde18399ea752b3,ORD-000085,,,,,,not_found,YarnCone not found,,,
1631,6a044765bf321f4c3a982082,ORD-000080,,,,,,not_found,YarnCone not found,,,
1632,6a044765bf321f4c3a982085,ORD-000079,,,,,,not_found,YarnCone not found,,,
1633,6a04478c0c96a34c71e718fb,ORD-000080,,,,,,not_found,YarnCone not found,,,
1634,6a04478c0c96a34c71e718ff,ORD-000080,,,,,,not_found,YarnCone not found,,,
1635,6a04478c0c96a34c71e71902,ORD-000077,,,,,,not_found,YarnCone not found,,,
1636,6a04478c0c96a34c71e7190a,ORD-000080,,,,,,not_found,YarnCone not found,,,
1637,6a04478c0c96a34c71e71913,ORD-000080,,,,,,not_found,YarnCone not found,,,
1638,6a04478c0c96a34c71e71918,ORD-000075,,,,,,not_found,YarnCone not found,,,
1639,6a04478c0c96a34c71e7191a,ORD-000048,,,,,,not_found,YarnCone not found,,,
1640,6a0456e70c96a34c71e74547,ORD-000075,,,,,,not_found,YarnCone not found,,,
1641,6a0456e70c96a34c71e74551,ORD-000075,,,,,,not_found,YarnCone not found,,,
1642,6a0456e70c96a34c71e74555,ORD-000075,,,,,,not_found,YarnCone not found,,,
1643,6a0456e70c96a34c71e74557,ORD-000075,,,,,,not_found,YarnCone not found,,,
1644,6a0456e70c96a34c71e7455a,ORD-000075,,,,,,not_found,YarnCone not found,,,
1645,6a0456e70c96a34c71e7455b,ORD-000075,,,,,,not_found,YarnCone not found,,,
1646,6a0456e70c96a34c71e7455f,ORD-000075,,,,,,not_found,YarnCone not found,,,
1647,6a0456e70c96a34c71e74561,ORD-000075,,,,,,not_found,YarnCone not found,,,
1648,6a0456e70c96a34c71e74562,ORD-000075,,,,,,not_found,YarnCone not found,,,
1649,6a0456e70c96a34c71e74564,ORD-000075,,,,,,not_found,YarnCone not found,,,
1650,6a0456e70c96a34c71e74565,ORD-000075,,,,,,not_found,YarnCone not found,,,
1651,6a0456e70c96a34c71e74566,ORD-000075,,,,,,not_found,YarnCone not found,,,
1652,6a0465fd0c96a34c71e7adda,ORD-000080,,,,,,not_found,YarnCone not found,,,
1653,6a0465fd0c96a34c71e7addb,ORD-000083,,,,,,not_found,YarnCone not found,,,
1654,6a0465fd0c96a34c71e7addd,ORD-000079,,,,,,not_found,YarnCone not found,,,
1655,6a0465fd0c96a34c71e7adde,ORD-000068,,,,,,not_found,YarnCone not found,,,
1656,6a046c450c96a34c71e7cc94,ORD-000069,,,,,,not_found,YarnCone not found,,,
1657,6a046c450c96a34c71e7cc9a,ORD-000069,,,,,,not_found,YarnCone not found,,,
1658,6a0543da0c96a34c71e8316b,ORD-000076,,,,,,not_found,YarnCone not found,,,
1659,6a0543da0c96a34c71e8316c,ORD-000076,,,,,,not_found,YarnCone not found,,,
1660,6a0543da0c96a34c71e83175,ORD-000076,,,,,,not_found,YarnCone not found,,,
1661,6a0543da0c96a34c71e83178,ORD-000076,,,,,,not_found,YarnCone not found,,,
1662,6a0543da0c96a34c71e83179,ORD-000076,,,,,,not_found,YarnCone not found,,,
1663,6a0543da0c96a34c71e8317a,ORD-000076,,,,,,not_found,YarnCone not found,,,
1664,6a0543da0c96a34c71e8317c,ORD-000076,,,,,,not_found,YarnCone not found,,,
1665,6a0543da0c96a34c71e8318a,ORD-000076,,,,,,not_found,YarnCone not found,,,
1666,6a0543da0c96a34c71e8318b,ORD-000076,,,,,,not_found,YarnCone not found,,,
1667,6a0545c20c96a34c71e841a4,ORD-000087,,,,,,not_found,YarnCone not found,,,
1668,6a0545c20c96a34c71e841a8,ORD-000087,,,,,,not_found,YarnCone not found,,,
1669,6a0545e90c96a34c71e843a0,ORD-000080,,,,,,not_found,YarnCone not found,,,
1670,6a0545e90c96a34c71e843a9,ORD-000079,,,,,,not_found,YarnCone not found,,,
1671,6a057a1d0c93a75ac7a5c329,ORD-000069,,,,,,not_found,YarnCone not found,,,
1672,6a057a1d0c93a75ac7a5c331,ORD-000079,,,,,,not_found,YarnCone not found,,,
1673,6a057a1d0c93a75ac7a5c332,ORD-000069,,,,,,not_found,YarnCone not found,,,
1674,6a057a1d0c93a75ac7a5c338,ORD-000069,,,,,,not_found,YarnCone not found,,,
1675,6a057a1d0c93a75ac7a5c33a,ORD-000069,,,,,,not_found,YarnCone not found,,,
1676,6a057a1d0c93a75ac7a5c33b,ORD-000069,,,,,,not_found,YarnCone not found,,,
1677,6a057a1d0c93a75ac7a5c33d,ORD-000079,,,,,,not_found,YarnCone not found,,,
1678,6a057a1d0c93a75ac7a5c33e,ORD-000069,,,,,,not_found,YarnCone not found,,,
1679,6a057a1d0c93a75ac7a5c340,ORD-000069,,,,,,not_found,YarnCone not found,,,
1680,6a057a1d0c93a75ac7a5c342,ORD-000079,,,,,,not_found,YarnCone not found,,,
1681,6a057a1d0c93a75ac7a5c343,ORD-000079,,,,,,not_found,YarnCone not found,,,
1682,6a057a1d0c93a75ac7a5c344,ORD-000079,,,,,,not_found,YarnCone not found,,,
1683,6a057a1d0c93a75ac7a5c349,ORD-000069,,,,,,not_found,YarnCone not found,,,
1684,6a057a1d0c93a75ac7a5c34a,ORD-000088,,,,,,not_found,YarnCone not found,,,
1685,6a0587de0c93a75ac7a5efdc,ORD-000083,,,,,,not_found,YarnCone not found,,,
1686,6a0587de0c93a75ac7a5efdd,ORD-000083,,,,,,not_found,YarnCone not found,,,
1687,6a0587de0c93a75ac7a5efde,ORD-000083,,,,,,not_found,YarnCone not found,,,
1688,6a0587de0c93a75ac7a5efdf,ORD-000083,,,,,,not_found,YarnCone not found,,,
1689,6a0587de0c93a75ac7a5efe0,ORD-000083,,,,,,not_found,YarnCone not found,,,
1690,6a0587de0c93a75ac7a5efe1,ORD-000083,,,,,,not_found,YarnCone not found,,,
1691,6a0587de0c93a75ac7a5efe2,ORD-000083,,,,,,not_found,YarnCone not found,,,
1692,6a0587de0c93a75ac7a5efe3,ORD-000083,,,,,,not_found,YarnCone not found,,,
1693,6a0587de0c93a75ac7a5efe4,ORD-000083,,,,,,not_found,YarnCone not found,,,
1694,6a0587de0c93a75ac7a5efe5,ORD-000083,,,,,,not_found,YarnCone not found,,,
1695,6a0587de0c93a75ac7a5efe6,ORD-000083,,,,,,not_found,YarnCone not found,,,
1696,6a0587de0c93a75ac7a5efe7,ORD-000083,,,,,,not_found,YarnCone not found,,,
1697,6a0587de0c93a75ac7a5efe8,ORD-000083,,,,,,not_found,YarnCone not found,,,
1698,6a0587de0c93a75ac7a5efe9,ORD-000083,,,,,,not_found,YarnCone not found,,,
1699,6a0587de0c93a75ac7a5efea,ORD-000083,,,,,,not_found,YarnCone not found,,,
1700,6a0587de0c93a75ac7a5efeb,ORD-000083,,,,,,not_found,YarnCone not found,,,
1701,6a0587de0c93a75ac7a5efec,ORD-000083,,,,,,not_found,YarnCone not found,,,
1702,6a0587de0c93a75ac7a5efed,ORD-000083,,,,,,not_found,YarnCone not found,,,
1703,6a0587de0c93a75ac7a5efee,ORD-000083,,,,,,not_found,YarnCone not found,,,
1704,6a0587de0c93a75ac7a5efef,ORD-000083,,,,,,not_found,YarnCone not found,,,
1705,6a0587de0c93a75ac7a5eff0,ORD-000083,,,,,,not_found,YarnCone not found,,,
1706,6a0587de0c93a75ac7a5eff2,ORD-000083,,,,,,not_found,YarnCone not found,,,
1707,6a0587de0c93a75ac7a5eff3,ORD-000083,,,,,,not_found,YarnCone not found,,,
1708,6a0587de0c93a75ac7a5eff4,ORD-000083,,,,,,not_found,YarnCone not found,,,
1709,6a0587de0c93a75ac7a5eff5,ORD-000083,,,,,,not_found,YarnCone not found,,,
1710,6a0587de0c93a75ac7a5eff8,ORD-000083,,,,,,not_found,YarnCone not found,,,
1711,6a0587de0c93a75ac7a5effa,ORD-000083,,,,,,not_found,YarnCone not found,,,
1712,6a0587de0c93a75ac7a5effb,ORD-000083,,,,,,not_found,YarnCone not found,,,
1713,6a0587de0c93a75ac7a5effc,ORD-000083,,,,,,not_found,YarnCone not found,,,
1714,6a0587de0c93a75ac7a5effd,ORD-000083,,,,,,not_found,YarnCone not found,,,
1715,6a0587de0c93a75ac7a5effe,ORD-000083,,,,,,not_found,YarnCone not found,,,
1716,6a0587de0c93a75ac7a5efff,ORD-000083,,,,,,not_found,YarnCone not found,,,
1717,6a0587de0c93a75ac7a5f000,ORD-000083,,,,,,not_found,YarnCone not found,,,
1718,6a0587de0c93a75ac7a5f001,ORD-000083,,,,,,not_found,YarnCone not found,,,
1719,6a0587de0c93a75ac7a5f002,ORD-000083,,,,,,not_found,YarnCone not found,,,
1720,6a05abd6c2189262a6c42def,ORD-000082,,,,,,not_found,YarnCone not found,,,
1721,6a05abd6c2189262a6c42df5,ORD-000082,,,,,,not_found,YarnCone not found,,,
1722,6a05abd6c2189262a6c42dfb,ORD-000078,,,,,,not_found,YarnCone not found,,,
1723,6a05ac93c2189262a6c43144,ORD-000082,,,,,,not_found,YarnCone not found,,,
1724,6a05ac93c2189262a6c4314d,ORD-000082,,,,,,not_found,YarnCone not found,,,
1725,6a05ac93c2189262a6c4314f,ORD-000080,,,,,,not_found,YarnCone not found,,,
1726,6a05b0ddf0921f63225cc07a,ORD-000079,,,,,,not_found,YarnCone not found,,,
1727,6a05b0ddf0921f63225cc07d,ORD-000077,,,,,,not_found,YarnCone not found,,,
1728,6a05b0ddf0921f63225cc087,ORD-000080,,,,,,not_found,YarnCone not found,,,
1729,6a05b435f0921f63225cd99e,ORD-000072,,,,,,not_found,YarnCone not found,,,
1730,6a05b435f0921f63225cd9a4,ORD-000071,,,,,,not_found,YarnCone not found,,,
1731,6a05b435f0921f63225cd9a9,ORD-000070,,,,,,not_found,YarnCone not found,,,
1732,6a06dae216bae770ad1875fd,ORD-000082,,,,,,not_found,YarnCone not found,,,
1733,6a06dae216bae770ad187620,ORD-000082,,,,,,not_found,YarnCone not found,,,
1734,6a06db8a16bae770ad187f56,ORD-000070,,,,,,not_found,YarnCone not found,,,
1735,6a06db8a16bae770ad187f5d,ORD-000079,,,,,,not_found,YarnCone not found,,,
1736,6a06db8a16bae770ad187f61,ORD-000084,,,,,,not_found,YarnCone not found,,,
1737,6a06f3e8b0869f729ae1bbfd,ORD-000084,,,,,,not_found,YarnCone not found,,,
1738,6a06f3e8b0869f729ae1bbfe,ORD-000080,,,,,,not_found,YarnCone not found,,,
1739,6a06f3e8b0869f729ae1bc01,ORD-000082,,,,,,not_found,YarnCone not found,,,
1740,6a06f3e8b0869f729ae1bc05,ORD-000073,,,,,,not_found,YarnCone not found,,,
1741,6a06f6fcb0869f729ae1c6bb,ORD-000070,,,,,,not_found,YarnCone not found,,,
1742,6a06fcbeb0869f729ae22431,ORD-000087,,,,,,not_found,YarnCone not found,,,
1743,6a0818d27e46a375245152c7,ORD-000074,,,,,,not_found,YarnCone not found,,,
1744,6a0818d27e46a375245152c9,ORD-000079,,,,,,not_found,YarnCone not found,,,
1745,6a0818d27e46a375245152cf,ORD-000063,,,,,,not_found,YarnCone not found,,,
1746,6a08190e7e46a37524515473,ORD-000077,,,,,,not_found,YarnCone not found,,,
1747,6a0819847e46a37524515752,ORD-000083,,,,,,not_found,YarnCone not found,,,
1748,6a0819847e46a37524515754,ORD-000082,,,,,,not_found,YarnCone not found,,,
1749,6a0819847e46a37524515755,ORD-000082,,,,,,not_found,YarnCone not found,,,
1750,6a0819847e46a37524515778,ORD-000062,,,,,,not_found,YarnCone not found,,,
1751,6a081b1b7e46a37524515e45,ORD-000077,,,,,,not_found,YarnCone not found,,,
1752,6a081b1b7e46a37524515e46,ORD-000073,,,,,,not_found,YarnCone not found,,,
1753,6a081b1b7e46a37524515e47,ORD-000083,,,,,,not_found,YarnCone not found,,,
1754,6a081b1b7e46a37524515e49,ORD-000067,,,,,,not_found,YarnCone not found,,,
1755,6a081b1b7e46a37524515e4a,ORD-000081,,,,,,not_found,YarnCone not found,,,
1756,6a081b1b7e46a37524515e4b,ORD-000079,,,,,,not_found,YarnCone not found,,,
1757,6a081b1b7e46a37524515e4c,ORD-000084,,,,,,not_found,YarnCone not found,,,
1758,6a081b1b7e46a37524515e4d,ORD-000083,,,,,,not_found,YarnCone not found,,,
1759,6a081b1b7e46a37524515e50,ORD-000079,,,,,,not_found,YarnCone not found,,,
1760,6a0a9b1c7e46a3752455ae66,ORD-000080,,,,,,not_found,YarnCone not found,,,
1761,6a0a9b1c7e46a3752455ae6c,ORD-000061,,,,,,not_found,YarnCone not found,,,
1762,6a0a9b1c7e46a3752455ae6e,ORD-000080,,,,,,not_found,YarnCone not found,,,
1763,6a0a9b1c7e46a3752455ae71,ORD-000080,,,,,,not_found,YarnCone not found,,,
1764,6a0a9b1c7e46a3752455ae72,ORD-000061,,,,,,not_found,YarnCone not found,,,
1765,6a0a9b1c7e46a3752455ae73,ORD-000084,,,,,,not_found,YarnCone not found,,,
1766,6a0a9b1c7e46a3752455ae75,ORD-000080,,,,,,not_found,YarnCone not found,,,
1767,6a0aa32a7e46a37524566084,ORD-000074,,,,,,not_found,YarnCone not found,,,
1768,6a0aa32a7e46a37524566090,ORD-000079,,,,,,not_found,YarnCone not found,,,
1769,6a0aa3577e46a3752456678d,ORD-000077,,,,,,not_found,YarnCone not found,,,
1770,6a0aa3577e46a3752456679f,ORD-000079,,,,,,not_found,YarnCone not found,,,
1771,6a0aa39c7e46a375245678e1,ORD-000074,,,,,,not_found,YarnCone not found,,,
1772,6a0ab4a47e46a37524587222,ORD-000079,,,,,,not_found,YarnCone not found,,,
1773,6a0ab4a47e46a37524587231,ORD-000079,,,,,,not_found,YarnCone not found,,,
1774,6a0ab4ca7e46a37524587f28,ORD-000067,,,,,,not_found,YarnCone not found,,,
1775,6a0ab4ca7e46a37524587f29,ORD-000079,,,,,,not_found,YarnCone not found,,,
1776,6a0ab50d7e46a37524588552,ORD-000084,,,,,,not_found,YarnCone not found,,,
1777,6a0ab50d7e46a37524588554,ORD-000084,,,,,,not_found,YarnCone not found,,,
1778,6a0ab50d7e46a37524588555,ORD-000061,,,,,,not_found,YarnCone not found,,,
1779,6a0ab50d7e46a37524588557,ORD-000080,,,,,,not_found,YarnCone not found,,,
1780,6a0ab50d7e46a37524588558,ORD-000084,,,,,,not_found,YarnCone not found,,,
1781,6a0ab50d7e46a37524588559,ORD-000061,,,,,,not_found,YarnCone not found,,,
1782,6a0ab50d7e46a3752458855a,ORD-000061,,,,,,not_found,YarnCone not found,,,
1783,6a0ab50d7e46a3752458855d,ORD-000080,,,,,,not_found,YarnCone not found,,,
1784,6a0ab50d7e46a3752458855e,ORD-000061,,,,,,not_found,YarnCone not found,,,
1785,6a0ab50d7e46a3752458855f,ORD-000080,,,,,,not_found,YarnCone not found,,,
1786,6a0ab50d7e46a37524588560,ORD-000080,,,,,,not_found,YarnCone not found,,,
1787,6a0ab50d7e46a37524588562,ORD-000080,,,,,,not_found,YarnCone not found,,,
1788,6a0ab50d7e46a37524588565,ORD-000080,,,,,,not_found,YarnCone not found,,,
1789,6a0ab50d7e46a37524588567,ORD-000080,,,,,,not_found,YarnCone not found,,,
1790,6a0acb637e46a3752459f5e9,ORD-000077,,,,,,not_found,YarnCone not found,,,
1791,6a0acb637e46a3752459f5ef,ORD-000077,,,,,,not_found,YarnCone not found,,,
1792,6a0acb637e46a3752459f5f0,ORD-000079,,,,,,not_found,YarnCone not found,,,
1793,6a0acb637e46a3752459f5f7,ORD-000077,,,,,,not_found,YarnCone not found,,,
1794,6a0ad9ca7e46a375245b6d72,ORD-000077,,,,,,not_found,YarnCone not found,,,
1795,6a0ad9ca7e46a375245b6d75,ORD-000061,,,,,,not_found,YarnCone not found,,,
1796,6a0ad9ca7e46a375245b6d76,ORD-000079,,,,,,not_found,YarnCone not found,,,
1797,6a0ad9ca7e46a375245b6d79,ORD-000080,,,,,,not_found,YarnCone not found,,,
1798,6a0ad9ca7e46a375245b6d7b,ORD-000082,,,,,,not_found,YarnCone not found,,,
1799,6a0ad9ca7e46a375245b6d7c,ORD-000080,,,,,,not_found,YarnCone not found,,,
1800,6a0ad9ca7e46a375245b6d7d,ORD-000076,,,,,,not_found,YarnCone not found,,,
1801,6a0ad9ca7e46a375245b6d7e,ORD-000077,,,,,,not_found,YarnCone not found,,,
1802,6a0ad9ca7e46a375245b6d7f,ORD-000077,,,,,,not_found,YarnCone not found,,,
1803,6a0ad9ca7e46a375245b6d82,ORD-000077,,,,,,not_found,YarnCone not found,,,
1804,6a0ad9ca7e46a375245b6d84,ORD-000058,,,,,,not_found,YarnCone not found,,,
1805,6a0ad9ca7e46a375245b6d89,ORD-000061,,,,,,not_found,YarnCone not found,,,
1806,6a0ad9ca7e46a375245b6d90,ORD-000077,,,,,,not_found,YarnCone not found,,,
1807,6a0ad9ca7e46a375245b6d92,ORD-000076,,,,,,not_found,YarnCone not found,,,
1808,6a0bf5cf7e46a375245e742f,ORD-000062,,,,,,not_found,YarnCone not found,,,
1809,6a0bf5cf7e46a375245e7431,ORD-000082,,,,,,not_found,YarnCone not found,,,
1810,6a0bf5cf7e46a375245e7433,ORD-000077,,,,,,not_found,YarnCone not found,,,
1811,6a0bf5cf7e46a375245e7439,ORD-000077,,,,,,not_found,YarnCone not found,,,
1812,6a0bf5cf7e46a375245e7446,ORD-000062,,,,,,not_found,YarnCone not found,,,
1813,6a0bf5cf7e46a375245e744c,ORD-000077,,,,,,not_found,YarnCone not found,,,
1814,6a0bf5cf7e46a375245e744f,ORD-000077,,,,,,not_found,YarnCone not found,,,
1815,6a0bf5cf7e46a375245e7450,ORD-000077,,,,,,not_found,YarnCone not found,,,
1816,6a0bf9007e46a375245e7d4c,ORD-000084,,,,,,not_found,YarnCone not found,,,
1817,6a0bf9007e46a375245e7d4d,ORD-000083,,,,,,not_found,YarnCone not found,,,
1818,6a0bf9007e46a375245e7d4e,ORD-000073,,,,,,not_found,YarnCone not found,,,
1819,6a0bf9007e46a375245e7d4f,ORD-000083,,,,,,not_found,YarnCone not found,,,
1820,6a0bf9007e46a375245e7d52,ORD-000082,,,,,,not_found,YarnCone not found,,,
1821,6a0bf9007e46a375245e7d53,ORD-000079,,,,,,not_found,YarnCone not found,,,
1822,6a0bf9007e46a375245e7d54,ORD-000083,,,,,,not_found,YarnCone not found,,,
1823,6a0c06ad7e46a375245f84f0,ORD-000079,,,,,,not_found,YarnCone not found,,,
1824,6a0c06ad7e46a375245f84f3,ORD-000079,,,,,,not_found,YarnCone not found,,,
1825,6a0c06ad7e46a375245f84fb,ORD-000075,,,,,,not_found,YarnCone not found,,,
1826,6a0c06ad7e46a375245f84fc,ORD-000078,,,,,,not_found,YarnCone not found,,,
1827,6a0c06ad7e46a375245f8508,ORD-000080,,,,,,not_found,YarnCone not found,,,
1828,6a0c06ad7e46a375245f8509,ORD-000064,,,,,,not_found,YarnCone not found,,,
1829,6a0c06ad7e46a375245f850a,ORD-000070,,,,,,not_found,YarnCone not found,,,
1830,6a0c06ad7e46a375245f850b,ORD-000078,,,,,,not_found,YarnCone not found,,,
1831,6a0c06ad7e46a375245f850c,ORD-000078,,,,,,not_found,YarnCone not found,,,
1832,6a0c06ad7e46a375245f8510,ORD-000080,,,,,,not_found,YarnCone not found,,,
1833,6a0c06ad7e46a375245f8511,ORD-000074,,,,,,not_found,YarnCone not found,,,
1834,6a0c06ad7e46a375245f8512,ORD-000079,,,,,,not_found,YarnCone not found,,,
1835,6a0c0e67553246a9fac15dc9,ORD-000079,,,,,,not_found,YarnCone not found,,,
1836,6a0c1b96553246a9fac1a273,ORD-000069,,,,,,not_found,YarnCone not found,,,
1837,6a0c1bd3553246a9fac1aa36,ORD-000069,,,,,,not_found,YarnCone not found,,,
1838,6a0c1cee553246a9fac1c398,ORD-000077,,,,,,not_found,YarnCone not found,,,
1839,6a0c1cee553246a9fac1c3a6,ORD-000061,,,,,,not_found,YarnCone not found,,,
1840,6a0c2ba5553246a9fac25cd5,ORD-000069,,,,,,not_found,YarnCone not found,,,
1841,6a0c2ba5553246a9fac25cd9,ORD-000079,,,,,,not_found,YarnCone not found,,,
1842,6a0c2ba5553246a9fac25cda,ORD-000069,,,,,,not_found,YarnCone not found,,,
1843,6a0c2ba5553246a9fac25cde,ORD-000069,,,,,,not_found,YarnCone not found,,,
1844,6a0c2ba5553246a9fac25ce1,ORD-000079,,,,,,not_found,YarnCone not found,,,
1845,6a0c2ba5553246a9fac25ce4,ORD-000069,,,,,,not_found,YarnCone not found,,,
1846,6a0c2ba5553246a9fac25ce6,ORD-000079,,,,,,not_found,YarnCone not found,,,
1847,6a0c2ba5553246a9fac25ce7,ORD-000069,,,,,,not_found,YarnCone not found,,,
1848,6a0c4705ab1739ac262d5102,ORD-000072,,,,,,not_found,YarnCone not found,,,
1849,6a0c4705ab1739ac262d5106,ORD-000079,,,,,,not_found,YarnCone not found,,,
1850,6a0c4705ab1739ac262d5109,ORD-000079,,,,,,not_found,YarnCone not found,,,
1851,6a0d339aab1739ac262e7799,ORD-000077,,,,,,not_found,YarnCone not found,,,
1852,6a0d339aab1739ac262e779a,ORD-000080,,,,,,not_found,YarnCone not found,,,
1853,6a0d339aab1739ac262e779c,ORD-000077,,,,,,not_found,YarnCone not found,,,
1854,6a0d339aab1739ac262e779e,ORD-000077,,,,,,not_found,YarnCone not found,,,
1855,6a0d339aab1739ac262e77a0,ORD-000077,,,,,,not_found,YarnCone not found,,,
1856,6a0d4248ab1739ac262eb8d6,ORD-000047,,,,,,not_found,YarnCone not found,,,
1857,6a0d4248ab1739ac262eb8db,ORD-000069,,,,,,not_found,YarnCone not found,,,
1858,6a0d4248ab1739ac262eb8e2,ORD-000069,,,,,,not_found,YarnCone not found,,,
1859,6a0d4248ab1739ac262eb8e3,ORD-000069,,,,,,not_found,YarnCone not found,,,
1860,6a0d4248ab1739ac262eb8e8,ORD-000069,,,,,,not_found,YarnCone not found,,,
1861,6a0d4248ab1739ac262eb8ea,ORD-000069,,,,,,not_found,YarnCone not found,,,
1862,6a0d4248ab1739ac262eb8ec,ORD-000069,,,,,,not_found,YarnCone not found,,,
1863,6a0d4248ab1739ac262eb8ee,ORD-000069,,,,,,not_found,YarnCone not found,,,
1864,6a0d4248ab1739ac262eb8ef,ORD-000069,,,,,,not_found,YarnCone not found,,,
1865,6a0d4248ab1739ac262eb8f0,ORD-000069,,,,,,not_found,YarnCone not found,,,
1866,6a0d4248ab1739ac262eb8f1,ORD-000069,,,,,,not_found,YarnCone not found,,,
1867,6a0d4248ab1739ac262eb8f3,ORD-000069,,,,,,not_found,YarnCone not found,,,
1868,6a0d4248ab1739ac262eb8f6,ORD-000069,,,,,,not_found,YarnCone not found,,,
1869,6a0d4248ab1739ac262eb8f7,ORD-000069,,,,,,not_found,YarnCone not found,,,
1870,6a0d4284ab1739ac262ebc5d,ORD-000075,,,,,,not_found,YarnCone not found,,,
1871,6a0d4284ab1739ac262ebc5e,ORD-000079,,,,,,not_found,YarnCone not found,,,
1872,6a0d4284ab1739ac262ebc64,ORD-000078,,,,,,not_found,YarnCone not found,,,
1873,6a0d4284ab1739ac262ebc68,ORD-000079,,,,,,not_found,YarnCone not found,,,
1874,6a0d4284ab1739ac262ebc73,ORD-000067,,,,,,not_found,YarnCone not found,,,
1875,6a0d4284ab1739ac262ebc78,ORD-000079,,,,,,not_found,YarnCone not found,,,
1876,6a0d4284ab1739ac262ebc7c,ORD-000062,,,,,,not_found,YarnCone not found,,,
1877,6a0d436eab1739ac262ecd02,ORD-000080,,,,,,not_found,YarnCone not found,,,
1878,6a0d436eab1739ac262ecd03,ORD-000079,,,,,,not_found,YarnCone not found,,,
1879,6a0d436eab1739ac262ecd06,ORD-000071,,,,,,not_found,YarnCone not found,,,
1880,6a0d438dab1739ac262ece9d,ORD-000078,,,,,,not_found,YarnCone not found,,,
1881,6a0d438dab1739ac262ecead,ORD-000080,,,,,,not_found,YarnCone not found,,,
1882,6a0d438dab1739ac262eceb4,ORD-000082,,,,,,not_found,YarnCone not found,,,
1883,6a0d438dab1739ac262ecebb,ORD-000080,,,,,,not_found,YarnCone not found,,,
1884,6a0d438dab1739ac262ecebe,ORD-000086,,,,,,not_found,YarnCone not found,,,
1885,6a0d447fab1739ac262ed8d4,ORD-000084,,,,,,not_found,YarnCone not found,,,
1886,6a0d447fab1739ac262ed8d5,ORD-000084,,,,,,not_found,YarnCone not found,,,
1887,6a0d447fab1739ac262ed8d6,ORD-000084,,,,,,not_found,YarnCone not found,,,
1888,6a0d447fab1739ac262ed8d7,ORD-000084,,,,,,not_found,YarnCone not found,,,
1889,6a0d447fab1739ac262ed8d8,ORD-000084,,,,,,not_found,YarnCone not found,,,
1890,6a0d447fab1739ac262ed8d9,ORD-000084,,,,,,not_found,YarnCone not found,,,
1891,6a0d447fab1739ac262ed8db,ORD-000084,,,,,,not_found,YarnCone not found,,,
1892,6a0d4499ab1739ac262ed960,ORD-000082,,,,,,not_found,YarnCone not found,,,
1893,6a0d4499ab1739ac262ed965,ORD-000082,,,,,,not_found,YarnCone not found,,,
1894,6a0d44f1ab1739ac262edc98,ORD-000088,,,,,,not_found,YarnCone not found,,,
1895,6a0d44f1ab1739ac262edc9d,ORD-000088,,,,,,not_found,YarnCone not found,,,
1896,6a0d44f1ab1739ac262edc9e,ORD-000088,,,,,,not_found,YarnCone not found,,,
1897,6a0d44f1ab1739ac262edca5,ORD-000088,,,,,,not_found,YarnCone not found,,,
1898,6a0d44f1ab1739ac262edcad,ORD-000079,,,,,,not_found,YarnCone not found,,,
1899,6a0d44f1ab1739ac262edcb0,ORD-000088,,,,,,not_found,YarnCone not found,,,
1900,6a0d44f1ab1739ac262edcb9,ORD-000079,,,,,,not_found,YarnCone not found,,,
1901,6a0d4525ab1739ac262edfa9,ORD-000083,,,,,,not_found,YarnCone not found,,,
1902,6a0d4551ab1739ac262ee163,ORD-000077,,,,,,not_found,YarnCone not found,,,
1903,6a0d4551ab1739ac262ee172,ORD-000071,,,,,,not_found,YarnCone not found,,,
1904,6a0d4596ab1739ac262ee4bb,ORD-000079,,,,,,not_found,YarnCone not found,,,
1905,6a0d45f8ab1739ac262ef5d4,ORD-000083,,,,,,not_found,YarnCone not found,,,
1906,6a0d45f8ab1739ac262ef5d5,ORD-000082,,,,,,not_found,YarnCone not found,,,
1907,6a0d45f8ab1739ac262ef5d8,ORD-000082,,,,,,not_found,YarnCone not found,,,
1908,6a0d45f8ab1739ac262ef5da,ORD-000082,,,,,,not_found,YarnCone not found,,,
1909,6a0d45f8ab1739ac262ef5dc,ORD-000082,,,,,,not_found,YarnCone not found,,,
1910,6a0d45f8ab1739ac262ef5de,ORD-000082,,,,,,not_found,YarnCone not found,,,
1911,6a0d45f8ab1739ac262ef5e0,ORD-000082,,,,,,not_found,YarnCone not found,,,
1912,6a0d45f8ab1739ac262ef5e2,ORD-000082,,,,,,not_found,YarnCone not found,,,
1913,6a0d45f8ab1739ac262ef5e3,ORD-000082,,,,,,not_found,YarnCone not found,,,
1914,6a0d45f8ab1739ac262ef5e5,ORD-000083,,,,,,not_found,YarnCone not found,,,
1915,6a0d45f8ab1739ac262ef5e6,ORD-000070,,,,,,not_found,YarnCone not found,,,
1916,6a0d45f8ab1739ac262ef5e9,ORD-000082,,,,,,not_found,YarnCone not found,,,
1917,6a0d45f8ab1739ac262ef5eb,ORD-000082,,,,,,not_found,YarnCone not found,,,
1918,6a0d4a2bab1739ac262f25e7,ORD-000078,,,,,,not_found,YarnCone not found,,,
1919,6a0d4a2bab1739ac262f25e8,ORD-000079,,,,,,not_found,YarnCone not found,,,
1920,6a0d4a2bab1739ac262f25ea,ORD-000079,,,,,,not_found,YarnCone not found,,,
1921,6a0d4a2bab1739ac262f25eb,ORD-000079,,,,,,not_found,YarnCone not found,,,
1922,6a0d4a2bab1739ac262f25ef,ORD-000079,,,,,,not_found,YarnCone not found,,,
1923,6a0d4a2bab1739ac262f25f4,ORD-000079,,,,,,not_found,YarnCone not found,,,
1924,6a0d4a2bab1739ac262f25f7,ORD-000079,,,,,,not_found,YarnCone not found,,,
1925,6a0d4a2bab1739ac262f25f8,ORD-000079,,,,,,not_found,YarnCone not found,,,
1926,6a0d4a2bab1739ac262f25f9,ORD-000079,,,,,,not_found,YarnCone not found,,,
1927,6a0d51dae19a7fb837a4cc38,ORD-000079,,,,,,not_found,YarnCone not found,,,
1928,6a0d51dae19a7fb837a4cc44,ORD-000073,,,,,,not_found,YarnCone not found,,,
1929,6a0d9e2e93813ebc15da94af,ORD-000087,,,,,,not_found,YarnCone not found,,,
1930,6a0d9e2e93813ebc15da94b0,ORD-000087,,,,,,not_found,YarnCone not found,,,
1931,6a0d9e2e93813ebc15da94b3,ORD-000071,,,,,,not_found,YarnCone not found,,,
1932,6a0d9e2e93813ebc15da94b5,ORD-000087,,,,,,not_found,YarnCone not found,,,
1933,6a0d9e2e93813ebc15da94b7,ORD-000071,,,,,,not_found,YarnCone not found,,,
1934,6a0d9e2e93813ebc15da94b9,ORD-000071,,,,,,not_found,YarnCone not found,,,
1935,6a0d9e2e93813ebc15da94ba,ORD-000071,,,,,,not_found,YarnCone not found,,,
1936,6a0d9e2e93813ebc15da94c0,ORD-000087,,,,,,not_found,YarnCone not found,,,
1937,6a0d9e2e93813ebc15da94c1,ORD-000087,,,,,,not_found,YarnCone not found,,,
1938,6a0d9e2e93813ebc15da94c2,ORD-000071,,,,,,not_found,YarnCone not found,,,
1939,6a0d9e2e93813ebc15da94c3,ORD-000071,,,,,,not_found,YarnCone not found,,,
1940,6a0d9e2e93813ebc15da94c6,ORD-000087,,,,,,not_found,YarnCone not found,,,
1941,6a0d9e2e93813ebc15da94d3,ORD-000087,,,,,,not_found,YarnCone not found,,,
1942,6a0e83731ff45cbda8435215,ORD-000082,,,,,,not_found,YarnCone not found,,,
1943,6a0e83731ff45cbda8435217,ORD-000082,,,,,,not_found,YarnCone not found,,,
1944,6a0e83731ff45cbda843521a,ORD-000072,,,,,,not_found,YarnCone not found,,,
1945,6a0e83731ff45cbda843521e,ORD-000082,,,,,,not_found,YarnCone not found,,,
1946,6a0e83731ff45cbda8435223,ORD-000072,,,,,,not_found,YarnCone not found,,,
1947,6a0e83731ff45cbda8435224,ORD-000082,,,,,,not_found,YarnCone not found,,,
1948,6a0e83731ff45cbda8435225,ORD-000082,,,,,,not_found,YarnCone not found,,,
1949,6a0e83731ff45cbda8435226,ORD-000082,,,,,,not_found,YarnCone not found,,,
1950,6a0e83731ff45cbda8435228,ORD-000072,,,,,,not_found,YarnCone not found,,,
1951,6a0e83731ff45cbda843522a,ORD-000072,,,,,,not_found,YarnCone not found,,,
1952,6a0e83731ff45cbda843522c,ORD-000082,,,,,,not_found,YarnCone not found,,,
1953,6a0e83731ff45cbda8435230,ORD-000082,,,,,,not_found,YarnCone not found,,,
1954,6a0e83731ff45cbda8435231,ORD-000082,,,,,,not_found,YarnCone not found,,,
1955,6a0e83731ff45cbda8435232,ORD-000067,,,,,,not_found,YarnCone not found,,,
1956,6a0e83731ff45cbda8435233,ORD-000072,,,,,,not_found,YarnCone not found,,,
1957,6a0e83731ff45cbda8435237,ORD-000067,,,,,,not_found,YarnCone not found,,,
1958,6a0e83a91ff45cbda8435af3,ORD-000077,,,,,,not_found,YarnCone not found,,,
1959,6a0e83a91ff45cbda8435af4,ORD-000067,,,,,,not_found,YarnCone not found,,,
1960,6a0e83a91ff45cbda8435af6,ORD-000082,,,,,,not_found,YarnCone not found,,,
1961,6a0e83a91ff45cbda8435af9,ORD-000062,,,,,,not_found,YarnCone not found,,,
1962,6a0e83a91ff45cbda8435afc,ORD-000077,,,,,,not_found,YarnCone not found,,,
1963,6a0e83a91ff45cbda8435afe,ORD-000067,,,,,,not_found,YarnCone not found,,,
1964,6a0e83a91ff45cbda8435aff,ORD-000067,,,,,,not_found,YarnCone not found,,,
1965,6a0e83a91ff45cbda8435b00,ORD-000082,,,,,,not_found,YarnCone not found,,,
1966,6a0e83a91ff45cbda8435b01,ORD-000067,,,,,,not_found,YarnCone not found,,,
1967,6a0e83a91ff45cbda8435b03,ORD-000067,,,,,,not_found,YarnCone not found,,,
1968,6a0e83a91ff45cbda8435b04,ORD-000067,,,,,,not_found,YarnCone not found,,,
1969,6a0e83a91ff45cbda8435b05,ORD-000067,,,,,,not_found,YarnCone not found,,,
1970,6a0e83a91ff45cbda8435b06,ORD-000067,,,,,,not_found,YarnCone not found,,,
1971,6a0e83a91ff45cbda8435b07,ORD-000067,,,,,,not_found,YarnCone not found,,,
1972,6a0e83a91ff45cbda8435b09,ORD-000067,,,,,,not_found,YarnCone not found,,,
1973,6a0e83a91ff45cbda8435b0b,ORD-000082,,,,,,not_found,YarnCone not found,,,
1974,6a0e83a91ff45cbda8435b0d,ORD-000067,,,,,,not_found,YarnCone not found,,,
1975,6a0e83a91ff45cbda8435b12,ORD-000067,,,,,,not_found,YarnCone not found,,,
1976,6a0e83a91ff45cbda8435b15,ORD-000070,,,,,,not_found,YarnCone not found,,,
1977,6a0e83a91ff45cbda8435b16,ORD-000067,,,,,,not_found,YarnCone not found,,,
1978,6a0e83a91ff45cbda8435b17,ORD-000062,,,,,,not_found,YarnCone not found,,,
1979,6a0e83a91ff45cbda8435b1a,ORD-000077,,,,,,not_found,YarnCone not found,,,
1980,6a0e83e31ff45cbda84363c7,ORD-000067,,,,,,not_found,YarnCone not found,,,
1981,6a0e83e31ff45cbda84363c8,ORD-000077,,,,,,not_found,YarnCone not found,,,
1982,6a0e83e31ff45cbda84363cc,ORD-000067,,,,,,not_found,YarnCone not found,,,
1983,6a0e83e31ff45cbda84363cd,ORD-000067,,,,,,not_found,YarnCone not found,,,
1984,6a0e83e31ff45cbda84363cf,ORD-000077,,,,,,not_found,YarnCone not found,,,
1985,6a0e83e31ff45cbda84363d1,ORD-000067,,,,,,not_found,YarnCone not found,,,
1986,6a0e83e31ff45cbda84363d2,ORD-000067,,,,,,not_found,YarnCone not found,,,
1987,6a0e83e31ff45cbda84363d3,ORD-000067,,,,,,not_found,YarnCone not found,,,
1988,6a0e83e31ff45cbda84363d4,ORD-000067,,,,,,not_found,YarnCone not found,,,
1989,6a0e83e31ff45cbda84363d5,ORD-000067,,,,,,not_found,YarnCone not found,,,
1990,6a0e83e31ff45cbda84363d6,ORD-000067,,,,,,not_found,YarnCone not found,,,
1991,6a0e83e31ff45cbda84363d7,ORD-000067,,,,,,not_found,YarnCone not found,,,
1992,6a0e83e31ff45cbda84363d8,ORD-000067,,,,,,not_found,YarnCone not found,,,
1993,6a0e83e31ff45cbda84363d9,ORD-000067,,,,,,not_found,YarnCone not found,,,
1994,6a0e83e31ff45cbda84363da,ORD-000067,,,,,,not_found,YarnCone not found,,,
1995,6a0e83e31ff45cbda84363dc,ORD-000077,,,,,,not_found,YarnCone not found,,,
1996,6a0e83e31ff45cbda84363df,ORD-000067,,,,,,not_found,YarnCone not found,,,
1997,6a0e83e31ff45cbda84363e0,ORD-000067,,,,,,not_found,YarnCone not found,,,
1998,6a0e83e31ff45cbda84363e1,ORD-000077,,,,,,not_found,YarnCone not found,,,
1999,6a0e83e31ff45cbda84363e3,ORD-000077,,,,,,not_found,YarnCone not found,,,
2000,6a0e83e31ff45cbda84363e4,ORD-000067,,,,,,not_found,YarnCone not found,,,
2001,6a0e83e31ff45cbda84363e6,ORD-000067,,,,,,not_found,YarnCone not found,,,
2002,6a0e83e31ff45cbda84363e7,ORD-000067,,,,,,not_found,YarnCone not found,,,
2003,6a0e83e31ff45cbda84363e8,ORD-000062,,,,,,not_found,YarnCone not found,,,
2004,6a0e83e31ff45cbda84363e9,ORD-000072,,,,,,not_found,YarnCone not found,,,
2005,6a0e83e31ff45cbda84363ee,ORD-000072,,,,,,not_found,YarnCone not found,,,
2006,6a0e84031ff45cbda8436712,ORD-000068,,,,,,not_found,YarnCone not found,,,
2007,6a0e84031ff45cbda843671a,ORD-000069,,,,,,not_found,YarnCone not found,,,
2008,6a0e99c21ff45cbda844cbf1,ORD-000030,,,,,,not_found,YarnCone not found,,,
2009,6a0e99c21ff45cbda844cbf2,ORD-000086,,,,,,not_found,YarnCone not found,,,
2010,6a0e99c21ff45cbda844cbf3,ORD-000042,,,,,,not_found,YarnCone not found,,,
2011,6a0e99c21ff45cbda844cbf4,ORD-000080,,,,,,not_found,YarnCone not found,,,
2012,6a0e99c21ff45cbda844cbf5,ORD-000068,,,,,,not_found,YarnCone not found,,,
2013,6a0e99c21ff45cbda844cbf6,ORD-000080,,,,,,not_found,YarnCone not found,,,
2014,6a0e99c21ff45cbda844cbf7,ORD-000062,,,,,,not_found,YarnCone not found,,,
2015,6a0e99c21ff45cbda844cbff,ORD-000080,,,,,,not_found,YarnCone not found,,,
2016,6a0e9e081ff45cbda8451b08,ORD-000071,,,,,,not_found,YarnCone not found,,,
2017,6a0e9e081ff45cbda8451b15,ORD-000071,,,,,,not_found,YarnCone not found,,,
2018,6a0e9e631ff45cbda8452847,ORD-000071,,,,,,not_found,YarnCone not found,,,
2019,6a0e9ee71ff45cbda8453348,ORD-000083,,,,,,not_found,YarnCone not found,,,
2020,6a0e9ee71ff45cbda845334c,ORD-000072,,,,,,not_found,YarnCone not found,,,
2021,6a0e9ee71ff45cbda845334f,ORD-000078,,,,,,not_found,YarnCone not found,,,
2022,6a0e9ee71ff45cbda8453352,ORD-000076,,,,,,not_found,YarnCone not found,,,
2023,6a0e9ee71ff45cbda8453353,ORD-000082,,,,,,not_found,YarnCone not found,,,
2024,6a0e9ee71ff45cbda8453356,ORD-000077,,,,,,not_found,YarnCone not found,,,
2025,6a0e9ee71ff45cbda845335c,ORD-000079,,,,,,not_found,YarnCone not found,,,
2026,6a0e9ee71ff45cbda8453363,ORD-000076,,,,,,not_found,YarnCone not found,,,
2027,6a0e9ee71ff45cbda8453367,ORD-000079,,,,,,not_found,YarnCone not found,,,
2028,6a0e9f251ff45cbda8453c45,ORD-000081,,,,,,not_found,YarnCone not found,,,
2029,6a0e9f251ff45cbda8453c47,ORD-000081,,,,,,not_found,YarnCone not found,,,
2030,6a0e9f251ff45cbda8453c4b,ORD-000081,,,,,,not_found,YarnCone not found,,,
2031,6a0e9f251ff45cbda8453c4c,ORD-000081,,,,,,not_found,YarnCone not found,,,
2032,6a0e9f251ff45cbda8453c50,ORD-000081,,,,,,not_found,YarnCone not found,,,
2033,6a0e9f251ff45cbda8453c53,ORD-000081,,,,,,not_found,YarnCone not found,,,
2034,6a0e9f251ff45cbda8453c5e,ORD-000081,,,,,,not_found,YarnCone not found,,,
2035,6a0e9f511ff45cbda8453d46,ORD-000081,,,,,,not_found,YarnCone not found,,,
2036,6a0e9f511ff45cbda8453d4f,ORD-000081,,,,,,not_found,YarnCone not found,,,
2037,6a0e9f511ff45cbda8453d58,ORD-000081,,,,,,not_found,YarnCone not found,,,
2038,6a0e9f511ff45cbda8453d5b,ORD-000081,,,,,,not_found,YarnCone not found,,,
2039,6a0e9f7a1ff45cbda8453e47,ORD-000079,,,,,,not_found,YarnCone not found,,,
2040,6a0e9f7a1ff45cbda8453e48,ORD-000079,,,,,,not_found,YarnCone not found,,,
2041,6a0e9f7a1ff45cbda8453e49,ORD-000079,,,,,,not_found,YarnCone not found,,,
2042,6a0e9f7a1ff45cbda8453e4a,ORD-000079,,,,,,not_found,YarnCone not found,,,
2043,6a0e9f7a1ff45cbda8453e4b,ORD-000079,,,,,,not_found,YarnCone not found,,,
2044,6a0e9f7a1ff45cbda8453e4d,ORD-000079,,,,,,not_found,YarnCone not found,,,
2045,6a0e9f7a1ff45cbda8453e4e,ORD-000079,,,,,,not_found,YarnCone not found,,,
2046,6a0e9f7a1ff45cbda8453e4f,ORD-000079,,,,,,not_found,YarnCone not found,,,
2047,6a0e9f7a1ff45cbda8453e50,ORD-000079,,,,,,not_found,YarnCone not found,,,
2048,6a0e9f7a1ff45cbda8453e51,ORD-000079,,,,,,not_found,YarnCone not found,,,
2049,6a0e9f7a1ff45cbda8453e52,ORD-000079,,,,,,not_found,YarnCone not found,,,
2050,6a0e9f7a1ff45cbda8453e54,ORD-000079,,,,,,not_found,YarnCone not found,,,
2051,6a0e9f7a1ff45cbda8453e55,ORD-000079,,,,,,not_found,YarnCone not found,,,
2052,6a0e9f7a1ff45cbda8453e56,ORD-000079,,,,,,not_found,YarnCone not found,,,
2053,6a0e9f7a1ff45cbda8453e57,ORD-000079,,,,,,not_found,YarnCone not found,,,
2054,6a0e9f7a1ff45cbda8453e58,ORD-000079,,,,,,not_found,YarnCone not found,,,
2055,6a0e9fb61ff45cbda845453e,ORD-000084,,,,,,not_found,YarnCone not found,,,
2056,6a0e9fb61ff45cbda845453f,ORD-000084,,,,,,not_found,YarnCone not found,,,
2057,6a0e9fb61ff45cbda8454540,ORD-000084,,,,,,not_found,YarnCone not found,,,
2058,6a0e9fb61ff45cbda8454541,ORD-000084,,,,,,not_found,YarnCone not found,,,
2059,6a0e9fb61ff45cbda8454543,ORD-000084,,,,,,not_found,YarnCone not found,,,
2060,6a0e9fb61ff45cbda8454545,ORD-000084,,,,,,not_found,YarnCone not found,,,
2061,6a0e9fe31ff45cbda84549ef,ORD-000084,,,,,,not_found,YarnCone not found,,,
2062,6a0ea0091ff45cbda8454cd5,ORD-000079,,,,,,not_found,YarnCone not found,,,
2063,6a0ea0091ff45cbda8454cd7,ORD-000079,,,,,,not_found,YarnCone not found,,,
2064,6a0ea0091ff45cbda8454cd9,ORD-000079,,,,,,not_found,YarnCone not found,,,
2065,6a0ea0091ff45cbda8454cdb,ORD-000079,,,,,,not_found,YarnCone not found,,,
2066,6a0ea0091ff45cbda8454cdd,ORD-000079,,,,,,not_found,YarnCone not found,,,
2067,6a0ea0091ff45cbda8454ce0,ORD-000079,,,,,,not_found,YarnCone not found,,,
2068,6a0ea0091ff45cbda8454ce1,ORD-000079,,,,,,not_found,YarnCone not found,,,
2069,6a0ea0351ff45cbda8454fb1,ORD-000077,,,,,,not_found,YarnCone not found,,,
2070,6a0ea0b31ff45cbda84551fe,ORD-000064,,,,,,not_found,YarnCone not found,,,
2071,6a0ea0b31ff45cbda8455204,ORD-000061,,,,,,not_found,YarnCone not found,,,
2072,6a0ea0d61ff45cbda845531e,ORD-000088,,,,,,not_found,YarnCone not found,,,
2073,6a0ea0d61ff45cbda845531f,ORD-000088,,,,,,not_found,YarnCone not found,,,
2074,6a0ea0d61ff45cbda8455321,ORD-000088,,,,,,not_found,YarnCone not found,,,
2075,6a0ea0d61ff45cbda8455323,ORD-000088,,,,,,not_found,YarnCone not found,,,
2076,6a0ea1251ff45cbda8455498,ORD-000077,,,,,,not_found,YarnCone not found,,,
2077,6a0ea1251ff45cbda8455499,ORD-000077,,,,,,not_found,YarnCone not found,,,
2078,6a0ea1251ff45cbda845549a,ORD-000077,,,,,,not_found,YarnCone not found,,,
2079,6a0ea1251ff45cbda845549b,ORD-000077,,,,,,not_found,YarnCone not found,,,
2080,6a0ea1251ff45cbda845549c,ORD-000077,,,,,,not_found,YarnCone not found,,,
2081,6a0ea1251ff45cbda845549f,ORD-000077,,,,,,not_found,YarnCone not found,,,
2082,6a0ea1251ff45cbda84554a1,ORD-000077,,,,,,not_found,YarnCone not found,,,
2083,6a0ea1251ff45cbda84554a2,ORD-000077,,,,,,not_found,YarnCone not found,,,
2084,6a0ea1251ff45cbda84554a3,ORD-000077,,,,,,not_found,YarnCone not found,,,
2085,6a0ea1251ff45cbda84554a4,ORD-000077,,,,,,not_found,YarnCone not found,,,
2086,6a0ea1251ff45cbda84554a9,ORD-000077,,,,,,not_found,YarnCone not found,,,
2087,6a0ea1251ff45cbda84554aa,ORD-000077,,,,,,not_found,YarnCone not found,,,
2088,6a0ea1251ff45cbda84554ab,ORD-000077,,,,,,not_found,YarnCone not found,,,
2089,6a0ea1251ff45cbda84554ac,ORD-000077,,,,,,not_found,YarnCone not found,,,
2090,6a0ea1251ff45cbda84554ad,ORD-000077,,,,,,not_found,YarnCone not found,,,
2091,6a0ea1251ff45cbda84554ae,ORD-000077,,,,,,not_found,YarnCone not found,,,
2092,6a0ea1251ff45cbda84554af,ORD-000077,,,,,,not_found,YarnCone not found,,,
2093,6a0ea1251ff45cbda84554b1,ORD-000077,,,,,,not_found,YarnCone not found,,,
2094,6a0ea1251ff45cbda84554b2,ORD-000077,,,,,,not_found,YarnCone not found,,,
2095,6a0ea1251ff45cbda84554b3,ORD-000077,,,,,,not_found,YarnCone not found,,,
2096,6a0ea1251ff45cbda84554b4,ORD-000077,,,,,,not_found,YarnCone not found,,,
2097,6a0ea1251ff45cbda84554b5,ORD-000077,,,,,,not_found,YarnCone not found,,,
2098,6a0ea1251ff45cbda84554b6,ORD-000077,,,,,,not_found,YarnCone not found,,,
2099,6a0ea1251ff45cbda84554b7,ORD-000077,,,,,,not_found,YarnCone not found,,,
2100,6a0ea1251ff45cbda84554b8,ORD-000077,,,,,,not_found,YarnCone not found,,,
2101,6a0ea1251ff45cbda84554b9,ORD-000077,,,,,,not_found,YarnCone not found,,,
2102,6a0ea1251ff45cbda84554ba,ORD-000077,,,,,,not_found,YarnCone not found,,,
2103,6a0ea1251ff45cbda84554bb,ORD-000077,,,,,,not_found,YarnCone not found,,,
2104,6a0ea1251ff45cbda84554be,ORD-000077,,,,,,not_found,YarnCone not found,,,
2105,6a0ea1251ff45cbda84554bf,ORD-000077,,,,,,not_found,YarnCone not found,,,
2106,6a0ea1a71ff45cbda8455b01,ORD-000079,,,,,,not_found,YarnCone not found,,,
2107,6a0ea1d91ff45cbda8455cc9,ORD-000069,,,,,,not_found,YarnCone not found,,,
2108,6a0ea1d91ff45cbda8455cd8,ORD-000069,,,,,,not_found,YarnCone not found,,,
2109,6a0ea1d91ff45cbda8455ce9,ORD-000069,,,,,,not_found,YarnCone not found,,,
2110,6a0ea1d91ff45cbda8455ceb,ORD-000069,,,,,,not_found,YarnCone not found,,,
2111,6a0ea1d91ff45cbda8455cee,ORD-000069,,,,,,not_found,YarnCone not found,,,
2112,6a0ea2591ff45cbda8456127,ORD-000082,,,,,,not_found,YarnCone not found,,,
2113,6a0ea2591ff45cbda845612d,ORD-000082,,,,,,not_found,YarnCone not found,,,
2114,6a0ea2591ff45cbda845612e,ORD-000082,,,,,,not_found,YarnCone not found,,,
2115,6a0ea2591ff45cbda845612f,ORD-000082,,,,,,not_found,YarnCone not found,,,
2116,6a0ea2591ff45cbda8456130,ORD-000082,,,,,,not_found,YarnCone not found,,,
2117,6a0ea2591ff45cbda8456139,ORD-000082,,,,,,not_found,YarnCone not found,,,
2118,6a0ea2591ff45cbda845613c,ORD-000082,,,,,,not_found,YarnCone not found,,,
2119,6a0ea2901ff45cbda8456215,ORD-000082,,,,,,not_found,YarnCone not found,,,
2120,6a0ea2901ff45cbda8456218,ORD-000072,,,,,,not_found,YarnCone not found,,,
2121,6a0ea2901ff45cbda8456220,ORD-000082,,,,,,not_found,YarnCone not found,,,
2122,6a0ea2901ff45cbda8456229,ORD-000082,,,,,,not_found,YarnCone not found,,,
2123,6a0ea2901ff45cbda845622b,ORD-000082,,,,,,not_found,YarnCone not found,,,
2124,6a0ea2ee1ff45cbda8456636,ORD-000088,,,,,,not_found,YarnCone not found,,,
2125,6a0ea2ee1ff45cbda845663a,ORD-000088,,,,,,not_found,YarnCone not found,,,
2126,6a0ea2ee1ff45cbda845663b,ORD-000074,,,,,,not_found,YarnCone not found,,,
2127,6a0ea2ee1ff45cbda845663c,ORD-000074,,,,,,not_found,YarnCone not found,,,
2128,6a0ea2ee1ff45cbda845663d,ORD-000074,,,,,,not_found,YarnCone not found,,,
2129,6a0ea2ee1ff45cbda845663e,ORD-000074,,,,,,not_found,YarnCone not found,,,
2130,6a0ea2ee1ff45cbda8456640,ORD-000088,,,,,,not_found,YarnCone not found,,,
2131,6a0ea2ee1ff45cbda8456642,ORD-000074,,,,,,not_found,YarnCone not found,,,
2132,6a0ea2ee1ff45cbda8456644,ORD-000087,,,,,,not_found,YarnCone not found,,,
2133,6a0ea2ee1ff45cbda8456646,ORD-000088,,,,,,not_found,YarnCone not found,,,
2134,6a0ea2ee1ff45cbda8456647,ORD-000087,,,,,,not_found,YarnCone not found,,,
2135,6a0ea2ee1ff45cbda8456648,ORD-000088,,,,,,not_found,YarnCone not found,,,
2136,6a0ea2ee1ff45cbda845664b,ORD-000074,,,,,,not_found,YarnCone not found,,,
2137,6a0ea2ee1ff45cbda8456652,ORD-000088,,,,,,not_found,YarnCone not found,,,
2138,6a0ea2ee1ff45cbda8456653,ORD-000088,,,,,,not_found,YarnCone not found,,,
2139,6a0ea2ee1ff45cbda8456658,ORD-000088,,,,,,not_found,YarnCone not found,,,
2140,6a0ea2ee1ff45cbda8456659,ORD-000088,,,,,,not_found,YarnCone not found,,,
2141,6a0ea2ee1ff45cbda845665b,ORD-000088,,,,,,not_found,YarnCone not found,,,
2142,6a0ea33d1ff45cbda8456d50,ORD-000088,,,,,,not_found,YarnCone not found,,,
2143,6a0ea33d1ff45cbda8456d54,ORD-000088,,,,,,not_found,YarnCone not found,,,
2144,6a0ea33d1ff45cbda8456d58,ORD-000088,,,,,,not_found,YarnCone not found,,,
2145,6a0ea33d1ff45cbda8456d5f,ORD-000074,,,,,,not_found,YarnCone not found,,,
2146,6a0ea33d1ff45cbda8456d60,ORD-000088,,,,,,not_found,YarnCone not found,,,
2147,6a0ea33d1ff45cbda8456d6b,ORD-000088,,,,,,not_found,YarnCone not found,,,
2148,6a0ea33d1ff45cbda8456d6e,ORD-000088,,,,,,not_found,YarnCone not found,,,
2149,6a0ea3631ff45cbda845708e,ORD-000067,,,,,,not_found,YarnCone not found,,,
2150,6a0ea3631ff45cbda845708f,ORD-000067,,,,,,not_found,YarnCone not found,,,
2151,6a0ea3631ff45cbda8457091,ORD-000067,,,,,,not_found,YarnCone not found,,,
2152,6a0ea3631ff45cbda8457092,ORD-000067,,,,,,not_found,YarnCone not found,,,
2153,6a0ea3631ff45cbda8457099,ORD-000067,,,,,,not_found,YarnCone not found,,,
2154,6a0ea3631ff45cbda845709b,ORD-000077,,,,,,not_found,YarnCone not found,,,
2155,6a0ea3631ff45cbda845709c,ORD-000077,,,,,,not_found,YarnCone not found,,,
2156,6a0ea3631ff45cbda845709e,ORD-000067,,,,,,not_found,YarnCone not found,,,
2157,6a0ea3631ff45cbda84570a1,ORD-000067,,,,,,not_found,YarnCone not found,,,
2158,6a0ea3631ff45cbda84570a2,ORD-000067,,,,,,not_found,YarnCone not found,,,
2159,6a0ea3631ff45cbda84570a3,ORD-000067,,,,,,not_found,YarnCone not found,,,
2160,6a0ea3631ff45cbda84570a4,ORD-000067,,,,,,not_found,YarnCone not found,,,
2161,6a0ea3631ff45cbda84570a6,ORD-000067,,,,,,not_found,YarnCone not found,,,
2162,6a0ea3631ff45cbda84570a7,ORD-000067,,,,,,not_found,YarnCone not found,,,
2163,6a0ea3631ff45cbda84570ab,ORD-000067,,,,,,not_found,YarnCone not found,,,
2164,6a0ea3631ff45cbda84570ad,ORD-000067,,,,,,not_found,YarnCone not found,,,
2165,6a0ea3631ff45cbda84570ae,ORD-000067,,,,,,not_found,YarnCone not found,,,
2166,6a0ea3631ff45cbda84570b1,ORD-000067,,,,,,not_found,YarnCone not found,,,
2167,6a0ea39c1ff45cbda84576e3,ORD-000077,,,,,,not_found,YarnCone not found,,,
2168,6a0ea39c1ff45cbda84576e4,ORD-000077,,,,,,not_found,YarnCone not found,,,
2169,6a0ea39c1ff45cbda84576e9,ORD-000082,,,,,,not_found,YarnCone not found,,,
2170,6a0ea39c1ff45cbda84576f1,ORD-000062,,,,,,not_found,YarnCone not found,,,
2171,6a0ea39c1ff45cbda84576f5,ORD-000082,,,,,,not_found,YarnCone not found,,,
2172,6a0ea39c1ff45cbda8457706,ORD-000082,,,,,,not_found,YarnCone not found,,,
2173,6a0ea4061ff45cbda8457f4a,ORD-000079,,,,,,not_found,YarnCone not found,,,
2174,6a0ea4061ff45cbda8457f4e,ORD-000079,,,,,,not_found,YarnCone not found,,,
2175,6a0ea4061ff45cbda8457f54,ORD-000079,,,,,,not_found,YarnCone not found,,,
2176,6a0ea4361ff45cbda84581ee,ORD-000079,,,,,,not_found,YarnCone not found,,,
2177,6a0ea4361ff45cbda84581ef,ORD-000077,,,,,,not_found,YarnCone not found,,,
2178,6a0ea5951ff45cbda84586fa,ORD-000077,,,,,,not_found,YarnCone not found,,,
2179,6a0ea5951ff45cbda84586fb,ORD-000077,,,,,,not_found,YarnCone not found,,,
2180,6a0ea5951ff45cbda84586fc,ORD-000077,,,,,,not_found,YarnCone not found,,,
2181,6a0ea5951ff45cbda84586fd,ORD-000077,,,,,,not_found,YarnCone not found,,,
2182,6a0ea5951ff45cbda84586fe,ORD-000078,,,,,,not_found,YarnCone not found,,,
2183,6a0ea5951ff45cbda84586ff,ORD-000079,,,,,,not_found,YarnCone not found,,,
2184,6a0ea5951ff45cbda8458705,ORD-000079,,,,,,not_found,YarnCone not found,,,
2185,6a0ea5951ff45cbda8458707,ORD-000080,,,,,,not_found,YarnCone not found,,,
2186,6a0ea5951ff45cbda8458708,ORD-000080,,,,,,not_found,YarnCone not found,,,
2187,6a0ea5951ff45cbda845870b,ORD-000077,,,,,,not_found,YarnCone not found,,,
2188,6a0ea5951ff45cbda845870c,ORD-000077,,,,,,not_found,YarnCone not found,,,
2189,6a0ea5951ff45cbda845870e,ORD-000077,,,,,,not_found,YarnCone not found,,,
2190,6a0ea5951ff45cbda8458711,ORD-000079,,,,,,not_found,YarnCone not found,,,
2191,6a0ea5951ff45cbda8458717,ORD-000078,,,,,,not_found,YarnCone not found,,,
2192,6a0ea5951ff45cbda8458719,ORD-000077,,,,,,not_found,YarnCone not found,,,
2193,6a0ea5951ff45cbda845871a,ORD-000079,,,,,,not_found,YarnCone not found,,,
2194,6a0ea5951ff45cbda845871b,ORD-000077,,,,,,not_found,YarnCone not found,,,
2195,6a0ea5951ff45cbda845871c,ORD-000079,,,,,,not_found,YarnCone not found,,,
2196,6a0ea5951ff45cbda845871d,ORD-000074,,,,,,not_found,YarnCone not found,,,
2197,6a0ea5c61ff45cbda845886e,ORD-000084,,,,,,not_found,YarnCone not found,,,
2198,6a0ea5c61ff45cbda8458873,ORD-000079,,,,,,not_found,YarnCone not found,,,
2199,6a0ea5c61ff45cbda8458874,ORD-000080,,,,,,not_found,YarnCone not found,,,
2200,6a0ea5c61ff45cbda8458876,ORD-000079,,,,,,not_found,YarnCone not found,,,
2201,6a0ea5c61ff45cbda8458877,ORD-000070,,,,,,not_found,YarnCone not found,,,
2202,6a0ea5c61ff45cbda8458878,ORD-000080,,,,,,not_found,YarnCone not found,,,
2203,6a0ea5c61ff45cbda845887b,ORD-000079,,,,,,not_found,YarnCone not found,,,
2204,6a0ea5c61ff45cbda845887d,ORD-000079,,,,,,not_found,YarnCone not found,,,
2205,6a0ea5c61ff45cbda845887e,ORD-000080,,,,,,not_found,YarnCone not found,,,
2206,6a0ea5c61ff45cbda845887f,ORD-000079,,,,,,not_found,YarnCone not found,,,
2207,6a0ea5c61ff45cbda8458881,ORD-000079,,,,,,not_found,YarnCone not found,,,
2208,6a0ea5c61ff45cbda8458882,ORD-000082,,,,,,not_found,YarnCone not found,,,
2209,6a0ea5c61ff45cbda8458884,ORD-000079,,,,,,not_found,YarnCone not found,,,
2210,6a0ea5c61ff45cbda8458885,ORD-000079,,,,,,not_found,YarnCone not found,,,
2211,6a0ea5c61ff45cbda8458886,ORD-000070,,,,,,not_found,YarnCone not found,,,
2212,6a0ea5c61ff45cbda8458887,ORD-000079,,,,,,not_found,YarnCone not found,,,
2213,6a0ea5c61ff45cbda8458889,ORD-000079,,,,,,not_found,YarnCone not found,,,
2214,6a0ea5c61ff45cbda845888b,ORD-000079,,,,,,not_found,YarnCone not found,,,
2215,6a0ea5c61ff45cbda845888c,ORD-000078,,,,,,not_found,YarnCone not found,,,
2216,6a0ea5c61ff45cbda845888e,ORD-000070,,,,,,not_found,YarnCone not found,,,
2217,6a0ea6021ff45cbda84589f6,ORD-000079,,,,,,not_found,YarnCone not found,,,
2218,6a0ea6021ff45cbda84589ff,ORD-000077,,,,,,not_found,YarnCone not found,,,
2219,6a0ea6021ff45cbda8458a03,ORD-000077,,,,,,not_found,YarnCone not found,,,
2220,6a0ea6021ff45cbda8458a06,ORD-000080,,,,,,not_found,YarnCone not found,,,
2221,6a0ea6261ff45cbda8458ad8,ORD-000077,,,,,,not_found,YarnCone not found,,,
2222,6a0ea6261ff45cbda8458ada,ORD-000080,,,,,,not_found,YarnCone not found,,,
2223,6a0ea6261ff45cbda8458adb,ORD-000077,,,,,,not_found,YarnCone not found,,,
2224,6a0ea6261ff45cbda8458adc,ORD-000084,,,,,,not_found,YarnCone not found,,,
2225,6a0ea6261ff45cbda8458ade,ORD-000077,,,,,,not_found,YarnCone not found,,,
2226,6a0ea6261ff45cbda8458adf,ORD-000081,,,,,,not_found,YarnCone not found,,,
2227,6a0ea6261ff45cbda8458ae1,ORD-000077,,,,,,not_found,YarnCone not found,,,
2228,6a0ea6261ff45cbda8458ae2,ORD-000080,,,,,,not_found,YarnCone not found,,,
2229,6a0ea6261ff45cbda8458ae9,ORD-000077,,,,,,not_found,YarnCone not found,,,
2230,6a0ea6261ff45cbda8458aea,ORD-000084,,,,,,not_found,YarnCone not found,,,
2231,6a0ea6261ff45cbda8458aeb,ORD-000067,,,,,,not_found,YarnCone not found,,,
2232,6a0ea6621ff45cbda8458c22,ORD-000082,,,,,,not_found,YarnCone not found,,,
2233,6a0ea6621ff45cbda8458c23,ORD-000079,,,,,,not_found,YarnCone not found,,,
2234,6a0ea6621ff45cbda8458c24,ORD-000079,,,,,,not_found,YarnCone not found,,,
2235,6a0ea6621ff45cbda8458c29,ORD-000077,,,,,,not_found,YarnCone not found,,,
2236,6a0ea6621ff45cbda8458c2a,ORD-000077,,,,,,not_found,YarnCone not found,,,
2237,6a0ffc4f1ff45cbda84cc88f,ORD-000079,,,,,,not_found,YarnCone not found,,,
2238,6a0ffc4f1ff45cbda84cc890,ORD-000073,,,,,,not_found,YarnCone not found,,,
2239,6a0ffc4f1ff45cbda84cc894,ORD-000083,,,,,,not_found,YarnCone not found,,,
2240,6a0ffe371ff45cbda84d029f,ORD-000079,,,,,,not_found,YarnCone not found,,,
2241,6a0ffe371ff45cbda84d02a7,ORD-000079,,,,,,not_found,YarnCone not found,,,
2242,6a1002391ff45cbda84d610d,ORD-000087,,,,,,not_found,YarnCone not found,,,
2243,6a1002391ff45cbda84d6112,ORD-000087,,,,,,not_found,YarnCone not found,,,
2244,6a1002391ff45cbda84d6114,ORD-000087,,,,,,not_found,YarnCone not found,,,
2245,6a1002391ff45cbda84d611c,ORD-000087,,,,,,not_found,YarnCone not found,,,
2246,6a1002391ff45cbda84d611d,ORD-000087,,,,,,not_found,YarnCone not found,,,
2247,6a1002391ff45cbda84d611f,ORD-000087,,,,,,not_found,YarnCone not found,,,
2248,6a10200357e959db3b96597a,ORD-000089,,,,,,not_found,YarnCone not found,,,
2249,6a10200357e959db3b965980,ORD-000089,,,,,,not_found,YarnCone not found,,,
2250,6a10200357e959db3b965988,ORD-000089,,,,,,not_found,YarnCone not found,,,
2251,6a10200357e959db3b96598f,ORD-000089,,,,,,not_found,YarnCone not found,,,
2252,6a10205757e959db3b966035,ORD-000089,,,,,,not_found,YarnCone not found,,,
2253,6a10205757e959db3b96603c,ORD-000089,,,,,,not_found,YarnCone not found,,,
2254,6a10205757e959db3b96603d,ORD-000089,,,,,,not_found,YarnCone not found,,,
2255,6a10205757e959db3b96603e,ORD-000089,,,,,,not_found,YarnCone not found,,,
2256,6a102a9a57e959db3b96f0f6,ORD-000079,,,,,,not_found,YarnCone not found,,,
2257,6a102a9a57e959db3b96f109,ORD-000079,,,,,,not_found,YarnCone not found,,,
2258,6a10416557e959db3b97e520,ORD-000080,,,,,,not_found,YarnCone not found,,,
2259,6a112fad57e959db3b9a7f22,ORD-000081,,,,,,not_found,YarnCone not found,,,
2260,6a112fad57e959db3b9a7f25,ORD-000079,,,,,,not_found,YarnCone not found,,,
2261,6a112fad57e959db3b9a7f34,ORD-000079,,,,,,not_found,YarnCone not found,,,
2262,6a112fad57e959db3b9a7f3d,ORD-000081,,,,,,not_found,YarnCone not found,,,
2263,6a11307357e959db3b9a8a28,ORD-000083,,,,,,not_found,YarnCone not found,,,
2264,6a11307357e959db3b9a8a2a,ORD-000079,,,,,,not_found,YarnCone not found,,,
2265,6a11307357e959db3b9a8a2b,ORD-000079,,,,,,not_found,YarnCone not found,,,
2266,6a11307357e959db3b9a8a2e,ORD-000079,,,,,,not_found,YarnCone not found,,,
2267,6a11307357e959db3b9a8a2f,ORD-000080,,,,,,not_found,YarnCone not found,,,
2268,6a11307357e959db3b9a8a30,ORD-000080,,,,,,not_found,YarnCone not found,,,
2269,6a114a1e57e959db3b9c0718,ORD-000080,,,,,,not_found,YarnCone not found,,,
2270,6a114a1e57e959db3b9c0719,ORD-000079,,,,,,not_found,YarnCone not found,,,
2271,6a114a1e57e959db3b9c071a,ORD-000079,,,,,,not_found,YarnCone not found,,,
2272,6a114a1e57e959db3b9c071d,ORD-000079,,,,,,not_found,YarnCone not found,,,
2273,6a114a1e57e959db3b9c0722,ORD-000079,,,,,,not_found,YarnCone not found,,,
2274,6a114a1e57e959db3b9c0727,ORD-000079,,,,,,not_found,YarnCone not found,,,
2275,6a114a1e57e959db3b9c0728,ORD-000079,,,,,,not_found,YarnCone not found,,,
2276,6a114a1e57e959db3b9c072a,ORD-000080,,,,,,not_found,YarnCone not found,,,
2277,6a114a1e57e959db3b9c0731,ORD-000067,,,,,,not_found,YarnCone not found,,,
2278,6a114a1e57e959db3b9c0735,ORD-000080,,,,,,not_found,YarnCone not found,,,
2279,6a114a1e57e959db3b9c0738,ORD-000079,,,,,,not_found,YarnCone not found,,,
2280,6a114a1e57e959db3b9c073a,ORD-000079,,,,,,not_found,YarnCone not found,,,
2281,6a114a1e57e959db3b9c073b,ORD-000080,,,,,,not_found,YarnCone not found,,,
2282,6a114b2f57e959db3b9c1b5f,ORD-000079,,,,,,not_found,YarnCone not found,,,
2283,6a114b2f57e959db3b9c1b60,ORD-000079,,,,,,not_found,YarnCone not found,,,
2284,6a114b2f57e959db3b9c1b63,ORD-000079,,,,,,not_found,YarnCone not found,,,
2285,6a114b2f57e959db3b9c1b66,ORD-000079,,,,,,not_found,YarnCone not found,,,
2286,6a114b2f57e959db3b9c1b67,ORD-000079,,,,,,not_found,YarnCone not found,,,
2287,6a114b2f57e959db3b9c1b68,ORD-000079,,,,,,not_found,YarnCone not found,,,
2288,6a114b2f57e959db3b9c1b6a,ORD-000079,,,,,,not_found,YarnCone not found,,,
2289,6a114b2f57e959db3b9c1b6b,ORD-000079,,,,,,not_found,YarnCone not found,,,
2290,6a114b2f57e959db3b9c1b6c,ORD-000073,,,,,,not_found,YarnCone not found,,,
2291,6a114b2f57e959db3b9c1b71,ORD-000067,,,,,,not_found,YarnCone not found,,,
2292,6a114b2f57e959db3b9c1b73,ORD-000067,,,,,,not_found,YarnCone not found,,,
2293,6a114b2f57e959db3b9c1b75,ORD-000079,,,,,,not_found,YarnCone not found,,,
2294,6a114b2f57e959db3b9c1b79,ORD-000079,,,,,,not_found,YarnCone not found,,,
2295,6a114b2f57e959db3b9c1b7b,ORD-000079,,,,,,not_found,YarnCone not found,,,
2296,6a114b2f57e959db3b9c1b7f,ORD-000079,,,,,,not_found,YarnCone not found,,,
2297,6a114b2f57e959db3b9c1b80,ORD-000079,,,,,,not_found,YarnCone not found,,,
2298,6a114b2f57e959db3b9c1b82,ORD-000079,,,,,,not_found,YarnCone not found,,,
2299,6a114b2f57e959db3b9c1b83,ORD-000079,,,,,,not_found,YarnCone not found,,,
2300,6a114b2f57e959db3b9c1b84,ORD-000079,,,,,,not_found,YarnCone not found,,,
2301,6a114dd757e959db3b9c4a19,ORD-000079,,,,,,not_found,YarnCone not found,,,
2302,6a114dd757e959db3b9c4a1a,ORD-000079,,,,,,not_found,YarnCone not found,,,
2303,6a114dd757e959db3b9c4a20,ORD-000079,,,,,,not_found,YarnCone not found,,,
2304,6a114dd757e959db3b9c4a21,ORD-000079,,,,,,not_found,YarnCone not found,,,
2305,6a114dd757e959db3b9c4a23,ORD-000079,,,,,,not_found,YarnCone not found,,,
2306,6a114dd757e959db3b9c4a25,ORD-000080,,,,,,not_found,YarnCone not found,,,
2307,6a114dd757e959db3b9c4a26,ORD-000070,,,,,,not_found,YarnCone not found,,,
2308,6a114dd757e959db3b9c4a2d,ORD-000079,,,,,,not_found,YarnCone not found,,,
2309,6a114dd757e959db3b9c4a2e,ORD-000079,,,,,,not_found,YarnCone not found,,,
2310,6a114dd757e959db3b9c4a30,ORD-000079,,,,,,not_found,YarnCone not found,,,
2311,6a114dd757e959db3b9c4a31,ORD-000080,,,,,,not_found,YarnCone not found,,,
2312,6a114dd757e959db3b9c4a32,ORD-000079,,,,,,not_found,YarnCone not found,,,
2313,6a114dd757e959db3b9c4a33,ORD-000079,,,,,,not_found,YarnCone not found,,,
2314,6a114dd757e959db3b9c4a34,ORD-000079,,,,,,not_found,YarnCone not found,,,
2315,6a114dd757e959db3b9c4a38,ORD-000079,,,,,,not_found,YarnCone not found,,,
2316,6a114dd757e959db3b9c4a39,ORD-000079,,,,,,not_found,YarnCone not found,,,
2317,6a114dd757e959db3b9c4a3b,ORD-000079,,,,,,not_found,YarnCone not found,,,
2318,6a114dd757e959db3b9c4a3d,ORD-000080,,,,,,not_found,YarnCone not found,,,
2319,6a117e4c57e959db3b9d3de2,ORD-000076,,,,,,not_found,YarnCone not found,,,
2320,6a117e4c57e959db3b9d3de8,ORD-000082,,,,,,not_found,YarnCone not found,,,
2321,6a117e4c57e959db3b9d3de9,ORD-000082,,,,,,not_found,YarnCone not found,,,
2322,6a117e4c57e959db3b9d3ded,ORD-000082,,,,,,not_found,YarnCone not found,,,
2323,6a117e4c57e959db3b9d3def,ORD-000079,,,,,,not_found,YarnCone not found,,,
2324,6a117e4c57e959db3b9d3df3,ORD-000080,,,,,,not_found,YarnCone not found,,,
2325,6a117e4c57e959db3b9d3df4,ORD-000075,,,,,,not_found,YarnCone not found,,,
2326,6a117e4c57e959db3b9d3df6,ORD-000079,,,,,,not_found,YarnCone not found,,,
2327,6a140356f0e2cb0d4da80191,ORD-000072,,,,,,not_found,YarnCone not found,,,
2328,6a140356f0e2cb0d4da8019a,ORD-000079,,,,,,not_found,YarnCone not found,,,
2329,6a1403f7f0e2cb0d4da81a86,ORD-000079,,,,,,not_found,YarnCone not found,,,
2330,6a1403f7f0e2cb0d4da81a87,ORD-000079,,,,,,not_found,YarnCone not found,,,
2331,6a1403f7f0e2cb0d4da81a88,ORD-000079,,,,,,not_found,YarnCone not found,,,
2332,6a1403f7f0e2cb0d4da81a8a,ORD-000069,,,,,,not_found,YarnCone not found,,,
2333,6a1403f7f0e2cb0d4da81a90,ORD-000069,,,,,,not_found,YarnCone not found,,,
2334,6a140421f0e2cb0d4da8217c,ORD-000083,,,,,,not_found,YarnCone not found,,,
2335,6a140421f0e2cb0d4da8217d,ORD-000072,,,,,,not_found,YarnCone not found,,,
2336,6a140421f0e2cb0d4da8217e,ORD-000077,,,,,,not_found,YarnCone not found,,,
2337,6a140421f0e2cb0d4da82180,ORD-000074,,,,,,not_found,YarnCone not found,,,
2338,6a140421f0e2cb0d4da82181,ORD-000076,,,,,,not_found,YarnCone not found,,,
2339,6a140421f0e2cb0d4da82182,ORD-000080,,,,,,not_found,YarnCone not found,,,
2340,6a140421f0e2cb0d4da82189,ORD-000076,,,,,,not_found,YarnCone not found,,,
2341,6a140421f0e2cb0d4da8218d,ORD-000080,,,,,,not_found,YarnCone not found,,,
2342,6a140421f0e2cb0d4da8218e,ORD-000079,,,,,,not_found,YarnCone not found,,,
2343,6a140421f0e2cb0d4da8218f,ORD-000078,,,,,,not_found,YarnCone not found,,,
2344,6a140421f0e2cb0d4da82191,ORD-000077,,,,,,not_found,YarnCone not found,,,
2345,6a140421f0e2cb0d4da82192,ORD-000077,,,,,,not_found,YarnCone not found,,,
2346,6a140421f0e2cb0d4da82194,ORD-000079,,,,,,not_found,YarnCone not found,,,
2347,6a1579bce70e561e886a07ea,ORD-000074,,,,,,not_found,YarnCone not found,,,
2348,6a1579bce70e561e886a07ec,ORD-000074,,,,,,not_found,YarnCone not found,,,
2349,6a1579bce70e561e886a07ed,ORD-000074,,,,,,not_found,YarnCone not found,,,
2350,6a166d77e70e561e886c7cf1,ORD-000088,,,,,,not_found,YarnCone not found,,,
2351,6a166e35e70e561e886c85ad,ORD-000079,,,,,,not_found,YarnCone not found,,,
2352,6a166e89e70e561e886c89bc,ORD-000079,,,,,,not_found,YarnCone not found,,,
2353,6a166e89e70e561e886c89be,ORD-000079,,,,,,not_found,YarnCone not found,,,
2354,6a168f75e70e561e886fe0fd,ORD-000077,,,,,,not_found,YarnCone not found,,,
2355,6a168f75e70e561e886fe0fe,ORD-000080,,,,,,not_found,YarnCone not found,,,
2356,6a168f75e70e561e886fe0ff,ORD-000077,,,,,,not_found,YarnCone not found,,,
2357,6a168f75e70e561e886fe100,ORD-000072,,,,,,not_found,YarnCone not found,,,
2358,6a168f75e70e561e886fe103,ORD-000072,,,,,,not_found,YarnCone not found,,,
2359,6a168f8ce70e561e886fe435,ORD-000076,,,,,,not_found,YarnCone not found,,,
2360,6a168f8ce70e561e886fe436,ORD-000076,,,,,,not_found,YarnCone not found,,,
2361,6a168f8ce70e561e886fe438,ORD-000081,,,,,,not_found,YarnCone not found,,,
2362,6a168f8ce70e561e886fe440,ORD-000079,,,,,,not_found,YarnCone not found,,,
2363,6a169016e70e561e886fefa8,ORD-000077,,,,,,not_found,YarnCone not found,,,
2364,6a169016e70e561e886fefa9,ORD-000077,,,,,,not_found,YarnCone not found,,,
2365,6a169016e70e561e886fefb7,ORD-000080,,,,,,not_found,YarnCone not found,,,
2366,6a169016e70e561e886fefc2,ORD-000061,,,,,,not_found,YarnCone not found,,,
2367,6a169016e70e561e886fefc4,ORD-000071,,,,,,not_found,YarnCone not found,,,
2368,6a169052e70e561e886ff6c2,ORD-000070,,,,,,not_found,YarnCone not found,,,
2369,6a169052e70e561e886ff6d0,ORD-000077,,,,,,not_found,YarnCone not found,,,
2370,6a169052e70e561e886ff6d1,ORD-000078,,,,,,not_found,YarnCone not found,,,
2371,6a169052e70e561e886ff6d2,ORD-000077,,,,,,not_found,YarnCone not found,,,
2372,6a169067e70e561e886ffabc,ORD-000077,,,,,,not_found,YarnCone not found,,,
2373,6a169067e70e561e886ffac1,ORD-000079,,,,,,not_found,YarnCone not found,,,
2374,6a169067e70e561e886ffac2,ORD-000079,,,,,,not_found,YarnCone not found,,,
2375,6a169067e70e561e886ffac3,ORD-000077,,,,,,not_found,YarnCone not found,,,
2376,6a169067e70e561e886ffac4,ORD-000079,,,,,,not_found,YarnCone not found,,,
2377,6a169067e70e561e886ffac7,ORD-000077,,,,,,not_found,YarnCone not found,,,
2378,6a169067e70e561e886ffac9,ORD-000079,,,,,,not_found,YarnCone not found,,,
2379,6a169067e70e561e886ffacc,ORD-000079,,,,,,not_found,YarnCone not found,,,
2380,6a169067e70e561e886fface,ORD-000081,,,,,,not_found,YarnCone not found,,,
2381,6a169067e70e561e886ffad0,ORD-000079,,,,,,not_found,YarnCone not found,,,
2382,6a169067e70e561e886ffad1,ORD-000079,,,,,,not_found,YarnCone not found,,,
2383,6a169067e70e561e886ffad2,ORD-000079,,,,,,not_found,YarnCone not found,,,
2384,6a169067e70e561e886ffad3,ORD-000079,,,,,,not_found,YarnCone not found,,,
2385,6a169078e70e561e886ffc07,ORD-000079,,,,,,not_found,YarnCone not found,,,
2386,6a169078e70e561e886ffc0b,ORD-000079,,,,,,not_found,YarnCone not found,,,
2387,6a169078e70e561e886ffc0d,ORD-000079,,,,,,not_found,YarnCone not found,,,
2388,6a169078e70e561e886ffc0f,ORD-000079,,,,,,not_found,YarnCone not found,,,
2389,6a169078e70e561e886ffc11,ORD-000077,,,,,,not_found,YarnCone not found,,,
2390,6a169078e70e561e886ffc14,ORD-000072,,,,,,not_found,YarnCone not found,,,
2391,6a16913de70e561e88700aec,ORD-000079,,,,,,not_found,YarnCone not found,,,
2392,6a16913de70e561e88700aef,ORD-000079,,,,,,not_found,YarnCone not found,,,
2393,6a16913de70e561e88700af0,ORD-000079,,,,,,not_found,YarnCone not found,,,
2394,6a16915ce70e561e88700b57,ORD-000070,,,,,,not_found,YarnCone not found,,,
2395,6a16915ce70e561e88700b58,ORD-000067,,,,,,not_found,YarnCone not found,,,
2396,6a16915ce70e561e88700b59,ORD-000061,,,,,,not_found,YarnCone not found,,,
2397,6a16915ce70e561e88700b60,ORD-000075,,,,,,not_found,YarnCone not found,,,
2398,6a16915ce70e561e88700b62,ORD-000070,,,,,,not_found,YarnCone not found,,,
2399,6a16915ce70e561e88700b64,ORD-000093,,,,,,not_found,YarnCone not found,,,
2400,6a1691b2e70e561e88700ce2,ORD-000079,,,,,,not_found,YarnCone not found,,,
2401,6a1691b2e70e561e88700ce8,ORD-000079,,,,,,not_found,YarnCone not found,,,
2402,6a1691b2e70e561e88700cec,ORD-000079,,,,,,not_found,YarnCone not found,,,
2403,6a1691b2e70e561e88700cf1,ORD-000079,,,,,,not_found,YarnCone not found,,,
2404,6a1691b2e70e561e88700cf2,ORD-000070,,,,,,not_found,YarnCone not found,,,
2405,6a1691b2e70e561e88700cf4,ORD-000082,,,,,,not_found,YarnCone not found,,,
2406,6a16920fe70e561e88701781,ORD-000070,,,,,,not_found,YarnCone not found,,,
2407,6a16920fe70e561e88701783,ORD-000085,,,,,,not_found,YarnCone not found,,,
2408,6a16920fe70e561e88701784,ORD-000082,,,,,,not_found,YarnCone not found,,,
2409,6a16920fe70e561e88701788,ORD-000067,,,,,,not_found,YarnCone not found,,,
2410,6a16920fe70e561e8870178a,ORD-000091,,,,,,not_found,YarnCone not found,,,
2411,6a16942de70e561e88705367,ORD-000071,,,,,,not_found,YarnCone not found,,,
2412,6a16a83753d0e92ec1be1cbf,ORD-000079,,,,,,not_found,YarnCone not found,,,
2413,6a16a83753d0e92ec1be1cc0,ORD-000084,,,,,,not_found,YarnCone not found,,,
2414,6a16a83753d0e92ec1be1cc1,ORD-000079,,,,,,not_found,YarnCone not found,,,
2415,6a16a83753d0e92ec1be1cc3,ORD-000084,,,,,,not_found,YarnCone not found,,,
2416,6a16a83753d0e92ec1be1cc5,ORD-000079,,,,,,not_found,YarnCone not found,,,
2417,6a16a83753d0e92ec1be1cc6,ORD-000079,,,,,,not_found,YarnCone not found,,,
2418,6a16a83753d0e92ec1be1cc8,ORD-000079,,,,,,not_found,YarnCone not found,,,
2419,6a16a83753d0e92ec1be1cc9,ORD-000079,,,,,,not_found,YarnCone not found,,,
2420,6a16a83753d0e92ec1be1cca,ORD-000084,,,,,,not_found,YarnCone not found,,,
2421,6a16a83753d0e92ec1be1ccf,ORD-000079,,,,,,not_found,YarnCone not found,,,
2422,6a16a83753d0e92ec1be1cd1,ORD-000079,,,,,,not_found,YarnCone not found,,,
2423,6a16a83753d0e92ec1be1cd2,ORD-000079,,,,,,not_found,YarnCone not found,,,
2424,6a16a83753d0e92ec1be1cd5,ORD-000079,,,,,,not_found,YarnCone not found,,,
2425,6a16a83753d0e92ec1be1cd6,ORD-000084,,,,,,not_found,YarnCone not found,,,
2426,6a16a83753d0e92ec1be1cd9,ORD-000079,,,,,,not_found,YarnCone not found,,,
2427,6a16a83753d0e92ec1be1cdd,ORD-000079,,,,,,not_found,YarnCone not found,,,
2428,6a16a83753d0e92ec1be1ce2,ORD-000079,,,,,,not_found,YarnCone not found,,,
2429,6a16b6b953d0e92ec1bf59ed,ORD-000079,,,,,,not_found,YarnCone not found,,,
2430,6a16b6b953d0e92ec1bf59ee,ORD-000079,,,,,,not_found,YarnCone not found,,,
2431,6a16b6b953d0e92ec1bf59f0,ORD-000084,,,,,,not_found,YarnCone not found,,,
2432,6a16b6b953d0e92ec1bf59f1,ORD-000083,,,,,,not_found,YarnCone not found,,,
2433,6a16b6b953d0e92ec1bf59f2,ORD-000088,,,,,,not_found,YarnCone not found,,,
2434,6a16b6b953d0e92ec1bf59f3,ORD-000083,,,,,,not_found,YarnCone not found,,,
2435,6a16b6b953d0e92ec1bf59f4,ORD-000083,,,,,,not_found,YarnCone not found,,,
2436,6a16b6b953d0e92ec1bf59f8,ORD-000079,,,,,,not_found,YarnCone not found,,,
2437,6a16b6b953d0e92ec1bf59f9,ORD-000080,,,,,,not_found,YarnCone not found,,,
2438,6a16b6b953d0e92ec1bf59fa,ORD-000068,,,,,,not_found,YarnCone not found,,,
2439,6a16b6b953d0e92ec1bf59fd,ORD-000081,,,,,,not_found,YarnCone not found,,,
2440,6a16b6b953d0e92ec1bf59fe,ORD-000081,,,,,,not_found,YarnCone not found,,,
2441,6a16b6b953d0e92ec1bf59ff,ORD-000081,,,,,,not_found,YarnCone not found,,,
2442,6a16b6b953d0e92ec1bf5a01,ORD-000080,,,,,,not_found,YarnCone not found,,,
2443,6a16b6b953d0e92ec1bf5a03,ORD-000082,,,,,,not_found,YarnCone not found,,,
2444,6a16b6b953d0e92ec1bf5a04,ORD-000080,,,,,,not_found,YarnCone not found,,,
2445,6a16b6b953d0e92ec1bf5a08,ORD-000081,,,,,,not_found,YarnCone not found,,,
2446,6a16b6b953d0e92ec1bf5a0a,ORD-000083,,,,,,not_found,YarnCone not found,,,
2447,6a16b81b53d0e92ec1bf60fd,ORD-000067,,,,,,not_found,YarnCone not found,,,
2448,6a16b81b53d0e92ec1bf60fe,ORD-000067,,,,,,not_found,YarnCone not found,,,
2449,6a16b81b53d0e92ec1bf60ff,ORD-000079,,,,,,not_found,YarnCone not found,,,
2450,6a16b85953d0e92ec1bf61cb,ORD-000084,,,,,,not_found,YarnCone not found,,,
2451,6a16b8c953d0e92ec1bf63ee,ORD-000077,,,,,,not_found,YarnCone not found,,,
2452,6a16b8e953d0e92ec1bf6438,ORD-000084,,,,,,not_found,YarnCone not found,,,
2453,6a16b8e953d0e92ec1bf643a,ORD-000077,,,,,,not_found,YarnCone not found,,,
2454,6a16b8e953d0e92ec1bf643c,ORD-000074,,,,,,not_found,YarnCone not found,,,
2455,6a16b97753d0e92ec1bf66dc,ORD-000079,,,,,,not_found,YarnCone not found,,,
2456,6a16b9aa53d0e92ec1bf679e,ORD-000082,,,,,,not_found,YarnCone not found,,,
2457,6a16b9aa53d0e92ec1bf67a2,ORD-000078,,,,,,not_found,YarnCone not found,,,
2458,6a16c37f53d0e92ec1bf9150,ORD-000083,,,,,,not_found,YarnCone not found,,,
2459,6a16c37f53d0e92ec1bf9152,ORD-000081,,,,,,not_found,YarnCone not found,,,
2460,6a16c37f53d0e92ec1bf9154,ORD-000080,,,,,,not_found,YarnCone not found,,,
2461,6a16c37f53d0e92ec1bf9155,ORD-000083,,,,,,not_found,YarnCone not found,,,
2462,6a16c46253d0e92ec1bf9529,ORD-000080,,,,,,not_found,YarnCone not found,,,
2463,6a16c46253d0e92ec1bf952b,ORD-000067,,,,,,not_found,YarnCone not found,,,
2464,6a16c65453d0e92ec1bf9960,ORD-000031,,,,,,not_found,YarnCone not found,,,
2465,6a16c6b153d0e92ec1bf9a98,ORD-000079,,,,,,not_found,YarnCone not found,,,
2466,6a16c6fd53d0e92ec1bf9b76,ORD-000076,,,,,,not_found,YarnCone not found,,,
2467,6a16c6fd53d0e92ec1bf9b77,ORD-000073,,,,,,not_found,YarnCone not found,,,
2468,6a17f9ae53d0e92ec1c6c0f0,ORD-000079,,,,,,not_found,YarnCone not found,,,
2469,6a17f9ae53d0e92ec1c6c0f2,ORD-000079,,,,,,not_found,YarnCone not found,,,
2470,6a17f9ae53d0e92ec1c6c0f3,ORD-000073,,,,,,not_found,YarnCone not found,,,
2471,6a17f9ae53d0e92ec1c6c0f9,ORD-000076,,,,,,not_found,YarnCone not found,,,
2472,6a17f9ae53d0e92ec1c6c0fc,ORD-000073,,,,,,not_found,YarnCone not found,,,
2473,6a17f9ae53d0e92ec1c6c100,ORD-000079,,,,,,not_found,YarnCone not found,,,
2474,6a17fb2253d0e92ec1c6d97e,ORD-000079,,,,,,not_found,YarnCone not found,,,
2475,6a17fb2253d0e92ec1c6d97f,ORD-000088,,,,,,not_found,YarnCone not found,,,
2476,6a17fb2253d0e92ec1c6d980,ORD-000069,,,,,,not_found,YarnCone not found,,,
2477,6a17fb2253d0e92ec1c6d983,ORD-000079,,,,,,not_found,YarnCone not found,,,
2478,6a17fb2253d0e92ec1c6d984,ORD-000069,,,,,,not_found,YarnCone not found,,,
2479,6a17fb2253d0e92ec1c6d985,ORD-000069,,,,,,not_found,YarnCone not found,,,
2480,6a17fb2253d0e92ec1c6d986,ORD-000069,,,,,,not_found,YarnCone not found,,,
2481,6a17fb2253d0e92ec1c6d987,ORD-000079,,,,,,not_found,YarnCone not found,,,
2482,6a17fb2253d0e92ec1c6d988,ORD-000069,,,,,,not_found,YarnCone not found,,,
2483,6a17fb5153d0e92ec1c6dd8f,ORD-000079,,,,,,not_found,YarnCone not found,,,
2484,6a17fb5153d0e92ec1c6dd90,ORD-000079,,,,,,not_found,YarnCone not found,,,
2485,6a17fb5153d0e92ec1c6dd91,ORD-000084,,,,,,not_found,YarnCone not found,,,
2486,6a17fb5153d0e92ec1c6dd92,ORD-000084,,,,,,not_found,YarnCone not found,,,
2487,6a17fb5153d0e92ec1c6dd93,ORD-000079,,,,,,not_found,YarnCone not found,,,
2488,6a17fb5153d0e92ec1c6dd94,ORD-000084,,,,,,not_found,YarnCone not found,,,
2489,6a17fb5153d0e92ec1c6dd95,ORD-000084,,,,,,not_found,YarnCone not found,,,
2490,6a17fb5153d0e92ec1c6dd96,ORD-000084,,,,,,not_found,YarnCone not found,,,
2491,6a17fb5153d0e92ec1c6dd97,ORD-000084,,,,,,not_found,YarnCone not found,,,
2492,6a17fb5153d0e92ec1c6dd98,ORD-000079,,,,,,not_found,YarnCone not found,,,
2493,6a17fb5153d0e92ec1c6dd9a,ORD-000084,,,,,,not_found,YarnCone not found,,,
2494,6a17fb5153d0e92ec1c6dd9b,ORD-000084,,,,,,not_found,YarnCone not found,,,
2495,6a17fb5153d0e92ec1c6dd9d,ORD-000079,,,,,,not_found,YarnCone not found,,,
2496,6a17fb5153d0e92ec1c6dd9f,ORD-000084,,,,,,not_found,YarnCone not found,,,
2497,6a17fb5153d0e92ec1c6dda0,ORD-000084,,,,,,not_found,YarnCone not found,,,
2498,6a17fb5153d0e92ec1c6dda1,ORD-000084,,,,,,not_found,YarnCone not found,,,
2499,6a17fb5153d0e92ec1c6dda4,ORD-000084,,,,,,not_found,YarnCone not found,,,
2500,6a17fb5153d0e92ec1c6dda5,ORD-000084,,,,,,not_found,YarnCone not found,,,
2501,6a17fb5153d0e92ec1c6dda8,ORD-000079,,,,,,not_found,YarnCone not found,,,
2502,6a17fb5153d0e92ec1c6ddaa,ORD-000079,,,,,,not_found,YarnCone not found,,,
2503,6a17fb5153d0e92ec1c6ddab,ORD-000079,,,,,,not_found,YarnCone not found,,,
2504,6a17fb5153d0e92ec1c6ddad,ORD-000084,,,,,,not_found,YarnCone not found,,,
2505,6a17fbe553d0e92ec1c6f37b,ORD-000080,,,,,,not_found,YarnCone not found,,,
2506,6a17fc0e53d0e92ec1c6fa99,ORD-000090,,,,,,not_found,YarnCone not found,,,
2507,6a17fc0e53d0e92ec1c6fa9d,ORD-000080,,,,,,not_found,YarnCone not found,,,
2508,6a17fc0e53d0e92ec1c6fa9f,ORD-000080,,,,,,not_found,YarnCone not found,,,
2509,6a17fc0e53d0e92ec1c6faa2,ORD-000080,,,,,,not_found,YarnCone not found,,,
2510,6a17fc0e53d0e92ec1c6faa5,ORD-000080,,,,,,not_found,YarnCone not found,,,
2511,6a17fc0e53d0e92ec1c6faa7,ORD-000080,,,,,,not_found,YarnCone not found,,,
2512,6a17fc0e53d0e92ec1c6faa8,ORD-000071,,,,,,not_found,YarnCone not found,,,
2513,6a17fc0e53d0e92ec1c6faab,ORD-000080,,,,,,not_found,YarnCone not found,,,
2514,6a17fc0e53d0e92ec1c6faac,ORD-000075,,,,,,not_found,YarnCone not found,,,
2515,6a17fc0e53d0e92ec1c6faad,ORD-000080,,,,,,not_found,YarnCone not found,,,
2516,6a17fc0e53d0e92ec1c6faae,ORD-000080,,,,,,not_found,YarnCone not found,,,
2517,6a17fced53d0e92ec1c71f57,ORD-000069,,,,,,not_found,YarnCone not found,,,
2518,6a17fced53d0e92ec1c71f59,ORD-000069,,,,,,not_found,YarnCone not found,,,
2519,6a17fced53d0e92ec1c71f5d,ORD-000069,,,,,,not_found,YarnCone not found,,,
2520,6a17fced53d0e92ec1c71f5f,ORD-000069,,,,,,not_found,YarnCone not found,,,
2521,6a17fced53d0e92ec1c71f60,ORD-000069,,,,,,not_found,YarnCone not found,,,
2522,6a17fced53d0e92ec1c71f62,ORD-000069,,,,,,not_found,YarnCone not found,,,
2523,6a17fced53d0e92ec1c71f64,ORD-000069,,,,,,not_found,YarnCone not found,,,
2524,6a17fced53d0e92ec1c71f65,ORD-000069,,,,,,not_found,YarnCone not found,,,
2525,6a17fced53d0e92ec1c71f67,ORD-000079,,,,,,not_found,YarnCone not found,,,
2526,6a17fced53d0e92ec1c71f6b,ORD-000079,,,,,,not_found,YarnCone not found,,,
2527,6a17fced53d0e92ec1c71f70,ORD-000069,,,,,,not_found,YarnCone not found,,,
2528,6a17fced53d0e92ec1c71f71,ORD-000069,,,,,,not_found,YarnCone not found,,,
2529,6a17fced53d0e92ec1c71f72,ORD-000069,,,,,,not_found,YarnCone not found,,,
2530,6a17fced53d0e92ec1c71f74,ORD-000069,,,,,,not_found,YarnCone not found,,,
2531,6a17fced53d0e92ec1c71f77,ORD-000069,,,,,,not_found,YarnCone not found,,,
2532,6a17fced53d0e92ec1c71f78,ORD-000069,,,,,,not_found,YarnCone not found,,,
2533,6a18005353d0e92ec1c780e2,ORD-000077,,,,,,not_found,YarnCone not found,,,
2534,6a18005353d0e92ec1c780e3,ORD-000077,,,,,,not_found,YarnCone not found,,,
2535,6a18005353d0e92ec1c780e7,ORD-000077,,,,,,not_found,YarnCone not found,,,
2536,6a18005353d0e92ec1c780e8,ORD-000077,,,,,,not_found,YarnCone not found,,,
2537,6a18005353d0e92ec1c780ea,ORD-000077,,,,,,not_found,YarnCone not found,,,
2538,6a18005353d0e92ec1c780eb,ORD-000077,,,,,,not_found,YarnCone not found,,,
2539,6a18005353d0e92ec1c780ef,ORD-000080,,,,,,not_found,YarnCone not found,,,
2540,6a18005353d0e92ec1c780f1,ORD-000077,,,,,,not_found,YarnCone not found,,,
2541,6a18005353d0e92ec1c780f3,ORD-000077,,,,,,not_found,YarnCone not found,,,
2542,6a18005353d0e92ec1c780f4,ORD-000077,,,,,,not_found,YarnCone not found,,,
2543,6a18005353d0e92ec1c780f5,ORD-000077,,,,,,not_found,YarnCone not found,,,
2544,6a18005353d0e92ec1c780f6,ORD-000077,,,,,,not_found,YarnCone not found,,,
2545,6a1825db53d0e92ec1cbd84b,ORD-000080,,,,,,not_found,YarnCone not found,,,
2546,6a19255f53d0e92ec1d02def,ORD-000079,,,,,,not_found,YarnCone not found,,,
2547,6a19255f53d0e92ec1d02df1,ORD-000074,,,,,,not_found,YarnCone not found,,,
2548,6a19255f53d0e92ec1d02df8,ORD-000077,,,,,,not_found,YarnCone not found,,,
2549,6a19255f53d0e92ec1d02dfb,ORD-000079,,,,,,not_found,YarnCone not found,,,
2550,6a19255f53d0e92ec1d02dfc,ORD-000079,,,,,,not_found,YarnCone not found,,,
2551,6a19255f53d0e92ec1d02dff,ORD-000079,,,,,,not_found,YarnCone not found,,,
2552,6a19259353d0e92ec1d03914,ORD-000061,,,,,,not_found,YarnCone not found,,,
2553,6a19259353d0e92ec1d03917,ORD-000080,,,,,,not_found,YarnCone not found,,,
2554,6a19259353d0e92ec1d03919,ORD-000080,,,,,,not_found,YarnCone not found,,,
2555,6a19259353d0e92ec1d0391f,ORD-000079,,,,,,not_found,YarnCone not found,,,
2556,6a19259353d0e92ec1d03921,ORD-000061,,,,,,not_found,YarnCone not found,,,
2557,6a19259353d0e92ec1d03924,ORD-000077,,,,,,not_found,YarnCone not found,,,
2558,6a1925ec53d0e92ec1d04cfe,ORD-000079,,,,,,not_found,YarnCone not found,,,
2559,6a1925ec53d0e92ec1d04d02,ORD-000081,,,,,,not_found,YarnCone not found,,,
2560,6a1925ec53d0e92ec1d04d03,ORD-000081,,,,,,not_found,YarnCone not found,,,
2561,6a1925ec53d0e92ec1d04d05,ORD-000079,,,,,,not_found,YarnCone not found,,,
2562,6a1925ec53d0e92ec1d04d06,ORD-000079,,,,,,not_found,YarnCone not found,,,
2563,6a1925ec53d0e92ec1d04d09,ORD-000081,,,,,,not_found,YarnCone not found,,,
2564,6a1925ec53d0e92ec1d04d0a,ORD-000079,,,,,,not_found,YarnCone not found,,,
2565,6a1925ec53d0e92ec1d04d0f,ORD-000081,,,,,,not_found,YarnCone not found,,,
2566,6a1925ec53d0e92ec1d04d12,ORD-000077,,,,,,not_found,YarnCone not found,,,
2567,6a1925ec53d0e92ec1d04d1b,ORD-000079,,,,,,not_found,YarnCone not found,,,
2568,6a19261153d0e92ec1d05521,ORD-000072,,,,,,not_found,YarnCone not found,,,
2569,6a19261153d0e92ec1d05523,ORD-000072,,,,,,not_found,YarnCone not found,,,
2570,6a19262e53d0e92ec1d05a41,ORD-000077,,,,,,not_found,YarnCone not found,,,
2571,6a19262e53d0e92ec1d05a42,ORD-000077,,,,,,not_found,YarnCone not found,,,
2572,6a19262e53d0e92ec1d05a44,ORD-000077,,,,,,not_found,YarnCone not found,,,
2573,6a19262e53d0e92ec1d05a45,ORD-000077,,,,,,not_found,YarnCone not found,,,
2574,6a19262e53d0e92ec1d05a46,ORD-000077,,,,,,not_found,YarnCone not found,,,
2575,6a19262e53d0e92ec1d05a4a,ORD-000078,,,,,,not_found,YarnCone not found,,,
2576,6a19262e53d0e92ec1d05a4c,ORD-000077,,,,,,not_found,YarnCone not found,,,
2577,6a19262e53d0e92ec1d05a4f,ORD-000072,,,,,,not_found,YarnCone not found,,,
2578,6a19262e53d0e92ec1d05a51,ORD-000070,,,,,,not_found,YarnCone not found,,,
2579,6a1952d953d0e92ec1d45045,ORD-000088,,,,,,not_found,YarnCone not found,,,
2580,6a1952d953d0e92ec1d45046,ORD-000088,,,,,,not_found,YarnCone not found,,,
2581,6a1952d953d0e92ec1d4504c,ORD-000088,,,,,,not_found,YarnCone not found,,,
2582,6a1952d953d0e92ec1d4504d,ORD-000088,,,,,,not_found,YarnCone not found,,,
2583,6a1952d953d0e92ec1d45057,ORD-000074,,,,,,not_found,YarnCone not found,,,
2584,6a19733a53d0e92ec1d5a65e,ORD-000072,,,,,,not_found,YarnCone not found,,,
2585,6a19735c53d0e92ec1d5a7f0,ORD-000074,,,,,,not_found,YarnCone not found,,,
2586,6a1973dd53d0e92ec1d5acda,ORD-000070,,,,,,not_found,YarnCone not found,,,
2587,6a1973dd53d0e92ec1d5acdc,ORD-000086,,,,,,not_found,YarnCone not found,,,
2588,6a19790b53d0e92ec1d5d005,ORD-000074,,,,,,not_found,YarnCone not found,,,
2589,6a19790b53d0e92ec1d5d00c,ORD-000088,,,,,,not_found,YarnCone not found,,,
2590,6a19790b53d0e92ec1d5d010,ORD-000088,,,,,,not_found,YarnCone not found,,,
2591,6a197cca53d0e92ec1d5dcb5,ORD-000087,,,,,,not_found,YarnCone not found,,,
2592,6a197cca53d0e92ec1d5dcbf,ORD-000087,,,,,,not_found,YarnCone not found,,,
2593,6a1a619c53d0e92ec1d804fa,ORD-000077,,,,,,not_found,YarnCone not found,,,
2594,6a1a619c53d0e92ec1d804fd,ORD-000080,,,,,,not_found,YarnCone not found,,,
2595,6a1a638053d0e92ec1d83381,ORD-000077,,,,,,not_found,YarnCone not found,,,
2596,6a1a638053d0e92ec1d83382,ORD-000077,,,,,,not_found,YarnCone not found,,,
2597,6a1a638053d0e92ec1d83383,ORD-000077,,,,,,not_found,YarnCone not found,,,
2598,6a1a638053d0e92ec1d83384,ORD-000077,,,,,,not_found,YarnCone not found,,,
2599,6a1a638053d0e92ec1d83388,ORD-000077,,,,,,not_found,YarnCone not found,,,
2600,6a1a638053d0e92ec1d83389,ORD-000077,,,,,,not_found,YarnCone not found,,,
2601,6a1a638053d0e92ec1d8338b,ORD-000061,,,,,,not_found,YarnCone not found,,,
2602,6a1a638053d0e92ec1d8338d,ORD-000077,,,,,,not_found,YarnCone not found,,,
2603,6a1a638053d0e92ec1d8338f,ORD-000077,,,,,,not_found,YarnCone not found,,,
2604,6a1a638053d0e92ec1d83390,ORD-000077,,,,,,not_found,YarnCone not found,,,
2605,6a1a638053d0e92ec1d83391,ORD-000077,,,,,,not_found,YarnCone not found,,,
2606,6a1a638053d0e92ec1d83392,ORD-000077,,,,,,not_found,YarnCone not found,,,
2607,6a1a638053d0e92ec1d83393,ORD-000061,,,,,,not_found,YarnCone not found,,,
2608,6a1a638053d0e92ec1d83394,ORD-000077,,,,,,not_found,YarnCone not found,,,
2609,6a1a638053d0e92ec1d83395,ORD-000077,,,,,,not_found,YarnCone not found,,,
2610,6a1a638053d0e92ec1d83397,ORD-000077,,,,,,not_found,YarnCone not found,,,
2611,6a1a642153d0e92ec1d85233,ORD-000082,,,,,,not_found,YarnCone not found,,,
2612,6a1a642153d0e92ec1d85235,ORD-000079,,,,,,not_found,YarnCone not found,,,
2613,6a1a642153d0e92ec1d85237,ORD-000079,,,,,,not_found,YarnCone not found,,,
2614,6a1a642153d0e92ec1d85238,ORD-000079,,,,,,not_found,YarnCone not found,,,
2615,6a1a642153d0e92ec1d8523e,ORD-000073,,,,,,not_found,YarnCone not found,,,
2616,6a1a642153d0e92ec1d85248,ORD-000081,,,,,,not_found,YarnCone not found,,,
2617,6a1a645053d0e92ec1d861d0,ORD-000079,,,,,,not_found,YarnCone not found,,,
2618,6a1a645053d0e92ec1d861d1,ORD-000079,,,,,,not_found,YarnCone not found,,,
2619,6a1a645053d0e92ec1d861d3,ORD-000079,,,,,,not_found,YarnCone not found,,,
2620,6a1a645053d0e92ec1d861d4,ORD-000080,,,,,,not_found,YarnCone not found,,,
2621,6a1a645053d0e92ec1d861d5,ORD-000079,,,,,,not_found,YarnCone not found,,,
2622,6a1a645053d0e92ec1d861d7,ORD-000079,,,,,,not_found,YarnCone not found,,,
2623,6a1a645053d0e92ec1d861d8,ORD-000079,,,,,,not_found,YarnCone not found,,,
2624,6a1a645053d0e92ec1d861d9,ORD-000079,,,,,,not_found,YarnCone not found,,,
2625,6a1a645053d0e92ec1d861da,ORD-000079,,,,,,not_found,YarnCone not found,,,
2626,6a1a645053d0e92ec1d861db,ORD-000079,,,,,,not_found,YarnCone not found,,,
2627,6a1a645053d0e92ec1d861dc,ORD-000079,,,,,,not_found,YarnCone not found,,,
2628,6a1a645053d0e92ec1d861dd,ORD-000079,,,,,,not_found,YarnCone not found,,,
2629,6a1a645053d0e92ec1d861de,ORD-000079,,,,,,not_found,YarnCone not found,,,
2630,6a1a645053d0e92ec1d861df,ORD-000079,,,,,,not_found,YarnCone not found,,,
2631,6a1a649553d0e92ec1d86299,ORD-000079,,,,,,not_found,YarnCone not found,,,
2632,6a1a649553d0e92ec1d8629a,ORD-000080,,,,,,not_found,YarnCone not found,,,
2633,6a1a649553d0e92ec1d8629e,ORD-000080,,,,,,not_found,YarnCone not found,,,
2634,6a1a649553d0e92ec1d8629f,ORD-000068,,,,,,not_found,YarnCone not found,,,
2635,6a1a649553d0e92ec1d862a0,ORD-000080,,,,,,not_found,YarnCone not found,,,
2636,6a1a649553d0e92ec1d862a1,ORD-000079,,,,,,not_found,YarnCone not found,,,
2637,6a1a649553d0e92ec1d862a3,ORD-000079,,,,,,not_found,YarnCone not found,,,
2638,6a1a649553d0e92ec1d862a5,ORD-000079,,,,,,not_found,YarnCone not found,,,
2639,6a1a649553d0e92ec1d862a6,ORD-000079,,,,,,not_found,YarnCone not found,,,
2640,6a1a649553d0e92ec1d862a7,ORD-000079,,,,,,not_found,YarnCone not found,,,
2641,6a1a649553d0e92ec1d862a8,ORD-000079,,,,,,not_found,YarnCone not found,,,
2642,6a1a649553d0e92ec1d862a9,ORD-000068,,,,,,not_found,YarnCone not found,,,
2643,6a1a64d853d0e92ec1d867a2,ORD-000080,,,,,,not_found,YarnCone not found,,,
2644,6a1a650b53d0e92ec1d8723c,ORD-000080,,,,,,not_found,YarnCone not found,,,
2645,6a1a650b53d0e92ec1d87244,ORD-000077,,,,,,not_found,YarnCone not found,,,
2646,6a1a652853d0e92ec1d877f3,ORD-000077,,,,,,not_found,YarnCone not found,,,
2647,6a1a652853d0e92ec1d877f8,ORD-000080,,,,,,not_found,YarnCone not found,,,
2648,6a1a652853d0e92ec1d877fb,ORD-000082,,,,,,not_found,YarnCone not found,,,
2649,6a1a72c453d0e92ec1da5bf0,ORD-000080,,,,,,not_found,YarnCone not found,,,
2650,6a1a72c453d0e92ec1da5bf2,ORD-000072,,,,,,not_found,YarnCone not found,,,
2651,6a1a72c453d0e92ec1da5bf5,ORD-000061,,,,,,not_found,YarnCone not found,,,
2652,6a1a72c453d0e92ec1da5bf6,ORD-000077,,,,,,not_found,YarnCone not found,,,
2653,6a1a72c453d0e92ec1da5bf7,ORD-000080,,,,,,not_found,YarnCone not found,,,
2654,6a1a72c453d0e92ec1da5bfa,ORD-000077,,,,,,not_found,YarnCone not found,,,
2655,6a1a72c453d0e92ec1da5bfb,ORD-000077,,,,,,not_found,YarnCone not found,,,
2656,6a1a72c453d0e92ec1da5bff,ORD-000077,,,,,,not_found,YarnCone not found,,,
2657,6a1a72c453d0e92ec1da5c00,ORD-000077,,,,,,not_found,YarnCone not found,,,
2658,6a1a72c453d0e92ec1da5c05,ORD-000080,,,,,,not_found,YarnCone not found,,,
2659,6a1a72c453d0e92ec1da5c07,ORD-000077,,,,,,not_found,YarnCone not found,,,
2660,6a1a72c453d0e92ec1da5c08,ORD-000077,,,,,,not_found,YarnCone not found,,,
2661,6a1a72c453d0e92ec1da5c09,ORD-000077,,,,,,not_found,YarnCone not found,,,
2662,6a1a72c453d0e92ec1da5c0a,ORD-000077,,,,,,not_found,YarnCone not found,,,
2663,6a1a72c453d0e92ec1da5c0b,ORD-000077,,,,,,not_found,YarnCone not found,,,
2664,6a1a72c453d0e92ec1da5c0c,ORD-000071,,,,,,not_found,YarnCone not found,,,
2665,6a1a72c453d0e92ec1da5c0d,ORD-000077,,,,,,not_found,YarnCone not found,,,
2666,6a1a72c453d0e92ec1da5c10,ORD-000077,,,,,,not_found,YarnCone not found,,,
2667,6a1a72c453d0e92ec1da5c11,ORD-000080,,,,,,not_found,YarnCone not found,,,
2668,6a1a72c453d0e92ec1da5c12,ORD-000080,,,,,,not_found,YarnCone not found,,,
2669,6a1d2c30793b417fa1cf6f66,ORD-000077,,,,,,not_found,YarnCone not found,,,
2670,6a1d2c30793b417fa1cf6f67,ORD-000074,,,,,,not_found,YarnCone not found,,,
2671,6a1d2c30793b417fa1cf6f68,ORD-000077,,,,,,not_found,YarnCone not found,,,
2672,6a1d2c30793b417fa1cf6f6c,ORD-000077,,,,,,not_found,YarnCone not found,,,
2673,6a1d2c30793b417fa1cf6f6d,ORD-000079,,,,,,not_found,YarnCone not found,,,
2674,6a1d2c30793b417fa1cf6f6f,ORD-000079,,,,,,not_found,YarnCone not found,,,
2675,6a1d2c30793b417fa1cf6f72,ORD-000079,,,,,,not_found,YarnCone not found,,,
2676,6a1d2c30793b417fa1cf6f74,ORD-000079,,,,,,not_found,YarnCone not found,,,
2677,6a1d2c30793b417fa1cf6f75,ORD-000079,,,,,,not_found,YarnCone not found,,,
2678,6a1d2c30793b417fa1cf6f78,ORD-000079,,,,,,not_found,YarnCone not found,,,
2679,6a1d2c30793b417fa1cf6f79,ORD-000079,,,,,,not_found,YarnCone not found,,,
2680,6a1d2cd5793b417fa1cf78b4,ORD-000083,,,,,,not_found,YarnCone not found,,,
2681,6a1d335e793b417fa1d021e0,ORD-000069,,,,,,not_found,YarnCone not found,,,
2682,6a1d335e793b417fa1d021e7,ORD-000069,,,,,,not_found,YarnCone not found,,,
2683,6a1d335e793b417fa1d021e8,ORD-000069,,,,,,not_found,YarnCone not found,,,
2684,6a1d335e793b417fa1d021e9,ORD-000079,,,,,,not_found,YarnCone not found,,,
2685,6a1d335e793b417fa1d021ea,ORD-000079,,,,,,not_found,YarnCone not found,,,
2686,6a1d335e793b417fa1d021ed,ORD-000079,,,,,,not_found,YarnCone not found,,,
2687,6a1d335e793b417fa1d021ee,ORD-000069,,,,,,not_found,YarnCone not found,,,
2688,6a1d335e793b417fa1d021ef,ORD-000079,,,,,,not_found,YarnCone not found,,,
2689,6a1d335e793b417fa1d021f0,ORD-000079,,,,,,not_found,YarnCone not found,,,
2690,6a1d335e793b417fa1d021f1,ORD-000069,,,,,,not_found,YarnCone not found,,,
2691,6a1d335e793b417fa1d021f2,ORD-000079,,,,,,not_found,YarnCone not found,,,
2692,6a1d335e793b417fa1d021f4,ORD-000077,,,,,,not_found,YarnCone not found,,,
2693,6a1d335e793b417fa1d021f5,ORD-000069,,,,,,not_found,YarnCone not found,,,
2694,6a1d4396793b417fa1d162e4,ORD-000067,,,,,,not_found,YarnCone not found,,,
2695,6a1d4396793b417fa1d162e8,ORD-000077,,,,,,not_found,YarnCone not found,,,
2696,6a1d4396793b417fa1d162ea,ORD-000080,,,,,,not_found,YarnCone not found,,,
2697,6a1d4396793b417fa1d162eb,ORD-000067,,,,,,not_found,YarnCone not found,,,
2698,6a1d4396793b417fa1d162ec,ORD-000080,,,,,,not_found,YarnCone not found,,,
2699,6a1d4396793b417fa1d162ed,ORD-000077,,,,,,not_found,YarnCone not found,,,
2700,6a1d4396793b417fa1d162f0,ORD-000084,,,,,,not_found,YarnCone not found,,,
2701,6a1d4396793b417fa1d162f3,ORD-000080,,,,,,not_found,YarnCone not found,,,
2702,6a1d4396793b417fa1d162f5,ORD-000080,,,,,,not_found,YarnCone not found,,,
2703,6a1d43db793b417fa1d16ccc,ORD-000061,,,,,,not_found,YarnCone not found,,,
2704,6a1d43db793b417fa1d16cd0,ORD-000075,,,,,,not_found,YarnCone not found,,,
2705,6a1d43db793b417fa1d16cd1,ORD-000080,,,,,,not_found,YarnCone not found,,,
2706,6a1d43db793b417fa1d16cd4,ORD-000079,,,,,,not_found,YarnCone not found,,,
2707,6a1d43db793b417fa1d16cd7,ORD-000084,,,,,,not_found,YarnCone not found,,,
2708,6a1d43db793b417fa1d16cd8,ORD-000084,,,,,,not_found,YarnCone not found,,,
2709,6a1d43db793b417fa1d16cdc,ORD-000084,,,,,,not_found,YarnCone not found,,,
2710,6a1d4403793b417fa1d17289,ORD-000077,,,,,,not_found,YarnCone not found,,,
2711,6a1d4403793b417fa1d1728c,ORD-000061,,,,,,not_found,YarnCone not found,,,
2712,6a1d4403793b417fa1d1728d,ORD-000077,,,,,,not_found,YarnCone not found,,,
2713,6a1d4403793b417fa1d1728e,ORD-000067,,,,,,not_found,YarnCone not found,,,
2714,6a1d4403793b417fa1d17290,ORD-000072,,,,,,not_found,YarnCone not found,,,
2715,6a1d4403793b417fa1d17291,ORD-000077,,,,,,not_found,YarnCone not found,,,
2716,6a1d4403793b417fa1d17292,ORD-000077,,,,,,not_found,YarnCone not found,,,
2717,6a1d4403793b417fa1d17293,ORD-000077,,,,,,not_found,YarnCone not found,,,
2718,6a1d4403793b417fa1d17294,ORD-000077,,,,,,not_found,YarnCone not found,,,
2719,6a1d4403793b417fa1d17295,ORD-000077,,,,,,not_found,YarnCone not found,,,
2720,6a1d4403793b417fa1d17296,ORD-000077,,,,,,not_found,YarnCone not found,,,
2721,6a1d4403793b417fa1d17297,ORD-000077,,,,,,not_found,YarnCone not found,,,
2722,6a1d4403793b417fa1d17298,ORD-000077,,,,,,not_found,YarnCone not found,,,
2723,6a1d4403793b417fa1d17299,ORD-000077,,,,,,not_found,YarnCone not found,,,
2724,6a1d4403793b417fa1d1729a,ORD-000077,,,,,,not_found,YarnCone not found,,,
2725,6a1d4403793b417fa1d1729b,ORD-000077,,,,,,not_found,YarnCone not found,,,
2726,6a1d4425793b417fa1d1783b,ORD-000073,,,,,,not_found,YarnCone not found,,,
2727,6a1d4425793b417fa1d1783d,ORD-000077,,,,,,not_found,YarnCone not found,,,
2728,6a1d4425793b417fa1d1783e,ORD-000080,,,,,,not_found,YarnCone not found,,,
2729,6a1d4425793b417fa1d1783f,ORD-000079,,,,,,not_found,YarnCone not found,,,
2730,6a1d4425793b417fa1d17842,ORD-000067,,,,,,not_found,YarnCone not found,,,
2731,6a1d4425793b417fa1d17843,ORD-000080,,,,,,not_found,YarnCone not found,,,
2732,6a1d4425793b417fa1d17846,ORD-000062,,,,,,not_found,YarnCone not found,,,
2733,6a1d4425793b417fa1d17849,ORD-000062,,,,,,not_found,YarnCone not found,,,
2734,6a1d4425793b417fa1d1784a,ORD-000067,,,,,,not_found,YarnCone not found,,,
2735,6a1d4425793b417fa1d1784c,ORD-000067,,,,,,not_found,YarnCone not found,,,
2736,6a1d44aa793b417fa1d18b82,ORD-000080,,,,,,not_found,YarnCone not found,,,
2737,6a1d44aa793b417fa1d18b83,ORD-000075,,,,,,not_found,YarnCone not found,,,
2738,6a1d44aa793b417fa1d18b84,ORD-000080,,,,,,not_found,YarnCone not found,,,
2739,6a1d44aa793b417fa1d18b85,ORD-000080,,,,,,not_found,YarnCone not found,,,
2740,6a1d44aa793b417fa1d18b88,ORD-000080,,,,,,not_found,YarnCone not found,,,
2741,6a1d44aa793b417fa1d18b8a,ORD-000080,,,,,,not_found,YarnCone not found,,,
2742,6a1d44aa793b417fa1d18b8b,ORD-000080,,,,,,not_found,YarnCone not found,,,
2743,6a1d44aa793b417fa1d18b8e,ORD-000080,,,,,,not_found,YarnCone not found,,,
2744,6a1d44aa793b417fa1d18b8f,ORD-000080,,,,,,not_found,YarnCone not found,,,
2745,6a1d44aa793b417fa1d18b91,ORD-000080,,,,,,not_found,YarnCone not found,,,
2746,6a1d44aa793b417fa1d18b92,ORD-000080,,,,,,not_found,YarnCone not found,,,
2747,6a1d44c5793b417fa1d18e62,ORD-000080,,,,,,not_found,YarnCone not found,,,
2748,6a1d44c5793b417fa1d18e64,ORD-000086,,,,,,not_found,YarnCone not found,,,
2749,6a1d44c5793b417fa1d18e6a,ORD-000080,,,,,,not_found,YarnCone not found,,,
2750,6a1d44c5793b417fa1d18e6c,ORD-000088,,,,,,not_found,YarnCone not found,,,
2751,6a1d44c5793b417fa1d18e6d,ORD-000085,,,,,,not_found,YarnCone not found,,,
2752,6a1d44c5793b417fa1d18e70,ORD-000080,,,,,,not_found,YarnCone not found,,,
2753,6a1d44f3793b417fa1d194ee,ORD-000080,,,,,,not_found,YarnCone not found,,,
2754,6a1d44f3793b417fa1d194ef,ORD-000088,,,,,,not_found,YarnCone not found,,,
2755,6a1d44f3793b417fa1d194f0,ORD-000080,,,,,,not_found,YarnCone not found,,,
2756,6a1d44f3793b417fa1d194f1,ORD-000080,,,,,,not_found,YarnCone not found,,,
2757,6a1d44f3793b417fa1d194f2,ORD-000080,,,,,,not_found,YarnCone not found,,,
2758,6a1d44f3793b417fa1d194f3,ORD-000080,,,,,,not_found,YarnCone not found,,,
2759,6a1d44f3793b417fa1d194f4,ORD-000080,,,,,,not_found,YarnCone not found,,,
2760,6a1d44f3793b417fa1d194f5,ORD-000080,,,,,,not_found,YarnCone not found,,,
2761,6a1d44f3793b417fa1d194f6,ORD-000080,,,,,,not_found,YarnCone not found,,,
2762,6a1d44f3793b417fa1d194f7,ORD-000088,,,,,,not_found,YarnCone not found,,,
2763,6a1d44f3793b417fa1d194f8,ORD-000088,,,,,,not_found,YarnCone not found,,,
2764,6a1d44f3793b417fa1d194f9,ORD-000080,,,,,,not_found,YarnCone not found,,,
2765,6a1d4e2d793b417fa1d26730,ORD-000069,,,,,,not_found,YarnCone not found,,,
2766,6a1d6c2c793b417fa1d37dd2,ORD-000072,,,,,,not_found,YarnCone not found,,,
2767,6a1d6c2c793b417fa1d37dd3,ORD-000072,,,,,,not_found,YarnCone not found,,,
2768,6a1d87ad793b417fa1d3bd04,ORD-000080,,,,,,not_found,YarnCone not found,,,
2769,6a1d8b1d793b417fa1d3c4e8,ORD-000080,,,,,,not_found,YarnCone not found,,,
2770,6a1d8bd5793b417fa1d3ca31,ORD-000070,,,,,,not_found,YarnCone not found,,,
2771,6a1d8eb7793b417fa1d3cddc,ORD-000077,,,,,,not_found,YarnCone not found,,,
2772,6a1d8f97793b417fa1d3ce4e,ORD-000079,,,,,,not_found,YarnCone not found,,,
2773,6a1d9297793b417fa1d3cf96,ORD-000074,,,,,,not_found,YarnCone not found,,,
2774,6a1e622b793b417fa1d621b6,ORD-000077,,,,,,not_found,YarnCone not found,,,
2775,6a1e622b793b417fa1d621ba,ORD-000085,,,,,,not_found,YarnCone not found,,,
2776,6a1e622b793b417fa1d621be,ORD-000077,,,,,,not_found,YarnCone not found,,,
2777,6a1e622b793b417fa1d621bf,ORD-000077,,,,,,not_found,YarnCone not found,,,
2778,6a1e622b793b417fa1d621c0,ORD-000077,,,,,,not_found,YarnCone not found,,,
2779,6a1e622b793b417fa1d621c2,ORD-000067,,,,,,not_found,YarnCone not found,,,
2780,6a1e622b793b417fa1d621c3,ORD-000067,,,,,,not_found,YarnCone not found,,,
2781,6a1e622b793b417fa1d621c4,ORD-000077,,,,,,not_found,YarnCone not found,,,
2782,6a1e622b793b417fa1d621c6,ORD-000077,,,,,,not_found,YarnCone not found,,,
2783,6a1e622b793b417fa1d621c7,ORD-000077,,,,,,not_found,YarnCone not found,,,
2784,6a1e622b793b417fa1d621c9,ORD-000077,,,,,,not_found,YarnCone not found,,,
2785,6a1e622b793b417fa1d621cd,ORD-000067,,,,,,not_found,YarnCone not found,,,
2786,6a1e622b793b417fa1d621cf,ORD-000077,,,,,,not_found,YarnCone not found,,,
2787,6a1e622b793b417fa1d621d0,ORD-000077,,,,,,not_found,YarnCone not found,,,
2788,6a1e622b793b417fa1d621d1,ORD-000077,,,,,,not_found,YarnCone not found,,,
2789,6a1e622b793b417fa1d621d2,ORD-000073,,,,,,not_found,YarnCone not found,,,
2790,6a1e622b793b417fa1d621d4,ORD-000080,,,,,,not_found,YarnCone not found,,,
2791,6a1e689d793b417fa1d6c36a,ORD-000080,,,,,,not_found,YarnCone not found,,,
2792,6a1e689d793b417fa1d6c36c,ORD-000080,,,,,,not_found,YarnCone not found,,,
2793,6a1e689d793b417fa1d6c36e,ORD-000079,,,,,,not_found,YarnCone not found,,,
2794,6a1e689d793b417fa1d6c372,ORD-000088,,,,,,not_found,YarnCone not found,,,
2795,6a1e689d793b417fa1d6c373,ORD-000071,,,,,,not_found,YarnCone not found,,,
2796,6a1e689d793b417fa1d6c374,ORD-000088,,,,,,not_found,YarnCone not found,,,
2797,6a1e689d793b417fa1d6c375,ORD-000071,,,,,,not_found,YarnCone not found,,,
2798,6a1e689d793b417fa1d6c377,ORD-000088,,,,,,not_found,YarnCone not found,,,
2799,6a1e689d793b417fa1d6c378,ORD-000080,,,,,,not_found,YarnCone not found,,,
2800,6a1e689d793b417fa1d6c37a,ORD-000088,,,,,,not_found,YarnCone not found,,,
2801,6a1e689d793b417fa1d6c37b,ORD-000080,,,,,,not_found,YarnCone not found,,,
2802,6a1e689d793b417fa1d6c37c,ORD-000080,,,,,,not_found,YarnCone not found,,,
2803,6a1e689d793b417fa1d6c37e,ORD-000080,,,,,,not_found,YarnCone not found,,,
2804,6a1e689d793b417fa1d6c381,ORD-000080,,,,,,not_found,YarnCone not found,,,
2805,6a1e72bc9ad6499102d6cd8c,ORD-000079,,,,,,not_found,YarnCone not found,,,
2806,6a1e72bc9ad6499102d6cd93,ORD-000079,,,,,,not_found,YarnCone not found,,,
2807,6a1e72bc9ad6499102d6cd95,ORD-000069,,,,,,not_found,YarnCone not found,,,
2808,6a1e72bc9ad6499102d6cd96,ORD-000079,,,,,,not_found,YarnCone not found,,,
2809,6a1e72bc9ad6499102d6cd98,ORD-000076,,,,,,not_found,YarnCone not found,,,
2810,6a1e72bc9ad6499102d6cd99,ORD-000079,,,,,,not_found,YarnCone not found,,,
2811,6a1e72bc9ad6499102d6cd9a,ORD-000069,,,,,,not_found,YarnCone not found,,,
2812,6a1e72bc9ad6499102d6cd9b,ORD-000069,,,,,,not_found,YarnCone not found,,,
2813,6a1e72bc9ad6499102d6cd9d,ORD-000079,,,,,,not_found,YarnCone not found,,,
2814,6a1e72bc9ad6499102d6cd9e,ORD-000079,,,,,,not_found,YarnCone not found,,,
2815,6a1e74609ad6499102d6ef4e,ORD-000080,,,,,,not_found,YarnCone not found,,,
2816,6a1e74609ad6499102d6ef4f,ORD-000080,,,,,,not_found,YarnCone not found,,,
2817,6a1e74609ad6499102d6ef50,ORD-000080,,,,,,not_found,YarnCone not found,,,
2818,6a1e74609ad6499102d6ef51,ORD-000080,,,,,,not_found,YarnCone not found,,,
2819,6a1e74609ad6499102d6ef52,ORD-000080,,,,,,not_found,YarnCone not found,,,
2820,6a1e74609ad6499102d6ef53,ORD-000080,,,,,,not_found,YarnCone not found,,,
2821,6a1e74609ad6499102d6ef54,ORD-000080,,,,,,not_found,YarnCone not found,,,
2822,6a1e74609ad6499102d6ef55,ORD-000080,,,,,,not_found,YarnCone not found,,,
2823,6a1e74609ad6499102d6ef56,ORD-000080,,,,,,not_found,YarnCone not found,,,
2824,6a1e74609ad6499102d6ef57,ORD-000080,,,,,,not_found,YarnCone not found,,,
2825,6a1e74609ad6499102d6ef58,ORD-000080,,,,,,not_found,YarnCone not found,,,
2826,6a1e74609ad6499102d6ef59,ORD-000080,,,,,,not_found,YarnCone not found,,,
2827,6a1e74609ad6499102d6ef5d,ORD-000080,,,,,,not_found,YarnCone not found,,,
2828,6a1e74609ad6499102d6ef5e,ORD-000080,,,,,,not_found,YarnCone not found,,,
2829,6a1e74609ad6499102d6ef61,ORD-000080,,,,,,not_found,YarnCone not found,,,
2830,6a1e74609ad6499102d6ef62,ORD-000080,,,,,,not_found,YarnCone not found,,,
2831,6a1e74609ad6499102d6ef63,ORD-000080,,,,,,not_found,YarnCone not found,,,
2832,6a1e74609ad6499102d6ef64,ORD-000080,,,,,,not_found,YarnCone not found,,,
2833,6a1e74609ad6499102d6ef68,ORD-000080,,,,,,not_found,YarnCone not found,,,
2834,6a1e74609ad6499102d6ef69,ORD-000080,,,,,,not_found,YarnCone not found,,,
2835,6a1e74609ad6499102d6ef6b,ORD-000080,,,,,,not_found,YarnCone not found,,,
2836,6a1e74609ad6499102d6ef6c,ORD-000080,,,,,,not_found,YarnCone not found,,,
2837,6a1e74609ad6499102d6ef6d,ORD-000080,,,,,,not_found,YarnCone not found,,,
2838,6a1e74609ad6499102d6ef6e,ORD-000080,,,,,,not_found,YarnCone not found,,,
2839,6a1e74609ad6499102d6ef6f,ORD-000080,,,,,,not_found,YarnCone not found,,,
2840,6a1e74609ad6499102d6ef70,ORD-000080,,,,,,not_found,YarnCone not found,,,
2841,6a1e74609ad6499102d6ef71,ORD-000080,,,,,,not_found,YarnCone not found,,,
2842,6a1e74609ad6499102d6ef72,ORD-000080,,,,,,not_found,YarnCone not found,,,
2843,6a1e74609ad6499102d6ef73,ORD-000080,,,,,,not_found,YarnCone not found,,,
2844,6a1e74609ad6499102d6ef75,ORD-000080,,,,,,not_found,YarnCone not found,,,
2845,6a1e74b49ad6499102d6f8ac,ORD-000077,,,,,,not_found,YarnCone not found,,,
2846,6a1e74b49ad6499102d6f8ae,ORD-000077,,,,,,not_found,YarnCone not found,,,
2847,6a1e74b49ad6499102d6f8b0,ORD-000077,,,,,,not_found,YarnCone not found,,,
2848,6a1e74b49ad6499102d6f8b2,ORD-000077,,,,,,not_found,YarnCone not found,,,
2849,6a1e74b49ad6499102d6f8b3,ORD-000077,,,,,,not_found,YarnCone not found,,,
2850,6a1e74b49ad6499102d6f8b4,ORD-000077,,,,,,not_found,YarnCone not found,,,
2851,6a1e74b49ad6499102d6f8b6,ORD-000077,,,,,,not_found,YarnCone not found,,,
2852,6a1e74b49ad6499102d6f8b7,ORD-000077,,,,,,not_found,YarnCone not found,,,
2853,6a1e74b49ad6499102d6f8b8,ORD-000077,,,,,,not_found,YarnCone not found,,,
2854,6a1e74b49ad6499102d6f8b9,ORD-000077,,,,,,not_found,YarnCone not found,,,
2855,6a1e74b49ad6499102d6f8ba,ORD-000077,,,,,,not_found,YarnCone not found,,,
2856,6a1e74b49ad6499102d6f8bb,ORD-000077,,,,,,not_found,YarnCone not found,,,
2857,6a1e74b49ad6499102d6f8bc,ORD-000077,,,,,,not_found,YarnCone not found,,,
2858,6a1e74b49ad6499102d6f8bf,ORD-000079,,,,,,not_found,YarnCone not found,,,
2859,6a1e74b49ad6499102d6f8c4,ORD-000077,,,,,,not_found,YarnCone not found,,,
2860,6a1e74b49ad6499102d6f8c6,ORD-000079,,,,,,not_found,YarnCone not found,,,
2861,6a1e74b49ad6499102d6f8c9,ORD-000078,,,,,,not_found,YarnCone not found,,,
2862,6a1e74b49ad6499102d6f8ce,ORD-000077,,,,,,not_found,YarnCone not found,,,
2863,6a1e74b49ad6499102d6f8d1,ORD-000079,,,,,,not_found,YarnCone not found,,,
2864,6a1e74ed9ad6499102d6fb0d,ORD-000079,,,,,,not_found,YarnCone not found,,,
2865,6a1e74ed9ad6499102d6fb10,ORD-000079,,,,,,not_found,YarnCone not found,,,
2866,6a1e74ed9ad6499102d6fb14,ORD-000079,,,,,,not_found,YarnCone not found,,,
2867,6a1e74ed9ad6499102d6fb16,ORD-000079,,,,,,not_found,YarnCone not found,,,
2868,6a1e74ed9ad6499102d6fb19,ORD-000078,,,,,,not_found,YarnCone not found,,,
2869,6a1e74ed9ad6499102d6fb1b,ORD-000079,,,,,,not_found,YarnCone not found,,,
2870,6a1e74ed9ad6499102d6fb22,ORD-000079,,,,,,not_found,YarnCone not found,,,
2871,6a1e74ed9ad6499102d6fb23,ORD-000079,,,,,,not_found,YarnCone not found,,,
2872,6a1e74ed9ad6499102d6fb24,ORD-000079,,,,,,not_found,YarnCone not found,,,
2873,6a1e74ed9ad6499102d6fb25,ORD-000079,,,,,,not_found,YarnCone not found,,,
2874,6a1e74ed9ad6499102d6fb2a,ORD-000079,,,,,,not_found,YarnCone not found,,,
2875,6a1e74ed9ad6499102d6fb30,ORD-000079,,,,,,not_found,YarnCone not found,,,
2876,6a1e77569ad6499102d725fd,ORD-000080,,,,,,not_found,YarnCone not found,,,
2877,6a1e77569ad6499102d72600,ORD-000082,,,,,,not_found,YarnCone not found,,,
2878,6a1e77569ad6499102d72601,ORD-000080,,,,,,not_found,YarnCone not found,,,
2879,6a1e77569ad6499102d72603,ORD-000062,,,,,,not_found,YarnCone not found,,,
2880,6a1e77569ad6499102d72604,ORD-000080,,,,,,not_found,YarnCone not found,,,
2881,6a1e77569ad6499102d72605,ORD-000080,,,,,,not_found,YarnCone not found,,,
2882,6a1e77569ad6499102d72606,ORD-000084,,,,,,not_found,YarnCone not found,,,
2883,6a1e77569ad6499102d72607,ORD-000084,,,,,,not_found,YarnCone not found,,,
2884,6a1e77569ad6499102d7260a,ORD-000077,,,,,,not_found,YarnCone not found,,,
2885,6a1e77569ad6499102d7260b,ORD-000077,,,,,,not_found,YarnCone not found,,,
2886,6a1e77569ad6499102d7260c,ORD-000077,,,,,,not_found,YarnCone not found,,,
2887,6a1e77569ad6499102d7260e,ORD-000077,,,,,,not_found,YarnCone not found,,,
2888,6a1e77569ad6499102d72611,ORD-000082,,,,,,not_found,YarnCone not found,,,
2889,6a1e77569ad6499102d72614,ORD-000080,,,,,,not_found,YarnCone not found,,,
2890,6a1e77569ad6499102d72615,ORD-000081,,,,,,not_found,YarnCone not found,,,
2891,6a1e77569ad6499102d72616,ORD-000079,,,,,,not_found,YarnCone not found,,,
2892,6a1e77569ad6499102d72617,ORD-000067,,,,,,not_found,YarnCone not found,,,
2893,6a1e8d1b9ad6499102d81c06,ORD-000083,,,,,,not_found,YarnCone not found,,,
2894,6a1e8d1b9ad6499102d81c0c,ORD-000083,,,,,,not_found,YarnCone not found,,,
2895,6a1e8d1b9ad6499102d81c10,ORD-000083,,,,,,not_found,YarnCone not found,,,
2896,6a1e97669ad6499102d836c9,ORD-000077,,,,,,not_found,YarnCone not found,,,
2897,6a1e97669ad6499102d836cd,ORD-000067,,,,,,not_found,YarnCone not found,,,
2898,6a1e97669ad6499102d836d4,ORD-000067,,,,,,not_found,YarnCone not found,,,
2899,6a1e97669ad6499102d836de,ORD-000077,,,,,,not_found,YarnCone not found,,,
2900,6a1e97669ad6499102d836e9,ORD-000077,,,,,,not_found,YarnCone not found,,,
2901,6a1fcd059ad6499102ddbb59,ORD-000079,,,,,,not_found,YarnCone not found,,,
2902,6a1fcd059ad6499102ddbb5c,ORD-000079,,,,,,not_found,YarnCone not found,,,
2903,6a1fcd059ad6499102ddbb5d,ORD-000078,,,,,,not_found,YarnCone not found,,,
2904,6a1fcd059ad6499102ddbb5f,ORD-000061,,,,,,not_found,YarnCone not found,,,
2905,6a1fcd059ad6499102ddbb60,ORD-000075,,,,,,not_found,YarnCone not found,,,
2906,6a1fcd059ad6499102ddbb61,ORD-000077,,,,,,not_found,YarnCone not found,,,
2907,6a1fcd059ad6499102ddbb62,ORD-000062,,,,,,not_found,YarnCone not found,,,
2908,6a1fcd059ad6499102ddbb64,ORD-000078,,,,,,not_found,YarnCone not found,,,
2909,6a1fcd059ad6499102ddbb65,ORD-000061,,,,,,not_found,YarnCone not found,,,
2910,6a1fcd059ad6499102ddbb66,ORD-000084,,,,,,not_found,YarnCone not found,,,
2911,6a1fcd059ad6499102ddbb67,ORD-000055,,,,,,not_found,YarnCone not found,,,
2912,6a1fcd059ad6499102ddbb6a,ORD-000078,,,,,,not_found,YarnCone not found,,,
2913,6a1fcd059ad6499102ddbb6b,ORD-000062,,,,,,not_found,YarnCone not found,,,
2914,6a1fcd059ad6499102ddbb6c,ORD-000078,,,,,,not_found,YarnCone not found,,,
2915,6a1fcd059ad6499102ddbb6e,ORD-000062,,,,,,not_found,YarnCone not found,,,
2916,6a1fcd059ad6499102ddbb71,ORD-000084,,,,,,not_found,YarnCone not found,,,
2917,6a1fcd059ad6499102ddbb73,ORD-000061,,,,,,not_found,YarnCone not found,,,
2918,6a1fce709ad6499102ddc59a,ORD-000078,,,,,,not_found,YarnCone not found,,,
2919,6a1fce709ad6499102ddc59d,ORD-000080,,,,,,not_found,YarnCone not found,,,
2920,6a1fce709ad6499102ddc59e,ORD-000091,,,,,,not_found,YarnCone not found,,,
2921,6a1fce709ad6499102ddc5a1,ORD-000080,,,,,,not_found,YarnCone not found,,,
2922,6a1fce709ad6499102ddc5a4,ORD-000080,,,,,,not_found,YarnCone not found,,,
2923,6a1fce709ad6499102ddc5a7,ORD-000080,,,,,,not_found,YarnCone not found,,,
2924,6a1fce709ad6499102ddc5aa,ORD-000074,,,,,,not_found,YarnCone not found,,,
2925,6a1fce709ad6499102ddc5ab,ORD-000080,,,,,,not_found,YarnCone not found,,,
2926,6a1fce709ad6499102ddc5ac,ORD-000075,,,,,,not_found,YarnCone not found,,,
2927,6a1fce709ad6499102ddc5ad,ORD-000072,,,,,,not_found,YarnCone not found,,,
2928,6a1fce709ad6499102ddc5ae,ORD-000078,,,,,,not_found,YarnCone not found,,,
2929,6a1fce709ad6499102ddc5b1,ORD-000080,,,,,,not_found,YarnCone not found,,,
2930,6a1fce709ad6499102ddc5b2,ORD-000080,,,,,,not_found,YarnCone not found,,,
2931,6a1fce709ad6499102ddc5b6,ORD-000080,,,,,,not_found,YarnCone not found,,,
2932,6a1fce709ad6499102ddc5b9,ORD-000061,,,,,,not_found,YarnCone not found,,,
2933,6a1ff2519ad6499102de2edc,ORD-000074,,,,,,not_found,YarnCone not found,,,
2934,6a1ff2519ad6499102de2edd,ORD-000079,,,,,,not_found,YarnCone not found,,,
2935,6a1ff2519ad6499102de2edf,ORD-000074,,,,,,not_found,YarnCone not found,,,
2936,6a1ff2519ad6499102de2ee0,ORD-000080,,,,,,not_found,YarnCone not found,,,
2937,6a1ff2519ad6499102de2ee1,ORD-000079,,,,,,not_found,YarnCone not found,,,
2938,6a1ff2519ad6499102de2ee2,ORD-000080,,,,,,not_found,YarnCone not found,,,
2939,6a1ff2519ad6499102de2ee3,ORD-000080,,,,,,not_found,YarnCone not found,,,
2940,6a1ff2519ad6499102de2ee4,ORD-000077,,,,,,not_found,YarnCone not found,,,
2941,6a1ff2519ad6499102de2ee8,ORD-000074,,,,,,not_found,YarnCone not found,,,
2942,6a1ff2519ad6499102de2ee9,ORD-000080,,,,,,not_found,YarnCone not found,,,
2943,6a1ff2519ad6499102de2eea,ORD-000079,,,,,,not_found,YarnCone not found,,,
2944,6a1ff2519ad6499102de2eec,ORD-000080,,,,,,not_found,YarnCone not found,,,
2945,6a1ff2519ad6499102de2ef2,ORD-000074,,,,,,not_found,YarnCone not found,,,
2946,6a1ff2519ad6499102de2ef3,ORD-000079,,,,,,not_found,YarnCone not found,,,
2947,6a1ff2519ad6499102de2ef4,ORD-000079,,,,,,not_found,YarnCone not found,,,
2948,6a1ff2519ad6499102de2ef6,ORD-000079,,,,,,not_found,YarnCone not found,,,
2949,6a1ff2519ad6499102de2ef7,ORD-000080,,,,,,not_found,YarnCone not found,,,
2950,6a1ff2519ad6499102de2ef8,ORD-000079,,,,,,not_found,YarnCone not found,,,
2951,6a1ff2519ad6499102de2efa,ORD-000080,,,,,,not_found,YarnCone not found,,,
2952,6a1ff2519ad6499102de2efc,ORD-000074,,,,,,not_found,YarnCone not found,,,
2953,6a1ff2519ad6499102de2efe,ORD-000079,,,,,,not_found,YarnCone not found,,,
2954,6a1ff2519ad6499102de2f00,ORD-000080,,,,,,not_found,YarnCone not found,,,
2955,6a1ff2519ad6499102de2f01,ORD-000080,,,,,,not_found,YarnCone not found,,,
2956,6a1ff2519ad6499102de2f02,ORD-000080,,,,,,not_found,YarnCone not found,,,
2957,6a1ff2d79ad6499102de3287,ORD-000075,,,,,,not_found,YarnCone not found,,,
2958,6a1ff2d79ad6499102de3288,ORD-000080,,,,,,not_found,YarnCone not found,,,
2959,6a1ff2d79ad6499102de328b,ORD-000080,,,,,,not_found,YarnCone not found,,,
2960,6a1ff2d79ad6499102de328d,ORD-000075,,,,,,not_found,YarnCone not found,,,
2961,6a1ff2d79ad6499102de3294,ORD-000080,,,,,,not_found,YarnCone not found,,,
2962,6a1ff2d79ad6499102de329a,ORD-000075,,,,,,not_found,YarnCone not found,,,
2963,6a1ff2d79ad6499102de329d,ORD-000075,,,,,,not_found,YarnCone not found,,,
2964,6a1ff2d79ad6499102de329e,ORD-000075,,,,,,not_found,YarnCone not found,,,
2965,6a1ff2d79ad6499102de329f,ORD-000075,,,,,,not_found,YarnCone not found,,,
2966,6a1ff2d79ad6499102de32a0,ORD-000075,,,,,,not_found,YarnCone not found,,,
2967,6a1ff2d79ad6499102de32a1,ORD-000075,,,,,,not_found,YarnCone not found,,,
2968,6a1ff2d79ad6499102de32a4,ORD-000075,,,,,,not_found,YarnCone not found,,,
2969,6a1ff2d79ad6499102de32a5,ORD-000075,,,,,,not_found,YarnCone not found,,,
2970,6a1ff2d79ad6499102de32a6,ORD-000075,,,,,,not_found,YarnCone not found,,,
2971,6a1ff2d79ad6499102de32a7,ORD-000075,,,,,,not_found,YarnCone not found,,,
2972,6a1ff2d79ad6499102de32a8,ORD-000075,,,,,,not_found,YarnCone not found,,,
2973,6a1ff2d79ad6499102de32ab,ORD-000075,,,,,,not_found,YarnCone not found,,,
2974,6a200dc29ad6499102deeba8,ORD-000077,,,,,,not_found,YarnCone not found,,,
2975,6a200dc29ad6499102deeba9,ORD-000077,,,,,,not_found,YarnCone not found,,,
2976,6a200dc29ad6499102deebaa,ORD-000077,,,,,,not_found,YarnCone not found,,,
2977,6a200dc29ad6499102deebab,ORD-000077,,,,,,not_found,YarnCone not found,,,
2978,6a200dc29ad6499102deebac,ORD-000077,,,,,,not_found,YarnCone not found,,,
2979,6a200dc29ad6499102deebad,ORD-000077,,,,,,not_found,YarnCone not found,,,
2980,6a200dc29ad6499102deebae,ORD-000077,,,,,,not_found,YarnCone not found,,,
2981,6a200dc29ad6499102deebaf,ORD-000077,,,,,,not_found,YarnCone not found,,,
2982,6a200dc29ad6499102deebb0,ORD-000077,,,,,,not_found,YarnCone not found,,,
2983,6a200dc29ad6499102deebb1,ORD-000077,,,,,,not_found,YarnCone not found,,,
2984,6a200dc29ad6499102deebb2,ORD-000077,,,,,,not_found,YarnCone not found,,,
2985,6a200dc29ad6499102deebb3,ORD-000077,,,,,,not_found,YarnCone not found,,,
2986,6a200dc29ad6499102deebb4,ORD-000077,,,,,,not_found,YarnCone not found,,,
2987,6a200dc29ad6499102deebb5,ORD-000077,,,,,,not_found,YarnCone not found,,,
2988,6a200dc29ad6499102deebb6,ORD-000077,,,,,,not_found,YarnCone not found,,,
2989,6a200dc29ad6499102deebba,ORD-000077,,,,,,not_found,YarnCone not found,,,
2990,6a200dc29ad6499102deebbb,ORD-000077,,,,,,not_found,YarnCone not found,,,
2991,6a200dc29ad6499102deebbc,ORD-000077,,,,,,not_found,YarnCone not found,,,
2992,6a200dc29ad6499102deebbd,ORD-000077,,,,,,not_found,YarnCone not found,,,
2993,6a200dc29ad6499102deebc3,ORD-000080,,,,,,not_found,YarnCone not found,,,
2994,6a200dc29ad6499102deebc4,ORD-000080,,,,,,not_found,YarnCone not found,,,
2995,6a200dc29ad6499102deebc6,ORD-000080,,,,,,not_found,YarnCone not found,,,
2996,6a200dc29ad6499102deebc9,ORD-000077,,,,,,not_found,YarnCone not found,,,
2997,6a200dc29ad6499102deebcb,ORD-000080,,,,,,not_found,YarnCone not found,,,
2998,6a200dc29ad6499102deebce,ORD-000080,,,,,,not_found,YarnCone not found,,,
2999,6a200ddf9ad6499102deed3b,ORD-000077,,,,,,not_found,YarnCone not found,,,
3000,6a200ddf9ad6499102deed3c,ORD-000077,,,,,,not_found,YarnCone not found,,,
3001,6a200ddf9ad6499102deed3f,ORD-000079,,,,,,not_found,YarnCone not found,,,
3002,6a200ddf9ad6499102deed43,ORD-000077,,,,,,not_found,YarnCone not found,,,
3003,6a200ddf9ad6499102deed44,ORD-000080,,,,,,not_found,YarnCone not found,,,
3004,6a200ddf9ad6499102deed45,ORD-000079,,,,,,not_found,YarnCone not found,,,
3005,6a200ddf9ad6499102deed4a,ORD-000077,,,,,,not_found,YarnCone not found,,,
3006,6a200ddf9ad6499102deed4e,ORD-000077,,,,,,not_found,YarnCone not found,,,
3007,6a200ddf9ad6499102deed4f,ORD-000077,,,,,,not_found,YarnCone not found,,,
3008,6a200ddf9ad6499102deed50,ORD-000077,,,,,,not_found,YarnCone not found,,,
3009,6a200ddf9ad6499102deed51,ORD-000077,,,,,,not_found,YarnCone not found,,,
3010,6a200ddf9ad6499102deed52,ORD-000077,,,,,,not_found,YarnCone not found,,,
3011,6a200ddf9ad6499102deed54,ORD-000077,,,,,,not_found,YarnCone not found,,,
3012,6a200ddf9ad6499102deed55,ORD-000077,,,,,,not_found,YarnCone not found,,,
3013,6a200ddf9ad6499102deed56,ORD-000077,,,,,,not_found,YarnCone not found,,,
3014,6a200ddf9ad6499102deed57,ORD-000077,,,,,,not_found,YarnCone not found,,,
3015,6a200ddf9ad6499102deed58,ORD-000077,,,,,,not_found,YarnCone not found,,,
3016,6a200ddf9ad6499102deed59,ORD-000077,,,,,,not_found,YarnCone not found,,,
3017,6a200ddf9ad6499102deed5a,ORD-000077,,,,,,not_found,YarnCone not found,,,
3018,6a200ddf9ad6499102deed5c,ORD-000077,,,,,,not_found,YarnCone not found,,,
3019,6a200ddf9ad6499102deed5d,ORD-000077,,,,,,not_found,YarnCone not found,,,
3020,6a200ddf9ad6499102deed61,ORD-000077,,,,,,not_found,YarnCone not found,,,
3021,6a200ddf9ad6499102deed62,ORD-000077,,,,,,not_found,YarnCone not found,,,
3022,6a21109d9ad6499102e2c79b,ORD-000087,,,,,,not_found,YarnCone not found,,,
3023,6a2110cf9ad6499102e2cecd,ORD-000072,,,,,,not_found,YarnCone not found,,,
3024,6a2110fa9ad6499102e2d128,ORD-000087,,,,,,not_found,YarnCone not found,,,
3025,6a2110fa9ad6499102e2d129,ORD-000087,,,,,,not_found,YarnCone not found,,,
3026,6a2111e59ad6499102e2d94c,ORD-000079,,,,,,not_found,YarnCone not found,,,
3027,6a2112b79ad6499102e2e4f6,ORD-000087,,,,,,not_found,YarnCone not found,,,
3028,6a2112b79ad6499102e2e4f7,ORD-000079,,,,,,not_found,YarnCone not found,,,
3029,6a2112b79ad6499102e2e4f9,ORD-000079,,,,,,not_found,YarnCone not found,,,
3030,6a2112b79ad6499102e2e4fa,ORD-000079,,,,,,not_found,YarnCone not found,,,
3031,6a2112b79ad6499102e2e4fb,ORD-000072,,,,,,not_found,YarnCone not found,,,
3032,6a2112b79ad6499102e2e501,ORD-000087,,,,,,not_found,YarnCone not found,,,
3033,6a2112b79ad6499102e2e502,ORD-000072,,,,,,not_found,YarnCone not found,,,
3034,6a2112dc9ad6499102e2ea09,ORD-000080,,,,,,not_found,YarnCone not found,,,
3035,6a2113039ad6499102e2ee44,ORD-000087,,,,,,not_found,YarnCone not found,,,
3036,6a2113039ad6499102e2ee45,ORD-000087,,,,,,not_found,YarnCone not found,,,
3037,6a21135c9ad6499102e2f0f6,ORD-000070,,,,,,not_found,YarnCone not found,,,
3038,6a21135c9ad6499102e2f0f7,ORD-000070,,,,,,not_found,YarnCone not found,,,
3039,6a21135c9ad6499102e2f0f9,ORD-000070,,,,,,not_found,YarnCone not found,,,
3040,6a21135c9ad6499102e2f0fa,ORD-000070,,,,,,not_found,YarnCone not found,,,
3041,6a21135c9ad6499102e2f0fb,ORD-000070,,,,,,not_found,YarnCone not found,,,
3042,6a21135c9ad6499102e2f0fc,ORD-000070,,,,,,not_found,YarnCone not found,,,
3043,6a21135c9ad6499102e2f0fd,ORD-000070,,,,,,not_found,YarnCone not found,,,
3044,6a21135c9ad6499102e2f0fe,ORD-000070,,,,,,not_found,YarnCone not found,,,
3045,6a21135c9ad6499102e2f100,ORD-000070,,,,,,not_found,YarnCone not found,,,
3046,6a21135c9ad6499102e2f107,ORD-000070,,,,,,not_found,YarnCone not found,,,
3047,6a21135c9ad6499102e2f108,ORD-000070,,,,,,not_found,YarnCone not found,,,
3048,6a21135c9ad6499102e2f109,ORD-000070,,,,,,not_found,YarnCone not found,,,
3049,6a21138e9ad6499102e2f591,ORD-000071,,,,,,not_found,YarnCone not found,,,
3050,6a2113b39ad6499102e2f65b,ORD-000079,,,,,,not_found,YarnCone not found,,,
3051,6a21172f9ad6499102e34309,ORD-000085,,,,,,not_found,YarnCone not found,,,
3052,6a21174f9ad6499102e347b2,ORD-000085,,,,,,not_found,YarnCone not found,,,
3053,6a2119369ad6499102e3767b,ORD-000070,,,,,,not_found,YarnCone not found,,,
3054,6a2119369ad6499102e3767c,ORD-000070,,,,,,not_found,YarnCone not found,,,
3055,6a21333535e21fd5461e7864,ORD-000079,,,,,,not_found,YarnCone not found,,,
3056,6a21333535e21fd5461e7865,ORD-000079,,,,,,not_found,YarnCone not found,,,
3057,6a21365c35e21fd5461e90a6,ORD-000079,,,,,,not_found,YarnCone not found,,,
3058,6a21365c35e21fd5461e90a8,ORD-000079,,,,,,not_found,YarnCone not found,,,
3059,6a21365c35e21fd5461e90a9,ORD-000079,,,,,,not_found,YarnCone not found,,,
3060,6a21365c35e21fd5461e90aa,ORD-000079,,,,,,not_found,YarnCone not found,,,
3061,6a21365c35e21fd5461e90ac,ORD-000079,,,,,,not_found,YarnCone not found,,,
3062,6a21365c35e21fd5461e90ad,ORD-000079,,,,,,not_found,YarnCone not found,,,
3063,6a21365c35e21fd5461e90ae,ORD-000079,,,,,,not_found,YarnCone not found,,,
3064,6a21365c35e21fd5461e90af,ORD-000079,,,,,,not_found,YarnCone not found,,,
3065,6a21365c35e21fd5461e90b0,ORD-000079,,,,,,not_found,YarnCone not found,,,
3066,6a21365c35e21fd5461e90b1,ORD-000079,,,,,,not_found,YarnCone not found,,,
3067,6a21365c35e21fd5461e90b2,ORD-000079,,,,,,not_found,YarnCone not found,,,
3068,6a21365c35e21fd5461e90b3,ORD-000079,,,,,,not_found,YarnCone not found,,,
3069,6a21365c35e21fd5461e90b5,ORD-000079,,,,,,not_found,YarnCone not found,,,
3070,6a21365c35e21fd5461e90b6,ORD-000079,,,,,,not_found,YarnCone not found,,,
3071,6a21365c35e21fd5461e90b7,ORD-000079,,,,,,not_found,YarnCone not found,,,
3072,6a21365c35e21fd5461e90b9,ORD-000080,,,,,,not_found,YarnCone not found,,,
3073,6a21365c35e21fd5461e90ba,ORD-000080,,,,,,not_found,YarnCone not found,,,
3074,6a21365c35e21fd5461e90bb,ORD-000079,,,,,,not_found,YarnCone not found,,,
3075,6a21365c35e21fd5461e90bc,ORD-000079,,,,,,not_found,YarnCone not found,,,
3076,6a21365c35e21fd5461e90bd,ORD-000079,,,,,,not_found,YarnCone not found,,,
3077,6a21365c35e21fd5461e90be,ORD-000079,,,,,,not_found,YarnCone not found,,,
3078,6a21365c35e21fd5461e90bf,ORD-000079,,,,,,not_found,YarnCone not found,,,
3079,6a21365c35e21fd5461e90c1,ORD-000079,,,,,,not_found,YarnCone not found,,,
3080,6a21365c35e21fd5461e90c2,ORD-000079,,,,,,not_found,YarnCone not found,,,
3081,6a21365c35e21fd5461e90c3,ORD-000079,,,,,,not_found,YarnCone not found,,,
3082,6a21365c35e21fd5461e90c4,ORD-000079,,,,,,not_found,YarnCone not found,,,
3083,6a21365c35e21fd5461e90c5,ORD-000079,,,,,,not_found,YarnCone not found,,,
3084,6a21365c35e21fd5461e90c6,ORD-000079,,,,,,not_found,YarnCone not found,,,
3085,6a21365c35e21fd5461e90c7,ORD-000079,,,,,,not_found,YarnCone not found,,,
3086,6a21365c35e21fd5461e90c8,ORD-000079,,,,,,not_found,YarnCone not found,,,
3087,6a21365c35e21fd5461e90c9,ORD-000079,,,,,,not_found,YarnCone not found,,,
3088,6a21365c35e21fd5461e90ca,ORD-000079,,,,,,not_found,YarnCone not found,,,
3089,6a21365c35e21fd5461e90cb,ORD-000079,,,,,,not_found,YarnCone not found,,,
3090,6a21365c35e21fd5461e90cc,ORD-000079,,,,,,not_found,YarnCone not found,,,
3091,6a21365c35e21fd5461e90cd,ORD-000079,,,,,,not_found,YarnCone not found,,,
3092,6a213a4f35e21fd5461e9e54,ORD-000070,,,,,,not_found,YarnCone not found,,,
3093,6a213a4f35e21fd5461e9e55,ORD-000080,,,,,,not_found,YarnCone not found,,,
3094,6a213a4f35e21fd5461e9e57,ORD-000080,,,,,,not_found,YarnCone not found,,,
3095,6a213a4f35e21fd5461e9e5b,ORD-000080,,,,,,not_found,YarnCone not found,,,
3096,6a213a4f35e21fd5461e9e5c,ORD-000070,,,,,,not_found,YarnCone not found,,,
3097,6a213a4f35e21fd5461e9e5d,ORD-000079,,,,,,not_found,YarnCone not found,,,
3098,6a213a4f35e21fd5461e9e5f,ORD-000079,,,,,,not_found,YarnCone not found,,,
3099,6a213a4f35e21fd5461e9e60,ORD-000079,,,,,,not_found,YarnCone not found,,,
3100,6a213a4f35e21fd5461e9e62,ORD-000079,,,,,,not_found,YarnCone not found,,,
3101,6a213a4f35e21fd5461e9e64,ORD-000079,,,,,,not_found,YarnCone not found,,,
3102,6a213a4f35e21fd5461e9e65,ORD-000079,,,,,,not_found,YarnCone not found,,,
3103,6a213a4f35e21fd5461e9e66,ORD-000070,,,,,,not_found,YarnCone not found,,,
3104,6a213a4f35e21fd5461e9e67,ORD-000080,,,,,,not_found,YarnCone not found,,,
3105,6a213a4f35e21fd5461e9e68,ORD-000079,,,,,,not_found,YarnCone not found,,,
3106,6a213a4f35e21fd5461e9e69,ORD-000079,,,,,,not_found,YarnCone not found,,,
3107,6a213a4f35e21fd5461e9e6a,ORD-000079,,,,,,not_found,YarnCone not found,,,
3108,6a213a4f35e21fd5461e9e6b,ORD-000079,,,,,,not_found,YarnCone not found,,,
3109,6a213a4f35e21fd5461e9e6d,ORD-000079,,,,,,not_found,YarnCone not found,,,
3110,6a213a4f35e21fd5461e9e6f,ORD-000079,,,,,,not_found,YarnCone not found,,,
3111,6a213a4f35e21fd5461e9e71,ORD-000080,,,,,,not_found,YarnCone not found,,,
3112,6a213a4f35e21fd5461e9e72,ORD-000079,,,,,,not_found,YarnCone not found,,,
3113,6a213a4f35e21fd5461e9e73,ORD-000079,,,,,,not_found,YarnCone not found,,,
3114,6a213a8935e21fd5461ea055,ORD-000070,,,,,,not_found,YarnCone not found,,,
3115,6a213a8935e21fd5461ea056,ORD-000070,,,,,,not_found,YarnCone not found,,,
3116,6a213a8935e21fd5461ea057,ORD-000070,,,,,,not_found,YarnCone not found,,,
3117,6a213a8935e21fd5461ea058,ORD-000070,,,,,,not_found,YarnCone not found,,,
3118,6a213a8935e21fd5461ea059,ORD-000070,,,,,,not_found,YarnCone not found,,,
3119,6a213a8935e21fd5461ea05a,ORD-000070,,,,,,not_found,YarnCone not found,,,
3120,6a213a8935e21fd5461ea05b,ORD-000070,,,,,,not_found,YarnCone not found,,,
3121,6a213a8935e21fd5461ea05c,ORD-000070,,,,,,not_found,YarnCone not found,,,
3122,6a213a8935e21fd5461ea05e,ORD-000070,,,,,,not_found,YarnCone not found,,,
3123,6a213a8935e21fd5461ea05f,ORD-000070,,,,,,not_found,YarnCone not found,,,
3124,6a213a8935e21fd5461ea060,ORD-000070,,,,,,not_found,YarnCone not found,,,
3125,6a213a8935e21fd5461ea061,ORD-000070,,,,,,not_found,YarnCone not found,,,
3126,6a213a8935e21fd5461ea062,ORD-000070,,,,,,not_found,YarnCone not found,,,
3127,6a213a8935e21fd5461ea063,ORD-000070,,,,,,not_found,YarnCone not found,,,
3128,6a213a8935e21fd5461ea064,ORD-000070,,,,,,not_found,YarnCone not found,,,
3129,6a213a8935e21fd5461ea065,ORD-000070,,,,,,not_found,YarnCone not found,,,
3130,6a213a8935e21fd5461ea066,ORD-000070,,,,,,not_found,YarnCone not found,,,
3131,6a213a8935e21fd5461ea067,ORD-000080,,,,,,not_found,YarnCone not found,,,
3132,6a213a8935e21fd5461ea068,ORD-000080,,,,,,not_found,YarnCone not found,,,
3133,6a213a8935e21fd5461ea069,ORD-000080,,,,,,not_found,YarnCone not found,,,
3134,6a213a8935e21fd5461ea06a,ORD-000080,,,,,,not_found,YarnCone not found,,,
3135,6a213a8935e21fd5461ea06c,ORD-000080,,,,,,not_found,YarnCone not found,,,
3136,6a213a8935e21fd5461ea06d,ORD-000080,,,,,,not_found,YarnCone not found,,,
3137,6a213a8935e21fd5461ea070,ORD-000080,,,,,,not_found,YarnCone not found,,,
3138,6a213a8935e21fd5461ea074,ORD-000077,,,,,,not_found,YarnCone not found,,,
3139,6a213a8935e21fd5461ea077,ORD-000080,,,,,,not_found,YarnCone not found,,,
3140,6a213a8935e21fd5461ea07b,ORD-000079,,,,,,not_found,YarnCone not found,,,
3141,6a21471b35e21fd5461edf93,ORD-000070,,,,,,not_found,YarnCone not found,,,
3142,6a21471b35e21fd5461edf96,ORD-000070,,,,,,not_found,YarnCone not found,,,
3143,6a21471b35e21fd5461edf97,ORD-000070,,,,,,not_found,YarnCone not found,,,
3144,6a21471b35e21fd5461edf98,ORD-000070,,,,,,not_found,YarnCone not found,,,
3145,6a21471b35e21fd5461edf99,ORD-000079,,,,,,not_found,YarnCone not found,,,
3146,6a21471b35e21fd5461edf9a,ORD-000070,,,,,,not_found,YarnCone not found,,,
3147,6a21471b35e21fd5461edf9b,ORD-000070,,,,,,not_found,YarnCone not found,,,
3148,6a21471b35e21fd5461edf9c,ORD-000079,,,,,,not_found,YarnCone not found,,,
3149,6a21471b35e21fd5461edf9d,ORD-000080,,,,,,not_found,YarnCone not found,,,
3150,6a21471b35e21fd5461edf9f,ORD-000079,,,,,,not_found,YarnCone not found,,,
3151,6a21471b35e21fd5461edfa1,ORD-000079,,,,,,not_found,YarnCone not found,,,
3152,6a21471b35e21fd5461edfa3,ORD-000079,,,,,,not_found,YarnCone not found,,,
3153,6a21471b35e21fd5461edfa4,ORD-000079,,,,,,not_found,YarnCone not found,,,
3154,6a21471b35e21fd5461edfa6,ORD-000079,,,,,,not_found,YarnCone not found,,,
3155,6a21471b35e21fd5461edfa7,ORD-000079,,,,,,not_found,YarnCone not found,,,
3156,6a21471b35e21fd5461edfa8,ORD-000079,,,,,,not_found,YarnCone not found,,,
3157,6a21471b35e21fd5461edfa9,ORD-000078,,,,,,not_found,YarnCone not found,,,
3158,6a21471b35e21fd5461edfaa,ORD-000079,,,,,,not_found,YarnCone not found,,,
3159,6a214ec635e21fd5461f01ba,ORD-000078,,,,,,not_found,YarnCone not found,,,
3160,6a214ec635e21fd5461f01bb,ORD-000078,,,,,,not_found,YarnCone not found,,,
3161,6a214ec635e21fd5461f01bc,ORD-000078,,,,,,not_found,YarnCone not found,,,
3162,6a214ec635e21fd5461f01bd,ORD-000076,,,,,,not_found,YarnCone not found,,,
3163,6a214ec635e21fd5461f01be,ORD-000078,,,,,,not_found,YarnCone not found,,,
3164,6a214ec635e21fd5461f01bf,ORD-000079,,,,,,not_found,YarnCone not found,,,
3165,6a214ec635e21fd5461f01c2,ORD-000070,,,,,,not_found,YarnCone not found,,,
3166,6a214ec635e21fd5461f01c3,ORD-000070,,,,,,not_found,YarnCone not found,,,
3167,6a214ec635e21fd5461f01c5,ORD-000078,,,,,,not_found,YarnCone not found,,,
3168,6a214ec635e21fd5461f01c6,ORD-000070,,,,,,not_found,YarnCone not found,,,
3169,6a214ec635e21fd5461f01c7,ORD-000079,,,,,,not_found,YarnCone not found,,,
3170,6a214ec635e21fd5461f01c8,ORD-000070,,,,,,not_found,YarnCone not found,,,
3171,6a214ec635e21fd5461f01c9,ORD-000070,,,,,,not_found,YarnCone not found,,,
3172,6a214ec635e21fd5461f01ca,ORD-000079,,,,,,not_found,YarnCone not found,,,
3173,6a214ec635e21fd5461f01cb,ORD-000079,,,,,,not_found,YarnCone not found,,,
3174,6a214ec635e21fd5461f01cc,ORD-000070,,,,,,not_found,YarnCone not found,,,
3175,6a214ee335e21fd5461f02e4,ORD-000077,,,,,,not_found,YarnCone not found,,,
3176,6a214ee335e21fd5461f02e5,ORD-000079,,,,,,not_found,YarnCone not found,,,
3177,6a214ee335e21fd5461f02e6,ORD-000080,,,,,,not_found,YarnCone not found,,,
3178,6a214ee335e21fd5461f02e7,ORD-000079,,,,,,not_found,YarnCone not found,,,
3179,6a214ee335e21fd5461f02e9,ORD-000079,,,,,,not_found,YarnCone not found,,,
3180,6a214ee335e21fd5461f02ea,ORD-000079,,,,,,not_found,YarnCone not found,,,
3181,6a214ee335e21fd5461f02eb,ORD-000080,,,,,,not_found,YarnCone not found,,,
3182,6a214ee335e21fd5461f02ec,ORD-000076,,,,,,not_found,YarnCone not found,,,
3183,6a214ee335e21fd5461f02ed,ORD-000079,,,,,,not_found,YarnCone not found,,,
3184,6a214ee335e21fd5461f02ee,ORD-000076,,,,,,not_found,YarnCone not found,,,
3185,6a214ee335e21fd5461f02ef,ORD-000080,,,,,,not_found,YarnCone not found,,,
3186,6a214ee335e21fd5461f02f0,ORD-000076,,,,,,not_found,YarnCone not found,,,
3187,6a214ee335e21fd5461f02f1,ORD-000080,,,,,,not_found,YarnCone not found,,,
3188,6a214ee335e21fd5461f02f2,ORD-000079,,,,,,not_found,YarnCone not found,,,
3189,6a214ee335e21fd5461f02f3,ORD-000072,,,,,,not_found,YarnCone not found,,,
3190,6a214ee335e21fd5461f02f4,ORD-000079,,,,,,not_found,YarnCone not found,,,
3191,6a21513635e21fd5461f0e21,ORD-000087,,,,,,not_found,YarnCone not found,,,
3192,6a21513635e21fd5461f0e24,ORD-000076,,,,,,not_found,YarnCone not found,,,
3193,6a21513635e21fd5461f0e2d,ORD-000076,,,,,,not_found,YarnCone not found,,,
3194,6a215d3235e21fd5461f1ddd,ORD-000079,,,,,,not_found,YarnCone not found,,,
3195,6a215d3235e21fd5461f1dde,ORD-000079,,,,,,not_found,YarnCone not found,,,
3196,6a215d3235e21fd5461f1ddf,ORD-000079,,,,,,not_found,YarnCone not found,,,
3197,6a215d3235e21fd5461f1de0,ORD-000079,,,,,,not_found,YarnCone not found,,,
3198,6a215d3235e21fd5461f1de1,ORD-000079,,,,,,not_found,YarnCone not found,,,
3199,6a215d3235e21fd5461f1de3,ORD-000079,,,,,,not_found,YarnCone not found,,,
3200,6a215d3235e21fd5461f1de5,ORD-000079,,,,,,not_found,YarnCone not found,,,
3201,6a215d3235e21fd5461f1de6,ORD-000079,,,,,,not_found,YarnCone not found,,,
3202,6a215d3235e21fd5461f1de8,ORD-000079,,,,,,not_found,YarnCone not found,,,
3203,6a215d3235e21fd5461f1dea,ORD-000079,,,,,,not_found,YarnCone not found,,,
3204,6a215d3235e21fd5461f1deb,ORD-000079,,,,,,not_found,YarnCone not found,,,
3205,6a215d3235e21fd5461f1dec,ORD-000079,,,,,,not_found,YarnCone not found,,,
3206,6a215d3235e21fd5461f1ded,ORD-000079,,,,,,not_found,YarnCone not found,,,
3207,6a215d3235e21fd5461f1dee,ORD-000079,,,,,,not_found,YarnCone not found,,,
3208,6a215d3235e21fd5461f1def,ORD-000079,,,,,,not_found,YarnCone not found,,,
3209,6a215d3235e21fd5461f1df1,ORD-000069,,,,,,not_found,YarnCone not found,,,
3210,6a215d3235e21fd5461f1df2,ORD-000069,,,,,,not_found,YarnCone not found,,,
3211,6a215d3235e21fd5461f1df3,ORD-000069,,,,,,not_found,YarnCone not found,,,
3212,6a215d3235e21fd5461f1df4,ORD-000069,,,,,,not_found,YarnCone not found,,,
3213,6a215d3235e21fd5461f1df5,ORD-000069,,,,,,not_found,YarnCone not found,,,
3214,6a215d3235e21fd5461f1df7,ORD-000069,,,,,,not_found,YarnCone not found,,,
3215,6a215d3235e21fd5461f1df8,ORD-000069,,,,,,not_found,YarnCone not found,,,
3216,6a215d3235e21fd5461f1dfc,ORD-000069,,,,,,not_found,YarnCone not found,,,
3217,6a215d7735e21fd5461f1f4e,ORD-000085,,,,,,not_found,YarnCone not found,,,
3218,6a215d7735e21fd5461f1f50,ORD-000085,,,,,,not_found,YarnCone not found,,,
3219,6a215d7735e21fd5461f1f52,ORD-000080,,,,,,not_found,YarnCone not found,,,
3220,6a215d7735e21fd5461f1f54,ORD-000080,,,,,,not_found,YarnCone not found,,,
3221,6a215d7735e21fd5461f1f57,ORD-000072,,,,,,not_found,YarnCone not found,,,
3222,6a215d7735e21fd5461f1f5c,ORD-000077,,,,,,not_found,YarnCone not found,,,
3223,6a215d7735e21fd5461f1f5d,ORD-000080,,,,,,not_found,YarnCone not found,,,
3224,6a215f3435e21fd5461f2344,ORD-000071,,,,,,not_found,YarnCone not found,,,
3225,6a215f3435e21fd5461f2346,ORD-000071,,,,,,not_found,YarnCone not found,,,
3226,6a215f3435e21fd5461f234b,ORD-000083,,,,,,not_found,YarnCone not found,,,
3227,6a215f3435e21fd5461f234c,ORD-000071,,,,,,not_found,YarnCone not found,,,
3228,6a215f3435e21fd5461f234d,ORD-000071,,,,,,not_found,YarnCone not found,,,
3229,6a215f3435e21fd5461f2355,ORD-000083,,,,,,not_found,YarnCone not found,,,
3230,6a215f3435e21fd5461f2357,ORD-000082,,,,,,not_found,YarnCone not found,,,
3231,6a22594236e563f0484f316e,ORD-000079,,,,,,not_found,YarnCone not found,,,
3232,6a22594236e563f0484f3170,ORD-000079,,,,,,not_found,YarnCone not found,,,
3233,6a22594236e563f0484f3171,ORD-000079,,,,,,not_found,YarnCone not found,,,
3234,6a22594236e563f0484f3172,ORD-000079,,,,,,not_found,YarnCone not found,,,
3235,6a22594236e563f0484f3173,ORD-000079,,,,,,not_found,YarnCone not found,,,
3236,6a22594236e563f0484f3175,ORD-000079,,,,,,not_found,YarnCone not found,,,
3237,6a22594236e563f0484f3176,ORD-000079,,,,,,not_found,YarnCone not found,,,
3238,6a22594236e563f0484f3177,ORD-000079,,,,,,not_found,YarnCone not found,,,
3239,6a22594236e563f0484f3178,ORD-000079,,,,,,not_found,YarnCone not found,,,
3240,6a22594236e563f0484f3179,ORD-000079,,,,,,not_found,YarnCone not found,,,
3241,6a22594236e563f0484f317a,ORD-000079,,,,,,not_found,YarnCone not found,,,
3242,6a22594236e563f0484f317b,ORD-000079,,,,,,not_found,YarnCone not found,,,
3243,6a22594236e563f0484f317c,ORD-000079,,,,,,not_found,YarnCone not found,,,
3244,6a22594236e563f0484f317d,ORD-000079,,,,,,not_found,YarnCone not found,,,
3245,6a22594236e563f0484f317e,ORD-000079,,,,,,not_found,YarnCone not found,,,
3246,6a22594236e563f0484f317f,ORD-000079,,,,,,not_found,YarnCone not found,,,
3247,6a22594236e563f0484f3180,ORD-000079,,,,,,not_found,YarnCone not found,,,
3248,6a22594236e563f0484f3181,ORD-000079,,,,,,not_found,YarnCone not found,,,
3249,6a22594236e563f0484f3182,ORD-000079,,,,,,not_found,YarnCone not found,,,
3250,6a22594236e563f0484f3183,ORD-000079,,,,,,not_found,YarnCone not found,,,
3251,6a22594236e563f0484f3184,ORD-000079,,,,,,not_found,YarnCone not found,,,
3252,6a22594236e563f0484f3185,ORD-000079,,,,,,not_found,YarnCone not found,,,
3253,6a22594236e563f0484f3186,ORD-000079,,,,,,not_found,YarnCone not found,,,
3254,6a22594236e563f0484f3187,ORD-000079,,,,,,not_found,YarnCone not found,,,
3255,6a22594236e563f0484f3188,ORD-000079,,,,,,not_found,YarnCone not found,,,
3256,6a22594236e563f0484f3189,ORD-000079,,,,,,not_found,YarnCone not found,,,
3257,6a22594236e563f0484f318a,ORD-000079,,,,,,not_found,YarnCone not found,,,
3258,6a22594236e563f0484f318b,ORD-000078,,,,,,not_found,YarnCone not found,,,
3259,6a22594236e563f0484f318c,ORD-000079,,,,,,not_found,YarnCone not found,,,
3260,6a22594236e563f0484f318d,ORD-000078,,,,,,not_found,YarnCone not found,,,
3261,6a22594236e563f0484f318f,ORD-000078,,,,,,not_found,YarnCone not found,,,
3262,6a22594236e563f0484f3193,ORD-000079,,,,,,not_found,YarnCone not found,,,
3263,6a22594236e563f0484f3194,ORD-000078,,,,,,not_found,YarnCone not found,,,
3264,6a22594236e563f0484f3195,ORD-000078,,,,,,not_found,YarnCone not found,,,
3265,6a2259a736e563f0484f42e3,ORD-000079,,,,,,not_found,YarnCone not found,,,
3266,6a2259a736e563f0484f42e6,ORD-000079,,,,,,not_found,YarnCone not found,,,
3267,6a2259a736e563f0484f42e7,ORD-000079,,,,,,not_found,YarnCone not found,,,
3268,6a2259a736e563f0484f42e8,ORD-000079,,,,,,not_found,YarnCone not found,,,
3269,6a2259a736e563f0484f42e9,ORD-000079,,,,,,not_found,YarnCone not found,,,
3270,6a2259a736e563f0484f42eb,ORD-000079,,,,,,not_found,YarnCone not found,,,
3271,6a2259a736e563f0484f42ec,ORD-000079,,,,,,not_found,YarnCone not found,,,
3272,6a2259a736e563f0484f42ed,ORD-000079,,,,,,not_found,YarnCone not found,,,
3273,6a2259a736e563f0484f42f4,ORD-000079,,,,,,not_found,YarnCone not found,,,
3274,6a2259c736e563f0484f49d4,ORD-000079,,,,,,not_found,YarnCone not found,,,
3275,6a2259c736e563f0484f49d5,ORD-000079,,,,,,not_found,YarnCone not found,,,
3276,6a2259c736e563f0484f49d6,ORD-000079,,,,,,not_found,YarnCone not found,,,
3277,6a2259c736e563f0484f49d7,ORD-000079,,,,,,not_found,YarnCone not found,,,
3278,6a2259c736e563f0484f49d8,ORD-000079,,,,,,not_found,YarnCone not found,,,
3279,6a2259c736e563f0484f49d9,ORD-000079,,,,,,not_found,YarnCone not found,,,
3280,6a2259c736e563f0484f49da,ORD-000079,,,,,,not_found,YarnCone not found,,,
3281,6a2259c736e563f0484f49db,ORD-000079,,,,,,not_found,YarnCone not found,,,
3282,6a2259c736e563f0484f49dc,ORD-000079,,,,,,not_found,YarnCone not found,,,
3283,6a2259c736e563f0484f49dd,ORD-000079,,,,,,not_found,YarnCone not found,,,
3284,6a2259c736e563f0484f49de,ORD-000079,,,,,,not_found,YarnCone not found,,,
3285,6a2259c736e563f0484f49df,ORD-000079,,,,,,not_found,YarnCone not found,,,
3286,6a2259c736e563f0484f49e0,ORD-000079,,,,,,not_found,YarnCone not found,,,
3287,6a2259c736e563f0484f49e2,ORD-000079,,,,,,not_found,YarnCone not found,,,
3288,6a2259c736e563f0484f49e3,ORD-000079,,,,,,not_found,YarnCone not found,,,
3289,6a2259c736e563f0484f49e4,ORD-000079,,,,,,not_found,YarnCone not found,,,
3290,6a2259c736e563f0484f49e5,ORD-000079,,,,,,not_found,YarnCone not found,,,
3291,6a225a1536e563f0484f5d31,ORD-000079,,,,,,not_found,YarnCone not found,,,
3292,6a225a1536e563f0484f5d32,ORD-000079,,,,,,not_found,YarnCone not found,,,
3293,6a225a1536e563f0484f5d33,ORD-000079,,,,,,not_found,YarnCone not found,,,
3294,6a225a1536e563f0484f5d34,ORD-000079,,,,,,not_found,YarnCone not found,,,
3295,6a225a1536e563f0484f5d35,ORD-000079,,,,,,not_found,YarnCone not found,,,
3296,6a225a1536e563f0484f5d36,ORD-000079,,,,,,not_found,YarnCone not found,,,
3297,6a225a1536e563f0484f5d37,ORD-000079,,,,,,not_found,YarnCone not found,,,
3298,6a225a1536e563f0484f5d38,ORD-000079,,,,,,not_found,YarnCone not found,,,
3299,6a225a1536e563f0484f5d39,ORD-000079,,,,,,not_found,YarnCone not found,,,
3300,6a225a1536e563f0484f5d3a,ORD-000079,,,,,,not_found,YarnCone not found,,,
3301,6a225a1536e563f0484f5d3b,ORD-000079,,,,,,not_found,YarnCone not found,,,
3302,6a225a1536e563f0484f5d3c,ORD-000079,,,,,,not_found,YarnCone not found,,,
3303,6a225a1536e563f0484f5d3d,ORD-000079,,,,,,not_found,YarnCone not found,,,
3304,6a225a1536e563f0484f5d3f,ORD-000079,,,,,,not_found,YarnCone not found,,,
3305,6a225a1536e563f0484f5d40,ORD-000079,,,,,,not_found,YarnCone not found,,,
3306,6a225a1536e563f0484f5d41,ORD-000079,,,,,,not_found,YarnCone not found,,,
3307,6a225a1536e563f0484f5d42,ORD-000079,,,,,,not_found,YarnCone not found,,,
3308,6a225a1536e563f0484f5d44,ORD-000078,,,,,,not_found,YarnCone not found,,,
3309,6a225a1536e563f0484f5d48,ORD-000079,,,,,,not_found,YarnCone not found,,,
3310,6a225a1536e563f0484f5d49,ORD-000079,,,,,,not_found,YarnCone not found,,,
3311,6a225a1536e563f0484f5d4b,ORD-000079,,,,,,not_found,YarnCone not found,,,
3312,6a225a1536e563f0484f5d4c,ORD-000079,,,,,,not_found,YarnCone not found,,,
3313,6a225a1536e563f0484f5d4d,ORD-000079,,,,,,not_found,YarnCone not found,,,
3314,6a225a1536e563f0484f5d4e,ORD-000079,,,,,,not_found,YarnCone not found,,,
3315,6a225a1536e563f0484f5d4f,ORD-000079,,,,,,not_found,YarnCone not found,,,
3316,6a225a1536e563f0484f5d50,ORD-000079,,,,,,not_found,YarnCone not found,,,
3317,6a225a1536e563f0484f5d51,ORD-000079,,,,,,not_found,YarnCone not found,,,
3318,6a225a1536e563f0484f5d52,ORD-000079,,,,,,not_found,YarnCone not found,,,
3319,6a225a1536e563f0484f5d53,ORD-000079,,,,,,not_found,YarnCone not found,,,
3320,6a225a1536e563f0484f5d54,ORD-000079,,,,,,not_found,YarnCone not found,,,
3321,6a225a1536e563f0484f5d56,ORD-000079,,,,,,not_found,YarnCone not found,,,
3322,6a225a1536e563f0484f5d57,ORD-000079,,,,,,not_found,YarnCone not found,,,
3323,6a225a1536e563f0484f5d58,ORD-000079,,,,,,not_found,YarnCone not found,,,
3324,6a225a7a36e563f0484f750c,ORD-000079,,,,,,not_found,YarnCone not found,,,
3325,6a225a7a36e563f0484f7511,ORD-000072,,,,,,not_found,YarnCone not found,,,
3326,6a225a7a36e563f0484f7512,ORD-000061,,,,,,not_found,YarnCone not found,,,
3327,6a225a7a36e563f0484f7519,ORD-000061,,,,,,not_found,YarnCone not found,,,
3328,6a225a7a36e563f0484f751c,ORD-000061,,,,,,not_found,YarnCone not found,,,
3329,6a225a7a36e563f0484f751d,ORD-000092,,,,,,not_found,YarnCone not found,,,
3330,6a225a7a36e563f0484f751e,ORD-000092,,,,,,not_found,YarnCone not found,,,
3331,6a225a7a36e563f0484f7520,ORD-000061,,,,,,not_found,YarnCone not found,,,
3332,6a225a7a36e563f0484f7521,ORD-000061,,,,,,not_found,YarnCone not found,,,
3333,6a225a7a36e563f0484f752a,ORD-000079,,,,,,not_found,YarnCone not found,,,
3334,6a225a7a36e563f0484f752d,ORD-000072,,,,,,not_found,YarnCone not found,,,
3335,6a225a7a36e563f0484f752f,ORD-000079,,,,,,not_found,YarnCone not found,,,
3336,6a225a7a36e563f0484f7531,ORD-000079,,,,,,not_found,YarnCone not found,,,
3337,6a225a7a36e563f0484f7533,ORD-000079,,,,,,not_found,YarnCone not found,,,
3338,6a225ab336e563f0484f76c4,ORD-000062,,,,,,not_found,YarnCone not found,,,
3339,6a225ae736e563f0484f77f0,ORD-000079,,,,,,not_found,YarnCone not found,,,
3340,6a225ae736e563f0484f77f2,ORD-000079,,,,,,not_found,YarnCone not found,,,
3341,6a225ae736e563f0484f77f3,ORD-000079,,,,,,not_found,YarnCone not found,,,
3342,6a225ae736e563f0484f77f4,ORD-000079,,,,,,not_found,YarnCone not found,,,
3343,6a225ae736e563f0484f77f5,ORD-000079,,,,,,not_found,YarnCone not found,,,
3344,6a225ae736e563f0484f77f6,ORD-000079,,,,,,not_found,YarnCone not found,,,
3345,6a225ae736e563f0484f77f7,ORD-000079,,,,,,not_found,YarnCone not found,,,
3346,6a225ae736e563f0484f77f8,ORD-000079,,,,,,not_found,YarnCone not found,,,
3347,6a225ae736e563f0484f77f9,ORD-000079,,,,,,not_found,YarnCone not found,,,
3348,6a225ae736e563f0484f77fb,ORD-000079,,,,,,not_found,YarnCone not found,,,
3349,6a225ae736e563f0484f77fd,ORD-000079,,,,,,not_found,YarnCone not found,,,
3350,6a225ae736e563f0484f77fe,ORD-000079,,,,,,not_found,YarnCone not found,,,
3351,6a225ae736e563f0484f77ff,ORD-000079,,,,,,not_found,YarnCone not found,,,
3352,6a225ae736e563f0484f7800,ORD-000079,,,,,,not_found,YarnCone not found,,,
3353,6a225ae736e563f0484f7801,ORD-000079,,,,,,not_found,YarnCone not found,,,
3354,6a225ae736e563f0484f7803,ORD-000079,,,,,,not_found,YarnCone not found,,,
3355,6a225ae736e563f0484f7804,ORD-000079,,,,,,not_found,YarnCone not found,,,
3356,6a225ae736e563f0484f7805,ORD-000079,,,,,,not_found,YarnCone not found,,,
3357,6a225ae736e563f0484f7806,ORD-000069,,,,,,not_found,YarnCone not found,,,
3358,6a225ae736e563f0484f7807,ORD-000069,,,,,,not_found,YarnCone not found,,,
3359,6a225ae736e563f0484f7808,ORD-000079,,,,,,not_found,YarnCone not found,,,
3360,6a225ae736e563f0484f7809,ORD-000069,,,,,,not_found,YarnCone not found,,,
3361,6a225ae736e563f0484f780a,ORD-000069,,,,,,not_found,YarnCone not found,,,
3362,6a225ae736e563f0484f780b,ORD-000069,,,,,,not_found,YarnCone not found,,,
3363,6a225ae736e563f0484f780c,ORD-000069,,,,,,not_found,YarnCone not found,,,
3364,6a225ae736e563f0484f780d,ORD-000079,,,,,,not_found,YarnCone not found,,,
3365,6a225ae736e563f0484f780e,ORD-000079,,,,,,not_found,YarnCone not found,,,
3366,6a225ae736e563f0484f780f,ORD-000069,,,,,,not_found,YarnCone not found,,,
3367,6a225ae736e563f0484f7810,ORD-000079,,,,,,not_found,YarnCone not found,,,
3368,6a225ae736e563f0484f7811,ORD-000079,,,,,,not_found,YarnCone not found,,,
3369,6a225ae736e563f0484f7812,ORD-000079,,,,,,not_found,YarnCone not found,,,
3370,6a225ae736e563f0484f7813,ORD-000069,,,,,,not_found,YarnCone not found,,,
3371,6a225ae736e563f0484f7814,ORD-000079,,,,,,not_found,YarnCone not found,,,
3372,6a225ae736e563f0484f7816,ORD-000079,,,,,,not_found,YarnCone not found,,,
3373,6a225ae736e563f0484f7817,ORD-000079,,,,,,not_found,YarnCone not found,,,
3374,6a225b2436e563f0484f7a90,ORD-000081,,,,,,not_found,YarnCone not found,,,
3375,6a225b2436e563f0484f7a91,ORD-000081,,,,,,not_found,YarnCone not found,,,
3376,6a225b2436e563f0484f7a92,ORD-000081,,,,,,not_found,YarnCone not found,,,
3377,6a225b2436e563f0484f7a95,ORD-000081,,,,,,not_found,YarnCone not found,,,
3378,6a225b2436e563f0484f7a98,ORD-000081,,,,,,not_found,YarnCone not found,,,
3379,6a225b2436e563f0484f7a9a,ORD-000081,,,,,,not_found,YarnCone not found,,,
3380,6a225b2436e563f0484f7a9c,ORD-000081,,,,,,not_found,YarnCone not found,,,
3381,6a225b2436e563f0484f7a9d,ORD-000081,,,,,,not_found,YarnCone not found,,,
3382,6a225b2436e563f0484f7aa3,ORD-000081,,,,,,not_found,YarnCone not found,,,
3383,6a225b2436e563f0484f7aa6,ORD-000081,,,,,,not_found,YarnCone not found,,,
3384,6a228bb636e563f04853d1b4,ORD-000079,,,,,,not_found,YarnCone not found,,,
3385,6a228bb636e563f04853d1b5,ORD-000061,,,,,,not_found,YarnCone not found,,,
3386,6a228bb636e563f04853d1b6,ORD-000061,,,,,,not_found,YarnCone not found,,,
3387,6a228bb636e563f04853d1b8,ORD-000078,,,,,,not_found,YarnCone not found,,,
3388,6a228bb636e563f04853d1ba,ORD-000079,,,,,,not_found,YarnCone not found,,,
3389,6a228bb636e563f04853d1bc,ORD-000078,,,,,,not_found,YarnCone not found,,,
3390,6a228bb636e563f04853d1bd,ORD-000061,,,,,,not_found,YarnCone not found,,,
3391,6a228bb636e563f04853d1bf,ORD-000080,,,,,,not_found,YarnCone not found,,,
3392,6a228bb636e563f04853d1c0,ORD-000062,,,,,,not_found,YarnCone not found,,,
3393,6a228bb636e563f04853d1c2,ORD-000072,,,,,,not_found,YarnCone not found,,,
3394,6a228bb636e563f04853d1c5,ORD-000072,,,,,,not_found,YarnCone not found,,,
3395,6a228c8936e563f04853f59a,ORD-000080,,,,,,not_found,YarnCone not found,,,
3396,6a228c8936e563f04853f59b,ORD-000061,,,,,,not_found,YarnCone not found,,,
3397,6a228c8936e563f04853f59c,ORD-000080,,,,,,not_found,YarnCone not found,,,
3398,6a228c8936e563f04853f59d,ORD-000080,,,,,,not_found,YarnCone not found,,,
3399,6a228c8936e563f04853f59e,ORD-000061,,,,,,not_found,YarnCone not found,,,
3400,6a228c8936e563f04853f59f,ORD-000080,,,,,,not_found,YarnCone not found,,,
3401,6a228c8936e563f04853f5a0,ORD-000062,,,,,,not_found,YarnCone not found,,,
3402,6a228c8936e563f04853f5a1,ORD-000080,,,,,,not_found,YarnCone not found,,,
3403,6a228c8936e563f04853f5a3,ORD-000061,,,,,,not_found,YarnCone not found,,,
3404,6a228c8936e563f04853f5a4,ORD-000062,,,,,,not_found,YarnCone not found,,,
3405,6a228c8936e563f04853f5a5,ORD-000072,,,,,,not_found,YarnCone not found,,,
3406,6a228c8936e563f04853f5a8,ORD-000061,,,,,,not_found,YarnCone not found,,,
3407,6a228c8936e563f04853f5a9,ORD-000080,,,,,,not_found,YarnCone not found,,,
3408,6a228c8936e563f04853f5aa,ORD-000061,,,,,,not_found,YarnCone not found,,,
3409,6a228c8936e563f04853f5ab,ORD-000080,,,,,,not_found,YarnCone not found,,,
3410,6a228c8936e563f04853f5ac,ORD-000075,,,,,,not_found,YarnCone not found,,,
3411,6a22a8d336e563f048544758,ORD-000080,,,,,,not_found,YarnCone not found,,,
3412,6a22a8d336e563f048544759,ORD-000076,,,,,,not_found,YarnCone not found,,,
3413,6a23b94236e563f0485a1fc0,ORD-000087,,,,,,not_found,YarnCone not found,,,
3414,6a23b94236e563f0485a1fc3,ORD-000079,,,,,,not_found,YarnCone not found,,,
3415,6a23b94236e563f0485a1fc5,ORD-000079,,,,,,not_found,YarnCone not found,,,
3416,6a23b94236e563f0485a1fc7,ORD-000087,,,,,,not_found,YarnCone not found,,,
3417,6a23b94236e563f0485a1fca,ORD-000079,,,,,,not_found,YarnCone not found,,,
3418,6a23b94236e563f0485a1fcb,ORD-000079,,,,,,not_found,YarnCone not found,,,
3419,6a23b94236e563f0485a1fcc,ORD-000079,,,,,,not_found,YarnCone not found,,,
3420,6a23b94236e563f0485a1fcd,ORD-000079,,,,,,not_found,YarnCone not found,,,
3421,6a23b94236e563f0485a1fcf,ORD-000079,,,,,,not_found,YarnCone not found,,,
3422,6a23b94236e563f0485a1fd0,ORD-000079,,,,,,not_found,YarnCone not found,,,
3423,6a23b94236e563f0485a1fd1,ORD-000079,,,,,,not_found,YarnCone not found,,,
3424,6a23b94236e563f0485a1fd2,ORD-000079,,,,,,not_found,YarnCone not found,,,
3425,6a23b94236e563f0485a1fd3,ORD-000079,,,,,,not_found,YarnCone not found,,,
3426,6a23b94236e563f0485a1fd4,ORD-000079,,,,,,not_found,YarnCone not found,,,
3427,6a23b94236e563f0485a1fd7,ORD-000079,,,,,,not_found,YarnCone not found,,,
3428,6a23b94236e563f0485a1fd8,ORD-000079,,,,,,not_found,YarnCone not found,,,
3429,6a23b94236e563f0485a1fd9,ORD-000079,,,,,,not_found,YarnCone not found,,,
3430,6a23b94236e563f0485a1fdb,ORD-000077,,,,,,not_found,YarnCone not found,,,
3431,6a23b94236e563f0485a1fdd,ORD-000087,,,,,,not_found,YarnCone not found,,,
3432,6a23b94236e563f0485a1fe1,ORD-000072,,,,,,not_found,YarnCone not found,,,
3433,6a23c7f736e563f0485a5bfa,ORD-000082,,,,,,not_found,YarnCone not found,,,
3434,6a23c7f736e563f0485a5bfb,ORD-000082,,,,,,not_found,YarnCone not found,,,
3435,6a23c7f736e563f0485a5bfc,ORD-000082,,,,,,not_found,YarnCone not found,,,
3436,6a23c7f736e563f0485a5bfd,ORD-000082,,,,,,not_found,YarnCone not found,,,
3437,6a23c7f736e563f0485a5bfe,ORD-000082,,,,,,not_found,YarnCone not found,,,
3438,6a23c7f736e563f0485a5bff,ORD-000082,,,,,,not_found,YarnCone not found,,,
3439,6a23c7f736e563f0485a5c00,ORD-000082,,,,,,not_found,YarnCone not found,,,
3440,6a23c7f736e563f0485a5c01,ORD-000082,,,,,,not_found,YarnCone not found,,,
3441,6a23c7f736e563f0485a5c02,ORD-000082,,,,,,not_found,YarnCone not found,,,
3442,6a23c7f736e563f0485a5c05,ORD-000082,,,,,,not_found,YarnCone not found,,,
3443,6a23c7f736e563f0485a5c06,ORD-000082,,,,,,not_found,YarnCone not found,,,
3444,6a23c7f736e563f0485a5c07,ORD-000083,,,,,,not_found,YarnCone not found,,,
3445,6a23c7f736e563f0485a5c08,ORD-000082,,,,,,not_found,YarnCone not found,,,
3446,6a23c7f736e563f0485a5c09,ORD-000082,,,,,,not_found,YarnCone not found,,,
3447,6a23c7f736e563f0485a5c0b,ORD-000082,,,,,,not_found,YarnCone not found,,,
3448,6a23c7f736e563f0485a5c0c,ORD-000083,,,,,,not_found,YarnCone not found,,,
3449,6a23c7f736e563f0485a5c0d,ORD-000082,,,,,,not_found,YarnCone not found,,,
3450,6a23c7f736e563f0485a5c0e,ORD-000082,,,,,,not_found,YarnCone not found,,,
3451,6a23c7f736e563f0485a5c0f,ORD-000082,,,,,,not_found,YarnCone not found,,,
3452,6a23c7f736e563f0485a5c10,ORD-000082,,,,,,not_found,YarnCone not found,,,
3453,6a23c7f736e563f0485a5c11,ORD-000082,,,,,,not_found,YarnCone not found,,,
3454,6a23c7f736e563f0485a5c12,ORD-000082,,,,,,not_found,YarnCone not found,,,
3455,6a23c7f736e563f0485a5c13,ORD-000082,,,,,,not_found,YarnCone not found,,,
3456,6a23c7f736e563f0485a5c14,ORD-000082,,,,,,not_found,YarnCone not found,,,
3457,6a23c7f736e563f0485a5c15,ORD-000082,,,,,,not_found,YarnCone not found,,,
3458,6a23c7f736e563f0485a5c16,ORD-000082,,,,,,not_found,YarnCone not found,,,
3459,6a23c7f736e563f0485a5c17,ORD-000082,,,,,,not_found,YarnCone not found,,,
3460,6a23c7f736e563f0485a5c18,ORD-000082,,,,,,not_found,YarnCone not found,,,
3461,6a23c7f736e563f0485a5c19,ORD-000082,,,,,,not_found,YarnCone not found,,,
3462,6a23c7f736e563f0485a5c1a,ORD-000082,,,,,,not_found,YarnCone not found,,,
3463,6a23c7f736e563f0485a5c1b,ORD-000082,,,,,,not_found,YarnCone not found,,,
3464,6a23c7f736e563f0485a5c1c,ORD-000082,,,,,,not_found,YarnCone not found,,,
3465,6a23c7f736e563f0485a5c1d,ORD-000082,,,,,,not_found,YarnCone not found,,,
3466,6a23c7f736e563f0485a5c1e,ORD-000082,,,,,,not_found,YarnCone not found,,,
3467,6a23c7f736e563f0485a5c1f,ORD-000082,,,,,,not_found,YarnCone not found,,,
3468,6a23c7f736e563f0485a5c20,ORD-000082,,,,,,not_found,YarnCone not found,,,
3469,6a23c7f736e563f0485a5c21,ORD-000082,,,,,,not_found,YarnCone not found,,,
3470,6a23c82036e563f0485a5ea9,ORD-000083,,,,,,not_found,YarnCone not found,,,
3471,6a23c82036e563f0485a5eaa,ORD-000082,,,,,,not_found,YarnCone not found,,,
3472,6a23c82036e563f0485a5eab,ORD-000082,,,,,,not_found,YarnCone not found,,,
3473,6a23c82036e563f0485a5eac,ORD-000082,,,,,,not_found,YarnCone not found,,,
3474,6a23c82036e563f0485a5eae,ORD-000082,,,,,,not_found,YarnCone not found,,,
3475,6a23c82036e563f0485a5eaf,ORD-000082,,,,,,not_found,YarnCone not found,,,
3476,6a23c82036e563f0485a5eb0,ORD-000082,,,,,,not_found,YarnCone not found,,,
3477,6a23c82036e563f0485a5eb1,ORD-000082,,,,,,not_found,YarnCone not found,,,
3478,6a23c82036e563f0485a5eb4,ORD-000082,,,,,,not_found,YarnCone not found,,,
3479,6a23c82036e563f0485a5eb5,ORD-000082,,,,,,not_found,YarnCone not found,,,
3480,6a23c82036e563f0485a5eb6,ORD-000082,,,,,,not_found,YarnCone not found,,,
3481,6a23c82036e563f0485a5eb8,ORD-000082,,,,,,not_found,YarnCone not found,,,
3482,6a23c82036e563f0485a5eba,ORD-000082,,,,,,not_found,YarnCone not found,,,
3483,6a23c82036e563f0485a5ebb,ORD-000082,,,,,,not_found,YarnCone not found,,,
3484,6a23c82036e563f0485a5ebc,ORD-000083,,,,,,not_found,YarnCone not found,,,
3485,6a23c82036e563f0485a5ebe,ORD-000083,,,,,,not_found,YarnCone not found,,,
3486,6a23c82036e563f0485a5ebf,ORD-000083,,,,,,not_found,YarnCone not found,,,
3487,6a23c82036e563f0485a5ec0,ORD-000083,,,,,,not_found,YarnCone not found,,,
3488,6a23c82036e563f0485a5ec1,ORD-000082,,,,,,not_found,YarnCone not found,,,
3489,6a23c82036e563f0485a5ec2,ORD-000082,,,,,,not_found,YarnCone not found,,,
3490,6a23c82036e563f0485a5ec3,ORD-000082,,,,,,not_found,YarnCone not found,,,
3491,6a23c82036e563f0485a5ec4,ORD-000082,,,,,,not_found,YarnCone not found,,,
3492,6a23c82036e563f0485a5ec6,ORD-000083,,,,,,not_found,YarnCone not found,,,
3493,6a23c82036e563f0485a5ec7,ORD-000082,,,,,,not_found,YarnCone not found,,,
3494,6a23c82036e563f0485a5ec8,ORD-000082,,,,,,not_found,YarnCone not found,,,
3495,6a23c82036e563f0485a5ec9,ORD-000083,,,,,,not_found,YarnCone not found,,,
3496,6a23c82036e563f0485a5ecb,ORD-000082,,,,,,not_found,YarnCone not found,,,
3497,6a23c82036e563f0485a5ecd,ORD-000082,,,,,,not_found,YarnCone not found,,,
3498,6a23c82036e563f0485a5ece,ORD-000082,,,,,,not_found,YarnCone not found,,,
3499,6a23c82036e563f0485a5ecf,ORD-000083,,,,,,not_found,YarnCone not found,,,
3500,6a23dcf436e563f0485a8ed5,ORD-000082,,,,,,not_found,YarnCone not found,,,
3501,6a23dcf436e563f0485a8ed6,ORD-000082,,,,,,not_found,YarnCone not found,,,
3502,6a23dcf436e563f0485a8ed7,ORD-000082,,,,,,not_found,YarnCone not found,,,
3503,6a23dcf436e563f0485a8ed8,ORD-000082,,,,,,not_found,YarnCone not found,,,
3504,6a23dcf436e563f0485a8ed9,ORD-000082,,,,,,not_found,YarnCone not found,,,
3505,6a23dcf436e563f0485a8eda,ORD-000082,,,,,,not_found,YarnCone not found,,,
3506,6a23dcf436e563f0485a8edc,ORD-000082,,,,,,not_found,YarnCone not found,,,
3507,6a23dcf436e563f0485a8edd,ORD-000082,,,,,,not_found,YarnCone not found,,,
3508,6a23dcf436e563f0485a8ede,ORD-000082,,,,,,not_found,YarnCone not found,,,
3509,6a23dcf436e563f0485a8edf,ORD-000082,,,,,,not_found,YarnCone not found,,,
3510,6a23dcf436e563f0485a8ee0,ORD-000082,,,,,,not_found,YarnCone not found,,,
3511,6a23dcf436e563f0485a8ee1,ORD-000082,,,,,,not_found,YarnCone not found,,,
3512,6a23dcf436e563f0485a8ee2,ORD-000082,,,,,,not_found,YarnCone not found,,,
3513,6a23dcf436e563f0485a8ee3,ORD-000082,,,,,,not_found,YarnCone not found,,,
3514,6a23dcf436e563f0485a8ee4,ORD-000082,,,,,,not_found,YarnCone not found,,,
3515,6a23dcf436e563f0485a8ee5,ORD-000082,,,,,,not_found,YarnCone not found,,,
3516,6a23dcf436e563f0485a8ee6,ORD-000083,,,,,,not_found,YarnCone not found,,,
3517,6a23dcf436e563f0485a8ee7,ORD-000082,,,,,,not_found,YarnCone not found,,,
3518,6a23dcf436e563f0485a8ee9,ORD-000082,,,,,,not_found,YarnCone not found,,,
3519,6a23dcf436e563f0485a8eea,ORD-000083,,,,,,not_found,YarnCone not found,,,
3520,6a23dcf436e563f0485a8eeb,ORD-000082,,,,,,not_found,YarnCone not found,,,
3521,6a23dcf436e563f0485a8eec,ORD-000072,,,,,,not_found,YarnCone not found,,,
3522,6a23dcf436e563f0485a8eee,ORD-000082,,,,,,not_found,YarnCone not found,,,
3523,6a23dcf436e563f0485a8eef,ORD-000082,,,,,,not_found,YarnCone not found,,,
3524,6a23dcf436e563f0485a8ef1,ORD-000082,,,,,,not_found,YarnCone not found,,,
3525,6a23dcf436e563f0485a8ef2,ORD-000082,,,,,,not_found,YarnCone not found,,,
3526,6a23dcf436e563f0485a8ef3,ORD-000082,,,,,,not_found,YarnCone not found,,,
3527,6a23dcf436e563f0485a8ef4,ORD-000082,,,,,,not_found,YarnCone not found,,,
3528,6a23dcf436e563f0485a8ef5,ORD-000082,,,,,,not_found,YarnCone not found,,,
3529,6a23dcf436e563f0485a8ef6,ORD-000082,,,,,,not_found,YarnCone not found,,,
3530,6a23dcf436e563f0485a8ef7,ORD-000072,,,,,,not_found,YarnCone not found,,,
3531,6a23dcf436e563f0485a8ef8,ORD-000082,,,,,,not_found,YarnCone not found,,,
3532,6a23dcf436e563f0485a8ef9,ORD-000082,,,,,,not_found,YarnCone not found,,,
3533,6a23e7be36e563f0485afd29,ORD-000082,,,,,,not_found,YarnCone not found,,,
3534,6a23e7be36e563f0485afd2a,ORD-000082,,,,,,not_found,YarnCone not found,,,
3535,6a23e7be36e563f0485afd2b,ORD-000082,,,,,,not_found,YarnCone not found,,,
3536,6a23e7be36e563f0485afd2c,ORD-000082,,,,,,not_found,YarnCone not found,,,
3537,6a23e7be36e563f0485afd2d,ORD-000082,,,,,,not_found,YarnCone not found,,,
3538,6a23e7be36e563f0485afd2f,ORD-000082,,,,,,not_found,YarnCone not found,,,
3539,6a23e7be36e563f0485afd30,ORD-000082,,,,,,not_found,YarnCone not found,,,
3540,6a23e7be36e563f0485afd31,ORD-000082,,,,,,not_found,YarnCone not found,,,
3541,6a23e7be36e563f0485afd32,ORD-000082,,,,,,not_found,YarnCone not found,,,
3542,6a23e7be36e563f0485afd33,ORD-000082,,,,,,not_found,YarnCone not found,,,
3543,6a23e7be36e563f0485afd34,ORD-000082,,,,,,not_found,YarnCone not found,,,
3544,6a23e7be36e563f0485afd35,ORD-000082,,,,,,not_found,YarnCone not found,,,
3545,6a23e7be36e563f0485afd36,ORD-000082,,,,,,not_found,YarnCone not found,,,
3546,6a23e7be36e563f0485afd37,ORD-000082,,,,,,not_found,YarnCone not found,,,
3547,6a23e7be36e563f0485afd38,ORD-000083,,,,,,not_found,YarnCone not found,,,
3548,6a23e7be36e563f0485afd39,ORD-000082,,,,,,not_found,YarnCone not found,,,
3549,6a23e7be36e563f0485afd3a,ORD-000082,,,,,,not_found,YarnCone not found,,,
3550,6a23e7be36e563f0485afd3b,ORD-000082,,,,,,not_found,YarnCone not found,,,
3551,6a23e7be36e563f0485afd3c,ORD-000082,,,,,,not_found,YarnCone not found,,,
3552,6a23e7be36e563f0485afd3d,ORD-000082,,,,,,not_found,YarnCone not found,,,
3553,6a23e7be36e563f0485afd3f,ORD-000082,,,,,,not_found,YarnCone not found,,,
3554,6a23e7be36e563f0485afd40,ORD-000082,,,,,,not_found,YarnCone not found,,,
3555,6a23e7be36e563f0485afd42,ORD-000082,,,,,,not_found,YarnCone not found,,,
3556,6a23e7be36e563f0485afd43,ORD-000082,,,,,,not_found,YarnCone not found,,,
3557,6a23e7be36e563f0485afd44,ORD-000082,,,,,,not_found,YarnCone not found,,,
3558,6a23e7be36e563f0485afd45,ORD-000082,,,,,,not_found,YarnCone not found,,,
3559,6a23e7be36e563f0485afd46,ORD-000082,,,,,,not_found,YarnCone not found,,,
3560,6a23e7be36e563f0485afd47,ORD-000082,,,,,,not_found,YarnCone not found,,,
3561,6a23e7be36e563f0485afd48,ORD-000082,,,,,,not_found,YarnCone not found,,,
3562,6a23e7be36e563f0485afd49,ORD-000079,,,,,,not_found,YarnCone not found,,,
3563,6a23e7be36e563f0485afd4a,ORD-000082,,,,,,not_found,YarnCone not found,,,
3564,6a23e7be36e563f0485afd4b,ORD-000082,,,,,,not_found,YarnCone not found,,,
3565,6a23e7be36e563f0485afd4c,ORD-000082,,,,,,not_found,YarnCone not found,,,
3566,6a23e7be36e563f0485afd4d,ORD-000082,,,,,,not_found,YarnCone not found,,,
3567,6a23e7be36e563f0485afd4f,ORD-000082,,,,,,not_found,YarnCone not found,,,
3568,6a23e7be36e563f0485afd50,ORD-000082,,,,,,not_found,YarnCone not found,,,
3569,6a23ee1b36e563f0485b3195,ORD-000087,,,,,,not_found,YarnCone not found,,,
3570,6a23ee1b36e563f0485b3197,ORD-000087,,,,,,not_found,YarnCone not found,,,
3571,6a23ee1b36e563f0485b319a,ORD-000087,,,,,,not_found,YarnCone not found,,,
3572,6a23ee1b36e563f0485b319c,ORD-000087,,,,,,not_found,YarnCone not found,,,
3573,6a23ee1b36e563f0485b319d,ORD-000087,,,,,,not_found,YarnCone not found,,,
3574,6a23ee1b36e563f0485b319f,ORD-000077,,,,,,not_found,YarnCone not found,,,
3575,6a23ee1b36e563f0485b31a1,ORD-000087,,,,,,not_found,YarnCone not found,,,
3576,6a23ee1b36e563f0485b31a2,ORD-000077,,,,,,not_found,YarnCone not found,,,
3577,6a23ee1b36e563f0485b31a3,ORD-000087,,,,,,not_found,YarnCone not found,,,
3578,6a23ee1b36e563f0485b31a4,ORD-000077,,,,,,not_found,YarnCone not found,,,
3579,6a23ee1b36e563f0485b31a8,ORD-000087,,,,,,not_found,YarnCone not found,,,
3580,6a23ee1b36e563f0485b31aa,ORD-000087,,,,,,not_found,YarnCone not found,,,
3581,6a23ee1b36e563f0485b31ab,ORD-000087,,,,,,not_found,YarnCone not found,,,
3582,6a23ee1b36e563f0485b31ac,ORD-000087,,,,,,not_found,YarnCone not found,,,
3583,6a23ee1b36e563f0485b31ad,ORD-000087,,,,,,not_found,YarnCone not found,,,
3584,6a23ee1b36e563f0485b31ae,ORD-000087,,,,,,not_found,YarnCone not found,,,
3585,6a23ee1b36e563f0485b31af,ORD-000077,,,,,,not_found,YarnCone not found,,,
3586,6a23ee1b36e563f0485b31b4,ORD-000087,,,,,,not_found,YarnCone not found,,,
3587,6a23ee1b36e563f0485b31b6,ORD-000087,,,,,,not_found,YarnCone not found,,,
3588,6a23ee1b36e563f0485b31b8,ORD-000087,,,,,,not_found,YarnCone not found,,,
3589,6a23ee1b36e563f0485b31b9,ORD-000087,,,,,,not_found,YarnCone not found,,,
3590,6a23efca36e563f0485b373f,ORD-000091,,,,,,not_found,YarnCone not found,,,
3591,6a23efca36e563f0485b3740,ORD-000091,,,,,,not_found,YarnCone not found,,,
3592,6a23efca36e563f0485b3741,ORD-000076,,,,,,not_found,YarnCone not found,,,
3593,6a23efca36e563f0485b3742,ORD-000081,,,,,,not_found,YarnCone not found,,,
3594,6a23efca36e563f0485b3743,ORD-000080,,,,,,not_found,YarnCone not found,,,
3595,6a23efca36e563f0485b3744,ORD-000072,,,,,,not_found,YarnCone not found,,,
3596,6a23efca36e563f0485b3745,ORD-000076,,,,,,not_found,YarnCone not found,,,
3597,6a23efca36e563f0485b3749,ORD-000072,,,,,,not_found,YarnCone not found,,,
3598,6a23efca36e563f0485b374a,ORD-000072,,,,,,not_found,YarnCone not found,,,
3599,6a23efca36e563f0485b374b,ORD-000076,,,,,,not_found,YarnCone not found,,,
3600,6a23efca36e563f0485b374c,ORD-000076,,,,,,not_found,YarnCone not found,,,
3601,6a23efca36e563f0485b374d,ORD-000076,,,,,,not_found,YarnCone not found,,,
3602,6a23efca36e563f0485b374e,ORD-000082,,,,,,not_found,YarnCone not found,,,
3603,6a23efca36e563f0485b374f,ORD-000062,,,,,,not_found,YarnCone not found,,,
3604,6a23efca36e563f0485b3750,ORD-000076,,,,,,not_found,YarnCone not found,,,
3605,6a23efca36e563f0485b3751,ORD-000085,,,,,,not_found,YarnCone not found,,,
3606,6a23efca36e563f0485b3752,ORD-000076,,,,,,not_found,YarnCone not found,,,
3607,6a23efca36e563f0485b3753,ORD-000078,,,,,,not_found,YarnCone not found,,,
3608,6a23efca36e563f0485b3754,ORD-000076,,,,,,not_found,YarnCone not found,,,
3609,6a23efca36e563f0485b3755,ORD-000079,,,,,,not_found,YarnCone not found,,,
3610,6a23efca36e563f0485b3756,ORD-000072,,,,,,not_found,YarnCone not found,,,
3611,6a23efca36e563f0485b3757,ORD-000080,,,,,,not_found,YarnCone not found,,,
3612,6a23efca36e563f0485b3759,ORD-000080,,,,,,not_found,YarnCone not found,,,
3613,6a23efca36e563f0485b375a,ORD-000079,,,,,,not_found,YarnCone not found,,,
3614,6a23efca36e563f0485b375d,ORD-000082,,,,,,not_found,YarnCone not found,,,
3615,6a23fb8f36e563f0485b501e,ORD-000079,,,,,,not_found,YarnCone not found,,,
3616,6a23fb8f36e563f0485b5020,ORD-000077,,,,,,not_found,YarnCone not found,,,
3617,6a23fb8f36e563f0485b5021,ORD-000079,,,,,,not_found,YarnCone not found,,,
3618,6a23fb8f36e563f0485b5022,ORD-000079,,,,,,not_found,YarnCone not found,,,
3619,6a23fb8f36e563f0485b5023,ORD-000079,,,,,,not_found,YarnCone not found,,,
3620,6a23fb8f36e563f0485b5024,ORD-000080,,,,,,not_found,YarnCone not found,,,
3621,6a23fb8f36e563f0485b5026,ORD-000079,,,,,,not_found,YarnCone not found,,,
3622,6a23fb8f36e563f0485b5027,ORD-000079,,,,,,not_found,YarnCone not found,,,
3623,6a23fb8f36e563f0485b5028,ORD-000079,,,,,,not_found,YarnCone not found,,,
3624,6a23fb8f36e563f0485b5029,ORD-000079,,,,,,not_found,YarnCone not found,,,
3625,6a23fb8f36e563f0485b502a,ORD-000077,,,,,,not_found,YarnCone not found,,,
3626,6a23fb8f36e563f0485b502b,ORD-000079,,,,,,not_found,YarnCone not found,,,
3627,6a23fb8f36e563f0485b502c,ORD-000079,,,,,,not_found,YarnCone not found,,,
3628,6a23fb8f36e563f0485b502d,ORD-000079,,,,,,not_found,YarnCone not found,,,
3629,6a23fb8f36e563f0485b502e,ORD-000079,,,,,,not_found,YarnCone not found,,,
3630,6a23fb8f36e563f0485b502f,ORD-000079,,,,,,not_found,YarnCone not found,,,
3631,6a23fb8f36e563f0485b5030,ORD-000080,,,,,,not_found,YarnCone not found,,,
3632,6a23fb8f36e563f0485b5031,ORD-000079,,,,,,not_found,YarnCone not found,,,
3633,6a23fb8f36e563f0485b5032,ORD-000079,,,,,,not_found,YarnCone not found,,,
3634,6a23fb8f36e563f0485b5033,ORD-000080,,,,,,not_found,YarnCone not found,,,
3635,6a23fb8f36e563f0485b5035,ORD-000079,,,,,,not_found,YarnCone not found,,,
3636,6a23fb8f36e563f0485b5036,ORD-000079,,,,,,not_found,YarnCone not found,,,
3637,6a23fb8f36e563f0485b5037,ORD-000072,,,,,,not_found,YarnCone not found,,,
3638,6a23fb8f36e563f0485b5038,ORD-000079,,,,,,not_found,YarnCone not found,,,
3639,6a23fb8f36e563f0485b5039,ORD-000077,,,,,,not_found,YarnCone not found,,,
3640,6a23fb8f36e563f0485b503a,ORD-000080,,,,,,not_found,YarnCone not found,,,
3641,6a23fb8f36e563f0485b503b,ORD-000079,,,,,,not_found,YarnCone not found,,,
3642,6a23fb8f36e563f0485b503c,ORD-000072,,,,,,not_found,YarnCone not found,,,
3643,6a23fb8f36e563f0485b503d,ORD-000079,,,,,,not_found,YarnCone not found,,,
3644,6a23fb8f36e563f0485b503e,ORD-000079,,,,,,not_found,YarnCone not found,,,
3645,6a23fb8f36e563f0485b5040,ORD-000072,,,,,,not_found,YarnCone not found,,,
3646,6a23fb8f36e563f0485b5041,ORD-000077,,,,,,not_found,YarnCone not found,,,
3647,6a23fb8f36e563f0485b5042,ORD-000079,,,,,,not_found,YarnCone not found,,,
3648,6a23fb8f36e563f0485b5043,ORD-000079,,,,,,not_found,YarnCone not found,,,
3649,6a23fb8f36e563f0485b5045,ORD-000072,,,,,,not_found,YarnCone not found,,,
3650,6a24047736e563f0485b61d7,ORD-000079,,,,,,not_found,YarnCone not found,,,
3651,6a24047736e563f0485b61d9,ORD-000079,,,,,,not_found,YarnCone not found,,,
3652,6a24047736e563f0485b61da,ORD-000084,,,,,,not_found,YarnCone not found,,,
3653,6a24047736e563f0485b61db,ORD-000084,,,,,,not_found,YarnCone not found,,,
3654,6a24047736e563f0485b61dd,ORD-000084,,,,,,not_found,YarnCone not found,,,
3655,6a24047736e563f0485b61de,ORD-000084,,,,,,not_found,YarnCone not found,,,
3656,6a24047736e563f0485b61df,ORD-000084,,,,,,not_found,YarnCone not found,,,
3657,6a24047736e563f0485b61e0,ORD-000084,,,,,,not_found,YarnCone not found,,,
3658,6a24047736e563f0485b61e1,ORD-000084,,,,,,not_found,YarnCone not found,,,
3659,6a24047736e563f0485b61e2,ORD-000084,,,,,,not_found,YarnCone not found,,,
3660,6a24047736e563f0485b61e4,ORD-000084,,,,,,not_found,YarnCone not found,,,
3661,6a24047736e563f0485b61e6,ORD-000079,,,,,,not_found,YarnCone not found,,,
3662,6a24047736e563f0485b61e7,ORD-000084,,,,,,not_found,YarnCone not found,,,
3663,6a24047736e563f0485b61ea,ORD-000084,,,,,,not_found,YarnCone not found,,,
3664,6a24052036e563f0485b62dd,ORD-000079,,,,,,not_found,YarnCone not found,,,
3665,6a24052036e563f0485b62de,ORD-000079,,,,,,not_found,YarnCone not found,,,
3666,6a24052036e563f0485b62df,ORD-000079,,,,,,not_found,YarnCone not found,,,
3667,6a24052036e563f0485b62e0,ORD-000079,,,,,,not_found,YarnCone not found,,,
3668,6a24052036e563f0485b62e1,ORD-000079,,,,,,not_found,YarnCone not found,,,
3669,6a24052036e563f0485b62e2,ORD-000079,,,,,,not_found,YarnCone not found,,,
3670,6a24052036e563f0485b62e3,ORD-000079,,,,,,not_found,YarnCone not found,,,
3671,6a24052036e563f0485b62e4,ORD-000079,,,,,,not_found,YarnCone not found,,,
3672,6a24052036e563f0485b62e5,ORD-000079,,,,,,not_found,YarnCone not found,,,
3673,6a24052036e563f0485b62e6,ORD-000079,,,,,,not_found,YarnCone not found,,,
3674,6a24052036e563f0485b62e7,ORD-000079,,,,,,not_found,YarnCone not found,,,
3675,6a24052036e563f0485b62e8,ORD-000079,,,,,,not_found,YarnCone not found,,,
3676,6a24052036e563f0485b62e9,ORD-000079,,,,,,not_found,YarnCone not found,,,
3677,6a24052036e563f0485b62ea,ORD-000079,,,,,,not_found,YarnCone not found,,,
3678,6a24052036e563f0485b62eb,ORD-000079,,,,,,not_found,YarnCone not found,,,
3679,6a24052036e563f0485b62ec,ORD-000079,,,,,,not_found,YarnCone not found,,,
3680,6a24052036e563f0485b62ed,ORD-000079,,,,,,not_found,YarnCone not found,,,
3681,6a2656cc36e563f0485f2408,ORD-000082,,,,,,not_found,YarnCone not found,,,
3682,6a265728d825f7263a0d4aac,ORD-000080,,,,,,not_found,YarnCone not found,,,
3683,6a265728d825f7263a0d4aaf,ORD-000080,,,,,,not_found,YarnCone not found,,,
3684,6a26576fd825f7263a0d4ef6,ORD-000080,,,,,,not_found,YarnCone not found,,,
3685,6a2657e7d825f7263a0d510b,ORD-000082,,,,,,not_found,YarnCone not found,,,
3686,6a265885d825f7263a0d533a,ORD-000080,,,,,,not_found,YarnCone not found,,,
3687,6a2658e2d825f7263a0d54ba,ORD-000079,,,,,,not_found,YarnCone not found,,,
3688,6a2658e2d825f7263a0d54bb,ORD-000078,,,,,,not_found,YarnCone not found,,,
3689,6a2658e2d825f7263a0d54bc,ORD-000079,,,,,,not_found,YarnCone not found,,,
3690,6a265926d825f7263a0d5554,ORD-000078,,,,,,not_found,YarnCone not found,,,
3691,6a265926d825f7263a0d5555,ORD-000078,,,,,,not_found,YarnCone not found,,,
3692,6a265926d825f7263a0d5556,ORD-000082,,,,,,not_found,YarnCone not found,,,
3693,6a2661e4d825f7263a0e4ac1,ORD-000079,,,,,,not_found,YarnCone not found,,,
3694,6a2661e4d825f7263a0e4ac2,ORD-000079,,,,,,not_found,YarnCone not found,,,
3695,6a2661e4d825f7263a0e4ac3,ORD-000079,,,,,,not_found,YarnCone not found,,,
3696,6a2661fed825f7263a0e4ceb,ORD-000079,,,,,,not_found,YarnCone not found,,,
3697,6a2662efd825f7263a0e825c,ORD-000071,,,,,,not_found,YarnCone not found,,,
3698,6a2662efd825f7263a0e825d,ORD-000071,,,,,,not_found,YarnCone not found,,,
3699,6a266340d825f7263a0eb65e,ORD-000080,,,,,,not_found,YarnCone not found,,,
3700,6a26636fd825f7263a0ebbca,ORD-000082,,,,,,not_found,YarnCone not found,,,
3701,6a266785d825f7263a0f883a,ORD-000062,,,,,,not_found,YarnCone not found,,,
3702,6a266785d825f7263a0f883b,ORD-000062,,,,,,not_found,YarnCone not found,,,
3703,6a266785d825f7263a0f883c,ORD-000078,,,,,,not_found,YarnCone not found,,,
3704,6a266785d825f7263a0f883d,ORD-000072,,,,,,not_found,YarnCone not found,,,
3705,6a266785d825f7263a0f883e,ORD-000062,,,,,,not_found,YarnCone not found,,,
3706,6a266785d825f7263a0f8840,ORD-000062,,,,,,not_found,YarnCone not found,,,
3707,6a266785d825f7263a0f8841,ORD-000078,,,,,,not_found,YarnCone not found,,,
3708,6a266785d825f7263a0f8842,ORD-000078,,,,,,not_found,YarnCone not found,,,
3709,6a266785d825f7263a0f8843,ORD-000078,,,,,,not_found,YarnCone not found,,,
3710,6a266785d825f7263a0f8844,ORD-000078,,,,,,not_found,YarnCone not found,,,
3711,6a266785d825f7263a0f8845,ORD-000078,,,,,,not_found,YarnCone not found,,,
3712,6a266785d825f7263a0f8846,ORD-000078,,,,,,not_found,YarnCone not found,,,
3713,6a266785d825f7263a0f8847,ORD-000078,,,,,,not_found,YarnCone not found,,,
3714,6a266785d825f7263a0f8848,ORD-000078,,,,,,not_found,YarnCone not found,,,
3715,6a266785d825f7263a0f8849,ORD-000078,,,,,,not_found,YarnCone not found,,,
3716,6a266785d825f7263a0f884a,ORD-000062,,,,,,not_found,YarnCone not found,,,
3717,6a266785d825f7263a0f884b,ORD-000078,,,,,,not_found,YarnCone not found,,,
3718,6a266785d825f7263a0f884c,ORD-000062,,,,,,not_found,YarnCone not found,,,
3719,6a266785d825f7263a0f884d,ORD-000077,,,,,,not_found,YarnCone not found,,,
3720,6a266785d825f7263a0f884e,ORD-000062,,,,,,not_found,YarnCone not found,,,
3721,6a266785d825f7263a0f884f,ORD-000062,,,,,,not_found,YarnCone not found,,,
3722,6a266785d825f7263a0f8850,ORD-000082,,,,,,not_found,YarnCone not found,,,
3723,6a266785d825f7263a0f8851,ORD-000077,,,,,,not_found,YarnCone not found,,,
3724,6a266785d825f7263a0f8852,ORD-000082,,,,,,not_found,YarnCone not found,,,
3725,6a266785d825f7263a0f8853,ORD-000077,,,,,,not_found,YarnCone not found,,,
3726,6a266785d825f7263a0f8854,ORD-000062,,,,,,not_found,YarnCone not found,,,
3727,6a266785d825f7263a0f8855,ORD-000082,,,,,,not_found,YarnCone not found,,,
3728,6a266785d825f7263a0f8856,ORD-000077,,,,,,not_found,YarnCone not found,,,
3729,6a266785d825f7263a0f8857,ORD-000082,,,,,,not_found,YarnCone not found,,,
3730,6a266785d825f7263a0f8858,ORD-000082,,,,,,not_found,YarnCone not found,,,
3731,6a266785d825f7263a0f8859,ORD-000082,,,,,,not_found,YarnCone not found,,,
3732,6a266785d825f7263a0f885a,ORD-000078,,,,,,not_found,YarnCone not found,,,
3733,6a266785d825f7263a0f885b,ORD-000072,,,,,,not_found,YarnCone not found,,,
3734,6a266785d825f7263a0f885c,ORD-000072,,,,,,not_found,YarnCone not found,,,
3735,6a266785d825f7263a0f885e,ORD-000082,,,,,,not_found,YarnCone not found,,,
3736,6a266785d825f7263a0f885f,ORD-000072,,,,,,not_found,YarnCone not found,,,
3737,6a266785d825f7263a0f8860,ORD-000082,,,,,,not_found,YarnCone not found,,,
3738,6a266785d825f7263a0f8861,ORD-000082,,,,,,not_found,YarnCone not found,,,
3739,6a2667ccd825f7263a0f8bf3,ORD-000083,,,,,,not_found,YarnCone not found,,,
3740,6a2667ccd825f7263a0f8bf4,ORD-000080,,,,,,not_found,YarnCone not found,,,
3741,6a2667ccd825f7263a0f8bf5,ORD-000082,,,,,,not_found,YarnCone not found,,,
3742,6a2667ccd825f7263a0f8bf6,ORD-000079,,,,,,not_found,YarnCone not found,,,
3743,6a2667ccd825f7263a0f8bf8,ORD-000072,,,,,,not_found,YarnCone not found,,,
3744,6a2667ccd825f7263a0f8bf9,ORD-000079,,,,,,not_found,YarnCone not found,,,
3745,6a2667ccd825f7263a0f8bfb,ORD-000080,,,,,,not_found,YarnCone not found,,,
3746,6a2667ccd825f7263a0f8bfc,ORD-000079,,,,,,not_found,YarnCone not found,,,
3747,6a2667ccd825f7263a0f8bfd,ORD-000080,,,,,,not_found,YarnCone not found,,,
3748,6a2667ccd825f7263a0f8c00,ORD-000083,,,,,,not_found,YarnCone not found,,,
3749,6a2667ccd825f7263a0f8c03,ORD-000079,,,,,,not_found,YarnCone not found,,,
3750,6a2667ccd825f7263a0f8c04,ORD-000079,,,,,,not_found,YarnCone not found,,,
3751,6a2667ccd825f7263a0f8c05,ORD-000079,,,,,,not_found,YarnCone not found,,,
3752,6a2667ccd825f7263a0f8c07,ORD-000079,,,,,,not_found,YarnCone not found,,,
3753,6a2667ccd825f7263a0f8c08,ORD-000082,,,,,,not_found,YarnCone not found,,,
3754,6a2667ccd825f7263a0f8c09,ORD-000080,,,,,,not_found,YarnCone not found,,,
3755,6a26681ad825f7263a0f8f8d,ORD-000082,,,,,,not_found,YarnCone not found,,,
3756,6a26681ad825f7263a0f8f8e,ORD-000080,,,,,,not_found,YarnCone not found,,,
3757,6a26681ad825f7263a0f8f90,ORD-000080,,,,,,not_found,YarnCone not found,,,
3758,6a26681ad825f7263a0f8f91,ORD-000082,,,,,,not_found,YarnCone not found,,,
3759,6a26681ad825f7263a0f8f92,ORD-000080,,,,,,not_found,YarnCone not found,,,
3760,6a26681ad825f7263a0f8f93,ORD-000080,,,,,,not_found,YarnCone not found,,,
3761,6a26681ad825f7263a0f8f95,ORD-000082,,,,,,not_found,YarnCone not found,,,
3762,6a26681ad825f7263a0f8f97,ORD-000080,,,,,,not_found,YarnCone not found,,,
3763,6a26681ad825f7263a0f8f98,ORD-000082,,,,,,not_found,YarnCone not found,,,
3764,6a26681ad825f7263a0f8f99,ORD-000080,,,,,,not_found,YarnCone not found,,,
3765,6a26681ad825f7263a0f8f9a,ORD-000082,,,,,,not_found,YarnCone not found,,,
3766,6a26681ad825f7263a0f8f9b,ORD-000082,,,,,,not_found,YarnCone not found,,,
3767,6a26681ad825f7263a0f8f9c,ORD-000080,,,,,,not_found,YarnCone not found,,,
3768,6a26681ad825f7263a0f8f9d,ORD-000082,,,,,,not_found,YarnCone not found,,,
3769,6a26681ad825f7263a0f8f9e,ORD-000082,,,,,,not_found,YarnCone not found,,,
3770,6a266853d825f7263a0f9159,ORD-000082,,,,,,not_found,YarnCone not found,,,
3771,6a266853d825f7263a0f915c,ORD-000080,,,,,,not_found,YarnCone not found,,,
3772,6a266853d825f7263a0f915d,ORD-000080,,,,,,not_found,YarnCone not found,,,
3773,6a266853d825f7263a0f915e,ORD-000080,,,,,,not_found,YarnCone not found,,,
3774,6a266853d825f7263a0f915f,ORD-000080,,,,,,not_found,YarnCone not found,,,
3775,6a266853d825f7263a0f9160,ORD-000080,,,,,,not_found,YarnCone not found,,,
3776,6a266853d825f7263a0f9161,ORD-000082,,,,,,not_found,YarnCone not found,,,
3777,6a266853d825f7263a0f9162,ORD-000082,,,,,,not_found,YarnCone not found,,,
3778,6a266853d825f7263a0f9163,ORD-000082,,,,,,not_found,YarnCone not found,,,
3779,6a266853d825f7263a0f9164,ORD-000082,,,,,,not_found,YarnCone not found,,,
3780,6a266853d825f7263a0f9165,ORD-000082,,,,,,not_found,YarnCone not found,,,
3781,6a266853d825f7263a0f9166,ORD-000082,,,,,,not_found,YarnCone not found,,,
3782,6a266853d825f7263a0f9167,ORD-000080,,,,,,not_found,YarnCone not found,,,
3783,6a266853d825f7263a0f9168,ORD-000082,,,,,,not_found,YarnCone not found,,,
3784,6a266853d825f7263a0f9169,ORD-000082,,,,,,not_found,YarnCone not found,,,
3785,6a266873d825f7263a0f93df,ORD-000082,,,,,,not_found,YarnCone not found,,,
3786,6a266873d825f7263a0f93e0,ORD-000080,,,,,,not_found,YarnCone not found,,,
3787,6a266873d825f7263a0f93e1,ORD-000080,,,,,,not_found,YarnCone not found,,,
3788,6a266873d825f7263a0f93e2,ORD-000082,,,,,,not_found,YarnCone not found,,,
3789,6a266873d825f7263a0f93e3,ORD-000080,,,,,,not_found,YarnCone not found,,,
3790,6a266873d825f7263a0f93e4,ORD-000082,,,,,,not_found,YarnCone not found,,,
3791,6a266873d825f7263a0f93e5,ORD-000082,,,,,,not_found,YarnCone not found,,,
3792,6a266873d825f7263a0f93e7,ORD-000080,,,,,,not_found,YarnCone not found,,,
3793,6a266873d825f7263a0f93e9,ORD-000082,,,,,,not_found,YarnCone not found,,,
3794,6a266873d825f7263a0f93ec,ORD-000082,,,,,,not_found,YarnCone not found,,,
3795,6a266873d825f7263a0f93ee,ORD-000082,,,,,,not_found,YarnCone not found,,,
3796,6a2668abd825f7263a0f949f,ORD-000082,,,,,,not_found,YarnCone not found,,,
3797,6a2668abd825f7263a0f94a0,ORD-000082,,,,,,not_found,YarnCone not found,,,
3798,6a2668abd825f7263a0f94a1,ORD-000082,,,,,,not_found,YarnCone not found,,,
3799,6a2668abd825f7263a0f94a2,ORD-000082,,,,,,not_found,YarnCone not found,,,
3800,6a2668abd825f7263a0f94a3,ORD-000080,,,,,,not_found,YarnCone not found,,,
3801,6a2668abd825f7263a0f94a4,ORD-000082,,,,,,not_found,YarnCone not found,,,
3802,6a2668abd825f7263a0f94a5,ORD-000082,,,,,,not_found,YarnCone not found,,,
3803,6a2668abd825f7263a0f94a6,ORD-000082,,,,,,not_found,YarnCone not found,,,
3804,6a2668abd825f7263a0f94a7,ORD-000082,,,,,,not_found,YarnCone not found,,,
3805,6a2668abd825f7263a0f94a8,ORD-000082,,,,,,not_found,YarnCone not found,,,
3806,6a2668abd825f7263a0f94aa,ORD-000079,,,,,,not_found,YarnCone not found,,,
3807,6a2668abd825f7263a0f94ab,ORD-000079,,,,,,not_found,YarnCone not found,,,
3808,6a2668abd825f7263a0f94ac,ORD-000082,,,,,,not_found,YarnCone not found,,,
3809,6a2668abd825f7263a0f94ad,ORD-000080,,,,,,not_found,YarnCone not found,,,
3810,6a2668abd825f7263a0f94ae,ORD-000080,,,,,,not_found,YarnCone not found,,,
3811,6a2668abd825f7263a0f94af,ORD-000080,,,,,,not_found,YarnCone not found,,,
3812,6a2668cdd825f7263a0f955d,ORD-000079,,,,,,not_found,YarnCone not found,,,
3813,6a2668cdd825f7263a0f955e,ORD-000076,,,,,,not_found,YarnCone not found,,,
3814,6a2668cdd825f7263a0f955f,ORD-000079,,,,,,not_found,YarnCone not found,,,
3815,6a2668cdd825f7263a0f9560,ORD-000082,,,,,,not_found,YarnCone not found,,,
3816,6a2668cdd825f7263a0f9561,ORD-000076,,,,,,not_found,YarnCone not found,,,
3817,6a2668cdd825f7263a0f9563,ORD-000082,,,,,,not_found,YarnCone not found,,,
3818,6a2668cdd825f7263a0f9564,ORD-000076,,,,,,not_found,YarnCone not found,,,
3819,6a2668cdd825f7263a0f9565,ORD-000079,,,,,,not_found,YarnCone not found,,,
3820,6a2668cdd825f7263a0f9566,ORD-000082,,,,,,not_found,YarnCone not found,,,
3821,6a2668cdd825f7263a0f9567,ORD-000076,,,,,,not_found,YarnCone not found,,,
3822,6a2668cdd825f7263a0f9568,ORD-000082,,,,,,not_found,YarnCone not found,,,
3823,6a2668cdd825f7263a0f9569,ORD-000082,,,,,,not_found,YarnCone not found,,,
3824,6a2668cdd825f7263a0f956a,ORD-000079,,,,,,not_found,YarnCone not found,,,
3825,6a2668cdd825f7263a0f956b,ORD-000082,,,,,,not_found,YarnCone not found,,,
3826,6a2668cdd825f7263a0f956c,ORD-000079,,,,,,not_found,YarnCone not found,,,
3827,6a2668cdd825f7263a0f956d,ORD-000082,,,,,,not_found,YarnCone not found,,,
3828,6a2668cdd825f7263a0f956e,ORD-000079,,,,,,not_found,YarnCone not found,,,
3829,6a2668cdd825f7263a0f9570,ORD-000079,,,,,,not_found,YarnCone not found,,,
3830,6a2668cdd825f7263a0f9571,ORD-000079,,,,,,not_found,YarnCone not found,,,
3831,6a2668cdd825f7263a0f9573,ORD-000079,,,,,,not_found,YarnCone not found,,,
3832,6a2668cdd825f7263a0f9574,ORD-000082,,,,,,not_found,YarnCone not found,,,
3833,6a26856f9fc358290d37eacc,ORD-000078,,,,,,not_found,YarnCone not found,,,
3834,6a26856f9fc358290d37eacd,ORD-000078,,,,,,not_found,YarnCone not found,,,
3835,6a26856f9fc358290d37eace,ORD-000078,,,,,,not_found,YarnCone not found,,,
3836,6a26856f9fc358290d37eacf,ORD-000078,,,,,,not_found,YarnCone not found,,,
3837,6a26856f9fc358290d37ead0,ORD-000078,,,,,,not_found,YarnCone not found,,,
3838,6a26856f9fc358290d37ead1,ORD-000078,,,,,,not_found,YarnCone not found,,,
3839,6a26856f9fc358290d37ead2,ORD-000078,,,,,,not_found,YarnCone not found,,,
3840,6a26856f9fc358290d37ead4,ORD-000078,,,,,,not_found,YarnCone not found,,,
3841,6a26856f9fc358290d37ead5,ORD-000078,,,,,,not_found,YarnCone not found,,,
3842,6a26856f9fc358290d37ead6,ORD-000078,,,,,,not_found,YarnCone not found,,,
3843,6a26856f9fc358290d37ead7,ORD-000078,,,,,,not_found,YarnCone not found,,,
3844,6a26856f9fc358290d37ead9,ORD-000078,,,,,,not_found,YarnCone not found,,,
3845,6a26856f9fc358290d37eada,ORD-000078,,,,,,not_found,YarnCone not found,,,
3846,6a26856f9fc358290d37eadb,ORD-000078,,,,,,not_found,YarnCone not found,,,
3847,6a26856f9fc358290d37eadc,ORD-000078,,,,,,not_found,YarnCone not found,,,
3848,6a26856f9fc358290d37eadd,ORD-000078,,,,,,not_found,YarnCone not found,,,
3849,6a26856f9fc358290d37eade,ORD-000078,,,,,,not_found,YarnCone not found,,,
3850,6a26856f9fc358290d37eadf,ORD-000078,,,,,,not_found,YarnCone not found,,,
3851,6a26856f9fc358290d37eae0,ORD-000080,,,,,,not_found,YarnCone not found,,,
3852,6a26856f9fc358290d37eae1,ORD-000078,,,,,,not_found,YarnCone not found,,,
3853,6a26856f9fc358290d37eae2,ORD-000078,,,,,,not_found,YarnCone not found,,,
3854,6a26856f9fc358290d37eae3,ORD-000080,,,,,,not_found,YarnCone not found,,,
3855,6a26856f9fc358290d37eae4,ORD-000080,,,,,,not_found,YarnCone not found,,,
3856,6a26856f9fc358290d37eae5,ORD-000080,,,,,,not_found,YarnCone not found,,,
3857,6a26856f9fc358290d37eae6,ORD-000078,,,,,,not_found,YarnCone not found,,,
3858,6a26856f9fc358290d37eae7,ORD-000078,,,,,,not_found,YarnCone not found,,,
3859,6a26856f9fc358290d37eae8,ORD-000078,,,,,,not_found,YarnCone not found,,,
3860,6a26856f9fc358290d37eae9,ORD-000078,,,,,,not_found,YarnCone not found,,,
3861,6a26856f9fc358290d37eaea,ORD-000078,,,,,,not_found,YarnCone not found,,,
3862,6a26856f9fc358290d37eaeb,ORD-000078,,,,,,not_found,YarnCone not found,,,
3863,6a26856f9fc358290d37eaec,ORD-000078,,,,,,not_found,YarnCone not found,,,
3864,6a26856f9fc358290d37eaed,ORD-000078,,,,,,not_found,YarnCone not found,,,
3865,6a26856f9fc358290d37eaee,ORD-000078,,,,,,not_found,YarnCone not found,,,
3866,6a26856f9fc358290d37eaef,ORD-000078,,,,,,not_found,YarnCone not found,,,
3867,6a26856f9fc358290d37eaf0,ORD-000078,,,,,,not_found,YarnCone not found,,,
3868,6a26856f9fc358290d37eaf1,ORD-000078,,,,,,not_found,YarnCone not found,,,
3869,6a26856f9fc358290d37eaf2,ORD-000078,,,,,,not_found,YarnCone not found,,,
3870,6a26856f9fc358290d37eaf3,ORD-000078,,,,,,not_found,YarnCone not found,,,
3871,6a2686149fc358290d37ecda,ORD-000080,,,,,,not_found,YarnCone not found,,,
3872,6a2686149fc358290d37ecdb,ORD-000080,,,,,,not_found,YarnCone not found,,,
3873,6a2686149fc358290d37ecdd,ORD-000080,,,,,,not_found,YarnCone not found,,,
3874,6a2686149fc358290d37ecde,ORD-000083,,,,,,not_found,YarnCone not found,,,
3875,6a2686149fc358290d37ecdf,ORD-000080,,,,,,not_found,YarnCone not found,,,
3876,6a2686149fc358290d37ece1,ORD-000080,,,,,,not_found,YarnCone not found,,,
3877,6a2686149fc358290d37ece2,ORD-000080,,,,,,not_found,YarnCone not found,,,
3878,6a2686149fc358290d37ece3,ORD-000083,,,,,,not_found,YarnCone not found,,,
3879,6a2686149fc358290d37ece5,ORD-000080,,,,,,not_found,YarnCone not found,,,
3880,6a2686149fc358290d37ece6,ORD-000083,,,,,,not_found,YarnCone not found,,,
3881,6a2686149fc358290d37ece7,ORD-000080,,,,,,not_found,YarnCone not found,,,
3882,6a2686149fc358290d37ece8,ORD-000083,,,,,,not_found,YarnCone not found,,,
3883,6a2686149fc358290d37ecea,ORD-000083,,,,,,not_found,YarnCone not found,,,
3884,6a2686469fc358290d37ee47,ORD-000082,,,,,,not_found,YarnCone not found,,,
3885,6a2686469fc358290d37ee4a,ORD-000082,,,,,,not_found,YarnCone not found,,,
3886,6a2686469fc358290d37ee4c,ORD-000082,,,,,,not_found,YarnCone not found,,,
3887,6a2686469fc358290d37ee4d,ORD-000082,,,,,,not_found,YarnCone not found,,,
3888,6a2686469fc358290d37ee4e,ORD-000082,,,,,,not_found,YarnCone not found,,,
3889,6a2686469fc358290d37ee53,ORD-000082,,,,,,not_found,YarnCone not found,,,
3890,6a2686469fc358290d37ee59,ORD-000082,,,,,,not_found,YarnCone not found,,,
3891,6a2686469fc358290d37ee5a,ORD-000082,,,,,,not_found,YarnCone not found,,,
3892,6a2686469fc358290d37ee5b,ORD-000082,,,,,,not_found,YarnCone not found,,,
3893,6a2686469fc358290d37ee5c,ORD-000082,,,,,,not_found,YarnCone not found,,,
3894,6a2686469fc358290d37ee5d,ORD-000082,,,,,,not_found,YarnCone not found,,,
3895,6a268d069fc358290d380fcf,ORD-000079,,,,,,not_found,YarnCone not found,,,
3896,6a268d069fc358290d380fd4,ORD-000079,,,,,,not_found,YarnCone not found,,,
3897,6a268d069fc358290d380fd6,ORD-000079,,,,,,not_found,YarnCone not found,,,
3898,6a268d069fc358290d380fd7,ORD-000079,,,,,,not_found,YarnCone not found,,,
3899,6a268d069fc358290d380fd9,ORD-000079,,,,,,not_found,YarnCone not found,,,
3900,6a268d069fc358290d380fda,ORD-000079,,,,,,not_found,YarnCone not found,,,
3901,6a268d069fc358290d380fdb,ORD-000079,,,,,,not_found,YarnCone not found,,,
3902,6a268d069fc358290d380fdd,ORD-000079,,,,,,not_found,YarnCone not found,,,
3903,6a268d069fc358290d380fde,ORD-000079,,,,,,not_found,YarnCone not found,,,
3904,6a268d069fc358290d380fe0,ORD-000079,,,,,,not_found,YarnCone not found,,,
3905,6a268d069fc358290d380fe2,ORD-000079,,,,,,not_found,YarnCone not found,,,
3906,6a268d069fc358290d380fe4,ORD-000079,,,,,,not_found,YarnCone not found,,,
3907,6a268d069fc358290d380fe5,ORD-000079,,,,,,not_found,YarnCone not found,,,
3908,6a269e1a084d412f4e63965b,ORD-000080,,,,,,not_found,YarnCone not found,,,
3909,6a269e1a084d412f4e63965c,ORD-000079,,,,,,not_found,YarnCone not found,,,
3910,6a269e1a084d412f4e63965d,ORD-000079,,,,,,not_found,YarnCone not found,,,
3911,6a269e1a084d412f4e63965e,ORD-000079,,,,,,not_found,YarnCone not found,,,
3912,6a269e1a084d412f4e63965f,ORD-000079,,,,,,not_found,YarnCone not found,,,
3913,6a269e1a084d412f4e639660,ORD-000079,,,,,,not_found,YarnCone not found,,,
3914,6a269e1a084d412f4e639661,ORD-000079,,,,,,not_found,YarnCone not found,,,
3915,6a269e1a084d412f4e639662,ORD-000080,,,,,,not_found,YarnCone not found,,,
3916,6a269e1a084d412f4e639664,ORD-000080,,,,,,not_found,YarnCone not found,,,
3917,6a269e1a084d412f4e639666,ORD-000079,,,,,,not_found,YarnCone not found,,,
3918,6a269e1a084d412f4e639667,ORD-000079,,,,,,not_found,YarnCone not found,,,
3919,6a269e1a084d412f4e639668,ORD-000079,,,,,,not_found,YarnCone not found,,,
3920,6a269e1a084d412f4e639669,ORD-000079,,,,,,not_found,YarnCone not found,,,
3921,6a269e1a084d412f4e63966a,ORD-000080,,,,,,not_found,YarnCone not found,,,
3922,6a269e1a084d412f4e63966b,ORD-000079,,,,,,not_found,YarnCone not found,,,
3923,6a269e1a084d412f4e63966c,ORD-000079,,,,,,not_found,YarnCone not found,,,
3924,6a269e1a084d412f4e63966d,ORD-000079,,,,,,not_found,YarnCone not found,,,
3925,6a269e1a084d412f4e63966e,ORD-000082,,,,,,not_found,YarnCone not found,,,
3926,6a269e1a084d412f4e639670,ORD-000079,,,,,,not_found,YarnCone not found,,,
3927,6a269e1a084d412f4e639671,ORD-000079,,,,,,not_found,YarnCone not found,,,
3928,6a269e1a084d412f4e639672,ORD-000076,,,,,,not_found,YarnCone not found,,,
3929,6a269e1a084d412f4e639674,ORD-000079,,,,,,not_found,YarnCone not found,,,
3930,6a269e1a084d412f4e639675,ORD-000076,,,,,,not_found,YarnCone not found,,,
3931,6a269e1a084d412f4e639676,ORD-000076,,,,,,not_found,YarnCone not found,,,
3932,6a269e1a084d412f4e639677,ORD-000076,,,,,,not_found,YarnCone not found,,,
3933,6a269e1a084d412f4e639678,ORD-000076,,,,,,not_found,YarnCone not found,,,
3934,6a269e1a084d412f4e63967a,ORD-000076,,,,,,not_found,YarnCone not found,,,
3935,6a269e1a084d412f4e63967b,ORD-000076,,,,,,not_found,YarnCone not found,,,
3936,6a269e1a084d412f4e63967c,ORD-000076,,,,,,not_found,YarnCone not found,,,
3937,6a26a1e6084d412f4e63ad23,ORD-000076,,,,,,not_found,YarnCone not found,,,
3938,6a26a1e6084d412f4e63ad24,ORD-000076,,,,,,not_found,YarnCone not found,,,
3939,6a26a1e6084d412f4e63ad25,ORD-000076,,,,,,not_found,YarnCone not found,,,
3940,6a26a1e6084d412f4e63ad26,ORD-000076,,,,,,not_found,YarnCone not found,,,
3941,6a26a1e6084d412f4e63ad28,ORD-000076,,,,,,not_found,YarnCone not found,,,
3942,6a26a1e6084d412f4e63ad29,ORD-000076,,,,,,not_found,YarnCone not found,,,
3943,6a26a1e6084d412f4e63ad2a,ORD-000076,,,,,,not_found,YarnCone not found,,,
3944,6a26a1e6084d412f4e63ad2b,ORD-000076,,,,,,not_found,YarnCone not found,,,
3945,6a26a1e6084d412f4e63ad2c,ORD-000076,,,,,,not_found,YarnCone not found,,,
3946,6a26a1e6084d412f4e63ad2d,ORD-000076,,,,,,not_found,YarnCone not found,,,
3947,6a26a1e6084d412f4e63ad2e,ORD-000076,,,,,,not_found,YarnCone not found,,,
3948,6a26a1e6084d412f4e63ad2f,ORD-000076,,,,,,not_found,YarnCone not found,,,
3949,6a26a1e6084d412f4e63ad30,ORD-000076,,,,,,not_found,YarnCone not found,,,
3950,6a26a1e6084d412f4e63ad31,ORD-000076,,,,,,not_found,YarnCone not found,,,
3951,6a26a1e6084d412f4e63ad32,ORD-000076,,,,,,not_found,YarnCone not found,,,
3952,6a26a1e6084d412f4e63ad33,ORD-000076,,,,,,not_found,YarnCone not found,,,
3953,6a26a1e6084d412f4e63ad34,ORD-000076,,,,,,not_found,YarnCone not found,,,
3954,6a26a1e6084d412f4e63ad35,ORD-000076,,,,,,not_found,YarnCone not found,,,
3955,6a26a1e6084d412f4e63ad36,ORD-000076,,,,,,not_found,YarnCone not found,,,
3956,6a26a1e6084d412f4e63ad37,ORD-000076,,,,,,not_found,YarnCone not found,,,
3957,6a26a1e6084d412f4e63ad38,ORD-000076,,,,,,not_found,YarnCone not found,,,
3958,6a26a1e6084d412f4e63ad39,ORD-000076,,,,,,not_found,YarnCone not found,,,
3959,6a26a1e6084d412f4e63ad3a,ORD-000076,,,,,,not_found,YarnCone not found,,,
3960,6a26a1e6084d412f4e63ad3b,ORD-000076,,,,,,not_found,YarnCone not found,,,
3961,6a26a1e6084d412f4e63ad3c,ORD-000076,,,,,,not_found,YarnCone not found,,,
3962,6a26a1e6084d412f4e63ad3d,ORD-000076,,,,,,not_found,YarnCone not found,,,
3963,6a26a1e6084d412f4e63ad3e,ORD-000076,,,,,,not_found,YarnCone not found,,,
3964,6a26a1e6084d412f4e63ad3f,ORD-000076,,,,,,not_found,YarnCone not found,,,
3965,6a26a1e6084d412f4e63ad40,ORD-000076,,,,,,not_found,YarnCone not found,,,
3966,6a26a1e6084d412f4e63ad42,ORD-000081,,,,,,not_found,YarnCone not found,,,
3967,6a26a1e6084d412f4e63ad43,ORD-000076,,,,,,not_found,YarnCone not found,,,
3968,6a26a1e6084d412f4e63ad44,ORD-000081,,,,,,not_found,YarnCone not found,,,
3969,6a26a1e6084d412f4e63ad45,ORD-000081,,,,,,not_found,YarnCone not found,,,
3970,6a26a1e6084d412f4e63ad46,ORD-000081,,,,,,not_found,YarnCone not found,,,
3971,6a26a1e6084d412f4e63ad47,ORD-000081,,,,,,not_found,YarnCone not found,,,
3972,6a26a1e6084d412f4e63ad48,ORD-000076,,,,,,not_found,YarnCone not found,,,
3973,6a26a1e6084d412f4e63ad49,ORD-000076,,,,,,not_found,YarnCone not found,,,
3974,6a26a1e6084d412f4e63ad4a,ORD-000076,,,,,,not_found,YarnCone not found,,,
3975,6a26a231084d412f4e63afbc,ORD-000082,,,,,,not_found,YarnCone not found,,,
3976,6a26a231084d412f4e63afbd,ORD-000082,,,,,,not_found,YarnCone not found,,,
3977,6a26b1c59a2d47385fbaf637,ORD-000079,,,,,,not_found,YarnCone not found,,,
3978,6a26b1c59a2d47385fbaf63a,ORD-000079,,,,,,not_found,YarnCone not found,,,
3979,6a26b1c59a2d47385fbaf63b,ORD-000079,,,,,,not_found,YarnCone not found,,,
3980,6a26b20a9a2d47385fbaf6a4,ORD-000080,,,,,,not_found,YarnCone not found,,,
3981,6a26b20a9a2d47385fbaf6a6,ORD-000090,,,,,,not_found,YarnCone not found,,,
3982,6a26b20a9a2d47385fbaf6a7,ORD-000080,,,,,,not_found,YarnCone not found,,,
3983,6a26b20a9a2d47385fbaf6a9,ORD-000080,,,,,,not_found,YarnCone not found,,,
3984,6a26b20a9a2d47385fbaf6aa,ORD-000085,,,,,,not_found,YarnCone not found,,,
3985,6a26b3fa9a2d47385fbafe96,ORD-000087,,,,,,not_found,YarnCone not found,,,
3986,6a26b4629a2d47385fbaffbd,ORD-000083,,,,,,not_found,YarnCone not found,,,
3987,6a26b47d9a2d47385fbb000c,ORD-000080,,,,,,not_found,YarnCone not found,,,
3988,6a26b47d9a2d47385fbb000e,ORD-000080,,,,,,not_found,YarnCone not found,,,
3989,6a26b47d9a2d47385fbb000f,ORD-000085,,,,,,not_found,YarnCone not found,,,
3990,6a26b47d9a2d47385fbb0010,ORD-000080,,,,,,not_found,YarnCone not found,,,
3991,6a26b47d9a2d47385fbb0012,ORD-000090,,,,,,not_found,YarnCone not found,,,
3992,6a26b4979a2d47385fbb007f,ORD-000079,,,,,,not_found,YarnCone not found,,,
3993,6a26b4979a2d47385fbb0081,ORD-000076,,,,,,not_found,YarnCone not found,,,
3994,6a26b4b09a2d47385fbb00d6,ORD-000080,,,,,,not_found,YarnCone not found,,,
3995,6a26b4b09a2d47385fbb00d7,ORD-000080,,,,,,not_found,YarnCone not found,,,
3996,6a26b4b09a2d47385fbb00d8,ORD-000080,,,,,,not_found,YarnCone not found,,,
3997,6a26b4d79a2d47385fbb012e,ORD-000083,,,,,,not_found,YarnCone not found,,,
3998,6a26b4f39a2d47385fbb018b,ORD-000061,,,,,,not_found,YarnCone not found,,,
3999,6a26b4f39a2d47385fbb018c,ORD-000061,,,,,,not_found,YarnCone not found,,,
4000,6a26b5169a2d47385fbb01db,ORD-000080,,,,,,not_found,YarnCone not found,,,
4001,6a26b5169a2d47385fbb01dc,ORD-000083,,,,,,not_found,YarnCone not found,,,
4002,6a26b5169a2d47385fbb01dd,ORD-000080,,,,,,not_found,YarnCone not found,,,
4003,6a26b6259a2d47385fbb032c,ORD-000081,,,,,,not_found,YarnCone not found,,,
4004,6a279a679a2d47385fbd356f,ORD-000079,,,,,,not_found,YarnCone not found,,,
4005,6a279a679a2d47385fbd3570,ORD-000079,,,,,,not_found,YarnCone not found,,,
4006,6a279a679a2d47385fbd3571,ORD-000079,,,,,,not_found,YarnCone not found,,,
4007,6a279a679a2d47385fbd3572,ORD-000079,,,,,,not_found,YarnCone not found,,,
4008,6a279a679a2d47385fbd3573,ORD-000079,,,,,,not_found,YarnCone not found,,,
4009,6a279a679a2d47385fbd3574,ORD-000079,,,,,,not_found,YarnCone not found,,,
4010,6a279a679a2d47385fbd3575,ORD-000079,,,,,,not_found,YarnCone not found,,,
4011,6a279a679a2d47385fbd3576,ORD-000079,,,,,,not_found,YarnCone not found,,,
4012,6a279a679a2d47385fbd3577,ORD-000079,,,,,,not_found,YarnCone not found,,,
4013,6a279a679a2d47385fbd3579,ORD-000079,,,,,,not_found,YarnCone not found,,,
4014,6a279a679a2d47385fbd357a,ORD-000079,,,,,,not_found,YarnCone not found,,,
4015,6a279a679a2d47385fbd357b,ORD-000079,,,,,,not_found,YarnCone not found,,,
4016,6a279a679a2d47385fbd357c,ORD-000079,,,,,,not_found,YarnCone not found,,,
4017,6a279a679a2d47385fbd357d,ORD-000079,,,,,,not_found,YarnCone not found,,,
4018,6a279a679a2d47385fbd357e,ORD-000079,,,,,,not_found,YarnCone not found,,,
4019,6a279a679a2d47385fbd357f,ORD-000079,,,,,,not_found,YarnCone not found,,,
4020,6a279a679a2d47385fbd3580,ORD-000079,,,,,,not_found,YarnCone not found,,,
4021,6a279a679a2d47385fbd3581,ORD-000079,,,,,,not_found,YarnCone not found,,,
4022,6a279a679a2d47385fbd3582,ORD-000079,,,,,,not_found,YarnCone not found,,,
4023,6a279a679a2d47385fbd3583,ORD-000079,,,,,,not_found,YarnCone not found,,,
4024,6a279a679a2d47385fbd3584,ORD-000079,,,,,,not_found,YarnCone not found,,,
4025,6a279a679a2d47385fbd3585,ORD-000079,,,,,,not_found,YarnCone not found,,,
4026,6a279a679a2d47385fbd3586,ORD-000079,,,,,,not_found,YarnCone not found,,,
4027,6a279a679a2d47385fbd3587,ORD-000079,,,,,,not_found,YarnCone not found,,,
4028,6a279a679a2d47385fbd3588,ORD-000079,,,,,,not_found,YarnCone not found,,,
4029,6a279a679a2d47385fbd3589,ORD-000080,,,,,,not_found,YarnCone not found,,,
4030,6a279a679a2d47385fbd358a,ORD-000080,,,,,,not_found,YarnCone not found,,,
4031,6a279a679a2d47385fbd358b,ORD-000080,,,,,,not_found,YarnCone not found,,,
4032,6a279a679a2d47385fbd358c,ORD-000080,,,,,,not_found,YarnCone not found,,,
4033,6a279a679a2d47385fbd358d,ORD-000079,,,,,,not_found,YarnCone not found,,,
4034,6a279a679a2d47385fbd358e,ORD-000079,,,,,,not_found,YarnCone not found,,,
4035,6a279a679a2d47385fbd358f,ORD-000079,,,,,,not_found,YarnCone not found,,,
4036,6a279a679a2d47385fbd3590,ORD-000080,,,,,,not_found,YarnCone not found,,,
4037,6a279a679a2d47385fbd3591,ORD-000079,,,,,,not_found,YarnCone not found,,,
4038,6a279a679a2d47385fbd3592,ORD-000080,,,,,,not_found,YarnCone not found,,,
4039,6a279a679a2d47385fbd3593,ORD-000080,,,,,,not_found,YarnCone not found,,,
4040,6a279a679a2d47385fbd3594,ORD-000080,,,,,,not_found,YarnCone not found,,,
4041,6a279a679a2d47385fbd3595,ORD-000080,,,,,,not_found,YarnCone not found,,,
4042,6a279a679a2d47385fbd3596,ORD-000080,,,,,,not_found,YarnCone not found,,,
4043,6a279ae69a2d47385fbd4011,ORD-000079,,,,,,not_found,YarnCone not found,,,
4044,6a279bba9a2d47385fbd5aca,ORD-000072,,,,,,not_found,YarnCone not found,,,
4045,6a279bba9a2d47385fbd5acb,ORD-000079,,,,,,not_found,YarnCone not found,,,
4046,6a279bba9a2d47385fbd5acc,ORD-000079,,,,,,not_found,YarnCone not found,,,
4047,6a279bba9a2d47385fbd5acd,ORD-000084,,,,,,not_found,YarnCone not found,,,
4048,6a279bba9a2d47385fbd5ace,ORD-000079,,,,,,not_found,YarnCone not found,,,
4049,6a279bba9a2d47385fbd5ad1,ORD-000079,,,,,,not_found,YarnCone not found,,,
4050,6a279bba9a2d47385fbd5ad2,ORD-000072,,,,,,not_found,YarnCone not found,,,
4051,6a279bba9a2d47385fbd5ad4,ORD-000089,,,,,,not_found,YarnCone not found,,,
4052,6a279bba9a2d47385fbd5ad9,ORD-000084,,,,,,not_found,YarnCone not found,,,
4053,6a279bba9a2d47385fbd5ada,ORD-000084,,,,,,not_found,YarnCone not found,,,
4054,6a279bba9a2d47385fbd5adb,ORD-000084,,,,,,not_found,YarnCone not found,,,
4055,6a279bba9a2d47385fbd5adc,ORD-000084,,,,,,not_found,YarnCone not found,,,
4056,6a279bba9a2d47385fbd5add,ORD-000084,,,,,,not_found,YarnCone not found,,,
4057,6a279bba9a2d47385fbd5adf,ORD-000084,,,,,,not_found,YarnCone not found,,,
4058,6a279c149a2d47385fbd69dc,ORD-000081,,,,,,not_found,YarnCone not found,,,
4059,6a279c149a2d47385fbd69dd,ORD-000080,,,,,,not_found,YarnCone not found,,,
4060,6a279c149a2d47385fbd69df,ORD-000068,,,,,,not_found,YarnCone not found,,,
4061,6a279c149a2d47385fbd69e0,ORD-000080,,,,,,not_found,YarnCone not found,,,
4062,6a279c149a2d47385fbd69e2,ORD-000079,,,,,,not_found,YarnCone not found,,,
4063,6a279c149a2d47385fbd69e3,ORD-000080,,,,,,not_found,YarnCone not found,,,
4064,6a279c149a2d47385fbd69e4,ORD-000080,,,,,,not_found,YarnCone not found,,,
4065,6a279c149a2d47385fbd69e6,ORD-000079,,,,,,not_found,YarnCone not found,,,
4066,6a279c149a2d47385fbd69e8,ORD-000079,,,,,,not_found,YarnCone not found,,,
4067,6a279c149a2d47385fbd69ea,ORD-000073,,,,,,not_found,YarnCone not found,,,
4068,6a279c149a2d47385fbd69ec,ORD-000079,,,,,,not_found,YarnCone not found,,,
4069,6a279c149a2d47385fbd69ed,ORD-000079,,,,,,not_found,YarnCone not found,,,
4070,6a279c149a2d47385fbd69f3,ORD-000079,,,,,,not_found,YarnCone not found,,,
4071,6a279c149a2d47385fbd69f5,ORD-000079,,,,,,not_found,YarnCone not found,,,
4072,6a279c149a2d47385fbd69f6,ORD-000079,,,,,,not_found,YarnCone not found,,,
4073,6a279c149a2d47385fbd69f7,ORD-000068,,,,,,not_found,YarnCone not found,,,
4074,6a279c149a2d47385fbd69f8,ORD-000079,,,,,,not_found,YarnCone not found,,,
4075,6a279c149a2d47385fbd69f9,ORD-000079,,,,,,not_found,YarnCone not found,,,
4076,6a279c149a2d47385fbd69fa,ORD-000079,,,,,,not_found,YarnCone not found,,,
4077,6a279c149a2d47385fbd69fb,ORD-000068,,,,,,not_found,YarnCone not found,,,
4078,6a279c499a2d47385fbd6b45,ORD-000082,,,,,,not_found,YarnCone not found,,,
4079,6a279c6e9a2d47385fbd6c26,ORD-000084,,,,,,not_found,YarnCone not found,,,
4080,6a279c6e9a2d47385fbd6c27,ORD-000084,,,,,,not_found,YarnCone not found,,,
4081,6a279c6e9a2d47385fbd6c28,ORD-000084,,,,,,not_found,YarnCone not found,,,
4082,6a279c6e9a2d47385fbd6c2b,ORD-000084,,,,,,not_found,YarnCone not found,,,
4083,6a279c6e9a2d47385fbd6c2d,ORD-000079,,,,,,not_found,YarnCone not found,,,
4084,6a279c6e9a2d47385fbd6c2e,ORD-000094,,,,,,not_found,YarnCone not found,,,
4085,6a279c6e9a2d47385fbd6c2f,ORD-000079,,,,,,not_found,YarnCone not found,,,
4086,6a279c6e9a2d47385fbd6c30,ORD-000084,,,,,,not_found,YarnCone not found,,,
4087,6a279c6e9a2d47385fbd6c31,ORD-000084,,,,,,not_found,YarnCone not found,,,
4088,6a279c6e9a2d47385fbd6c32,ORD-000079,,,,,,not_found,YarnCone not found,,,
4089,6a279c6e9a2d47385fbd6c33,ORD-000084,,,,,,not_found,YarnCone not found,,,
4090,6a279c6e9a2d47385fbd6c34,ORD-000084,,,,,,not_found,YarnCone not found,,,
4091,6a279c6e9a2d47385fbd6c35,ORD-000084,,,,,,not_found,YarnCone not found,,,
4092,6a279c6e9a2d47385fbd6c37,ORD-000084,,,,,,not_found,YarnCone not found,,,
4093,6a279c949a2d47385fbd6ce5,ORD-000080,,,,,,not_found,YarnCone not found,,,
4094,6a279c949a2d47385fbd6ce6,ORD-000080,,,,,,not_found,YarnCone not found,,,
4095,6a279c949a2d47385fbd6ce8,ORD-000070,,,,,,not_found,YarnCone not found,,,
4096,6a279c949a2d47385fbd6cea,ORD-000080,,,,,,not_found,YarnCone not found,,,
4097,6a279c949a2d47385fbd6ceb,ORD-000080,,,,,,not_found,YarnCone not found,,,
4098,6a279c949a2d47385fbd6cec,ORD-000070,,,,,,not_found,YarnCone not found,,,
4099,6a279c949a2d47385fbd6cee,ORD-000080,,,,,,not_found,YarnCone not found,,,
4100,6a279c949a2d47385fbd6cef,ORD-000070,,,,,,not_found,YarnCone not found,,,
4101,6a279c949a2d47385fbd6cf0,ORD-000080,,,,,,not_found,YarnCone not found,,,
4102,6a279c949a2d47385fbd6cf1,ORD-000080,,,,,,not_found,YarnCone not found,,,
4103,6a279c949a2d47385fbd6cf2,ORD-000080,,,,,,not_found,YarnCone not found,,,
4104,6a279c949a2d47385fbd6cf4,ORD-000080,,,,,,not_found,YarnCone not found,,,
4105,6a279c949a2d47385fbd6cf5,ORD-000080,,,,,,not_found,YarnCone not found,,,
4106,6a279c949a2d47385fbd6cf6,ORD-000080,,,,,,not_found,YarnCone not found,,,
4107,6a279c949a2d47385fbd6cf7,ORD-000080,,,,,,not_found,YarnCone not found,,,
4108,6a279ccb9a2d47385fbd6ea4,ORD-000080,,,,,,not_found,YarnCone not found,,,
4109,6a279ccb9a2d47385fbd6ea5,ORD-000080,,,,,,not_found,YarnCone not found,,,
4110,6a279ccb9a2d47385fbd6ea8,ORD-000079,,,,,,not_found,YarnCone not found,,,
4111,6a279ccb9a2d47385fbd6ea9,ORD-000080,,,,,,not_found,YarnCone not found,,,
4112,6a279ccb9a2d47385fbd6eaa,ORD-000080,,,,,,not_found,YarnCone not found,,,
4113,6a279ccb9a2d47385fbd6ead,ORD-000080,,,,,,not_found,YarnCone not found,,,
4114,6a279ccb9a2d47385fbd6eb0,ORD-000080,,,,,,not_found,YarnCone not found,,,
4115,6a279ccb9a2d47385fbd6eb1,ORD-000080,,,,,,not_found,YarnCone not found,,,
4116,6a279ccb9a2d47385fbd6eb2,ORD-000077,,,,,,not_found,YarnCone not found,,,
4117,6a279ccb9a2d47385fbd6eb3,ORD-000080,,,,,,not_found,YarnCone not found,,,
4118,6a279ccb9a2d47385fbd6eb5,ORD-000080,,,,,,not_found,YarnCone not found,,,
4119,6a279ccb9a2d47385fbd6eb7,ORD-000080,,,,,,not_found,YarnCone not found,,,
4120,6a279ccb9a2d47385fbd6eb8,ORD-000080,,,,,,not_found,YarnCone not found,,,
4121,6a279ccb9a2d47385fbd6eb9,ORD-000080,,,,,,not_found,YarnCone not found,,,
4122,6a279d229a2d47385fbd7853,ORD-000079,,,,,,not_found,YarnCone not found,,,
4123,6a279d229a2d47385fbd7854,ORD-000080,,,,,,not_found,YarnCone not found,,,
4124,6a279d229a2d47385fbd7856,ORD-000079,,,,,,not_found,YarnCone not found,,,
4125,6a279d229a2d47385fbd7857,ORD-000080,,,,,,not_found,YarnCone not found,,,
4126,6a279d229a2d47385fbd7858,ORD-000079,,,,,,not_found,YarnCone not found,,,
4127,6a279d229a2d47385fbd7859,ORD-000080,,,,,,not_found,YarnCone not found,,,
4128,6a279d229a2d47385fbd785a,ORD-000080,,,,,,not_found,YarnCone not found,,,
4129,6a279d229a2d47385fbd785b,ORD-000080,,,,,,not_found,YarnCone not found,,,
4130,6a279d229a2d47385fbd785c,ORD-000080,,,,,,not_found,YarnCone not found,,,
4131,6a279d229a2d47385fbd785d,ORD-000079,,,,,,not_found,YarnCone not found,,,
4132,6a279d229a2d47385fbd7860,ORD-000080,,,,,,not_found,YarnCone not found,,,
4133,6a279d229a2d47385fbd7862,ORD-000080,,,,,,not_found,YarnCone not found,,,
4134,6a279d229a2d47385fbd7865,ORD-000080,,,,,,not_found,YarnCone not found,,,
4135,6a279d229a2d47385fbd7866,ORD-000080,,,,,,not_found,YarnCone not found,,,
4136,6a279d229a2d47385fbd7867,ORD-000080,,,,,,not_found,YarnCone not found,,,
4137,6a279dc79a2d47385fbd8822,ORD-000079,,,,,,not_found,YarnCone not found,,,
4138,6a279dc79a2d47385fbd8823,ORD-000069,,,,,,not_found,YarnCone not found,,,
4139,6a279dc79a2d47385fbd8826,ORD-000079,,,,,,not_found,YarnCone not found,,,
4140,6a279dc79a2d47385fbd8827,ORD-000079,,,,,,not_found,YarnCone not found,,,
4141,6a279dc79a2d47385fbd8828,ORD-000079,,,,,,not_found,YarnCone not found,,,
4142,6a279dc79a2d47385fbd882a,ORD-000069,,,,,,not_found,YarnCone not found,,,
4143,6a279dc79a2d47385fbd882b,ORD-000079,,,,,,not_found,YarnCone not found,,,
4144,6a279dc79a2d47385fbd882f,ORD-000079,,,,,,not_found,YarnCone not found,,,
4145,6a279dc79a2d47385fbd8830,ORD-000069,,,,,,not_found,YarnCone not found,,,
4146,6a279dc79a2d47385fbd8831,ORD-000079,,,,,,not_found,YarnCone not found,,,
4147,6a279dc79a2d47385fbd8834,ORD-000079,,,,,,not_found,YarnCone not found,,,
4148,6a279deb9a2d47385fbd8d3c,ORD-000080,,,,,,not_found,YarnCone not found,,,
4149,6a279deb9a2d47385fbd8d3d,ORD-000080,,,,,,not_found,YarnCone not found,,,
4150,6a279deb9a2d47385fbd8d3e,ORD-000080,,,,,,not_found,YarnCone not found,,,
4151,6a279deb9a2d47385fbd8d3f,ORD-000080,,,,,,not_found,YarnCone not found,,,
4152,6a279deb9a2d47385fbd8d40,ORD-000080,,,,,,not_found,YarnCone not found,,,
4153,6a279deb9a2d47385fbd8d41,ORD-000084,,,,,,not_found,YarnCone not found,,,
4154,6a279deb9a2d47385fbd8d42,ORD-000080,,,,,,not_found,YarnCone not found,,,
4155,6a279deb9a2d47385fbd8d43,ORD-000080,,,,,,not_found,YarnCone not found,,,
4156,6a279deb9a2d47385fbd8d45,ORD-000082,,,,,,not_found,YarnCone not found,,,
4157,6a279deb9a2d47385fbd8d46,ORD-000080,,,,,,not_found,YarnCone not found,,,
4158,6a279deb9a2d47385fbd8d48,ORD-000082,,,,,,not_found,YarnCone not found,,,
4159,6a279deb9a2d47385fbd8d49,ORD-000084,,,,,,not_found,YarnCone not found,,,
4160,6a279deb9a2d47385fbd8d4a,ORD-000082,,,,,,not_found,YarnCone not found,,,
4161,6a279deb9a2d47385fbd8d4b,ORD-000080,,,,,,not_found,YarnCone not found,,,
4162,6a279deb9a2d47385fbd8d4c,ORD-000080,,,,,,not_found,YarnCone not found,,,
4163,6a279deb9a2d47385fbd8d4e,ORD-000084,,,,,,not_found,YarnCone not found,,,
4164,6a279deb9a2d47385fbd8d4f,ORD-000080,,,,,,not_found,YarnCone not found,,,
4165,6a279deb9a2d47385fbd8d50,ORD-000082,,,,,,not_found,YarnCone not found,,,
4166,6a279deb9a2d47385fbd8d51,ORD-000082,,,,,,not_found,YarnCone not found,,,
4167,6a279deb9a2d47385fbd8d52,ORD-000084,,,,,,not_found,YarnCone not found,,,
4168,6a279deb9a2d47385fbd8d53,ORD-000082,,,,,,not_found,YarnCone not found,,,
4169,6a279deb9a2d47385fbd8d54,ORD-000084,,,,,,not_found,YarnCone not found,,,
4170,6a279deb9a2d47385fbd8d55,ORD-000084,,,,,,not_found,YarnCone not found,,,
4171,6a279deb9a2d47385fbd8d56,ORD-000084,,,,,,not_found,YarnCone not found,,,
4172,6a279deb9a2d47385fbd8d57,ORD-000082,,,,,,not_found,YarnCone not found,,,
4173,6a279deb9a2d47385fbd8d58,ORD-000070,,,,,,not_found,YarnCone not found,,,
4174,6a279deb9a2d47385fbd8d59,ORD-000082,,,,,,not_found,YarnCone not found,,,
4175,6a279deb9a2d47385fbd8d5a,ORD-000070,,,,,,not_found,YarnCone not found,,,
4176,6a279deb9a2d47385fbd8d5b,ORD-000070,,,,,,not_found,YarnCone not found,,,
4177,6a279deb9a2d47385fbd8d5c,ORD-000082,,,,,,not_found,YarnCone not found,,,
4178,6a279deb9a2d47385fbd8d5d,ORD-000070,,,,,,not_found,YarnCone not found,,,
4179,6a279e049a2d47385fbd8e72,ORD-000076,,,,,,not_found,YarnCone not found,,,
4180,6a279e049a2d47385fbd8e73,ORD-000080,,,,,,not_found,YarnCone not found,,,
4181,6a279e049a2d47385fbd8e75,ORD-000080,,,,,,not_found,YarnCone not found,,,
4182,6a279e049a2d47385fbd8e76,ORD-000080,,,,,,not_found,YarnCone not found,,,
4183,6a279e049a2d47385fbd8e77,ORD-000084,,,,,,not_found,YarnCone not found,,,
4184,6a279e049a2d47385fbd8e78,ORD-000080,,,,,,not_found,YarnCone not found,,,
4185,6a279e049a2d47385fbd8e79,ORD-000080,,,,,,not_found,YarnCone not found,,,
4186,6a279e049a2d47385fbd8e7a,ORD-000084,,,,,,not_found,YarnCone not found,,,
4187,6a279e049a2d47385fbd8e7b,ORD-000080,,,,,,not_found,YarnCone not found,,,
4188,6a279e049a2d47385fbd8e7d,ORD-000080,,,,,,not_found,YarnCone not found,,,
4189,6a279e049a2d47385fbd8e7e,ORD-000080,,,,,,not_found,YarnCone not found,,,
4190,6a279e049a2d47385fbd8e7f,ORD-000080,,,,,,not_found,YarnCone not found,,,
4191,6a279e049a2d47385fbd8e81,ORD-000080,,,,,,not_found,YarnCone not found,,,
4192,6a279e049a2d47385fbd8e82,ORD-000080,,,,,,not_found,YarnCone not found,,,
4193,6a279e049a2d47385fbd8e83,ORD-000076,,,,,,not_found,YarnCone not found,,,
4194,6a279e049a2d47385fbd8e84,ORD-000076,,,,,,not_found,YarnCone not found,,,
4195,6a279e049a2d47385fbd8e85,ORD-000080,,,,,,not_found,YarnCone not found,,,
4196,6a279e049a2d47385fbd8e87,ORD-000076,,,,,,not_found,YarnCone not found,,,
4197,6a279e049a2d47385fbd8e89,ORD-000080,,,,,,not_found,YarnCone not found,,,
4198,6a279e049a2d47385fbd8e8b,ORD-000077,,,,,,not_found,YarnCone not found,,,
4199,6a279e049a2d47385fbd8e8d,ORD-000062,,,,,,not_found,YarnCone not found,,,
4200,6a279e049a2d47385fbd8e8e,ORD-000062,,,,,,not_found,YarnCone not found,,,
4201,6a279e049a2d47385fbd8e8f,ORD-000061,,,,,,not_found,YarnCone not found,,,
4202,6a279e049a2d47385fbd8e90,ORD-000072,,,,,,not_found,YarnCone not found,,,
4203,6a279e049a2d47385fbd8e91,ORD-000061,,,,,,not_found,YarnCone not found,,,
4204,6a279e049a2d47385fbd8e93,ORD-000084,,,,,,not_found,YarnCone not found,,,
4205,6a27b27a59c4a64cc6788325,ORD-000071,,,,,,not_found,YarnCone not found,,,
4206,6a27b4f859c4a64cc6788957,ORD-000071,,,,,,not_found,YarnCone not found,,,
4207,6a27b4f859c4a64cc6788958,ORD-000071,,,,,,not_found,YarnCone not found,,,
4208,6a27b4f859c4a64cc678895a,ORD-000071,,,,,,not_found,YarnCone not found,,,
4209,6a27d1b501bb024eb608b3b0,ORD-000085,,,,,,not_found,YarnCone not found,,,
4210,6a27d1d601bb024eb608b439,ORD-000087,,,,,,not_found,YarnCone not found,,,
4211,6a27d1fa01bb024eb608b57a,ORD-000085,,,,,,not_found,YarnCone not found,,,
4212,6a27d1fa01bb024eb608b57c,ORD-000085,,,,,,not_found,YarnCone not found,,,
4213,6a27d22301bb024eb608b5dd,ORD-000087,,,,,,not_found,YarnCone not found,,,
4214,6a27d22301bb024eb608b5de,ORD-000087,,,,,,not_found,YarnCone not found,,,
4215,6a27d26901bb024eb608b6f6,ORD-000080,,,,,,not_found,YarnCone not found,,,
4216,6a27d28701bb024eb608b79f,ORD-000080,,,,,,not_found,YarnCone not found,,,
4217,6a27d28701bb024eb608b7a0,ORD-000080,,,,,,not_found,YarnCone not found,,,
4218,6a27d28701bb024eb608b7a1,ORD-000080,,,,,,not_found,YarnCone not found,,,
4219,6a27d28701bb024eb608b7a2,ORD-000080,,,,,,not_found,YarnCone not found,,,
4220,6a27d28701bb024eb608b7a3,ORD-000080,,,,,,not_found,YarnCone not found,,,
4221,6a27d28701bb024eb608b7a4,ORD-000080,,,,,,not_found,YarnCone not found,,,
4222,6a27d28701bb024eb608b7a5,ORD-000080,,,,,,not_found,YarnCone not found,,,
4223,6a27d28701bb024eb608b7a6,ORD-000080,,,,,,not_found,YarnCone not found,,,
4224,6a27d28701bb024eb608b7a7,ORD-000080,,,,,,not_found,YarnCone not found,,,
4225,6a27d28701bb024eb608b7a8,ORD-000080,,,,,,not_found,YarnCone not found,,,
4226,6a27d28701bb024eb608b7a9,ORD-000080,,,,,,not_found,YarnCone not found,,,
4227,6a27d28701bb024eb608b7aa,ORD-000080,,,,,,not_found,YarnCone not found,,,
4228,6a27d28701bb024eb608b7ab,ORD-000080,,,,,,not_found,YarnCone not found,,,
4229,6a27d28701bb024eb608b7ac,ORD-000080,,,,,,not_found,YarnCone not found,,,
4230,6a27d28701bb024eb608b7ad,ORD-000080,,,,,,not_found,YarnCone not found,,,
4231,6a27d28701bb024eb608b7ae,ORD-000080,,,,,,not_found,YarnCone not found,,,
4232,6a27d2d401bb024eb608ba3d,ORD-000080,,,,,,not_found,YarnCone not found,,,
4233,6a27d2d401bb024eb608ba3e,ORD-000080,,,,,,not_found,YarnCone not found,,,
4234,6a27d2d401bb024eb608ba3f,ORD-000080,,,,,,not_found,YarnCone not found,,,
4235,6a27d2d401bb024eb608ba40,ORD-000080,,,,,,not_found,YarnCone not found,,,
4236,6a27d2ee01bb024eb608bac1,ORD-000080,,,,,,not_found,YarnCone not found,,,
4237,6a27d39401bb024eb608bd62,ORD-000076,,,,,,not_found,YarnCone not found,,,
4238,6a27ee9e01bb024eb6091b7a,ORD-000081,,,,,,not_found,YarnCone not found,,,
4239,6a27ee9e01bb024eb6091b7b,ORD-000081,,,,,,not_found,YarnCone not found,,,
4240,6a27ee9e01bb024eb6091b7c,ORD-000081,,,,,,not_found,YarnCone not found,,,
4241,6a27ee9e01bb024eb6091b7d,ORD-000081,,,,,,not_found,YarnCone not found,,,
4242,6a27ee9e01bb024eb6091b7e,ORD-000081,,,,,,not_found,YarnCone not found,,,
4243,6a27ee9e01bb024eb6091b7f,ORD-000081,,,,,,not_found,YarnCone not found,,,
4244,6a27ee9e01bb024eb6091b80,ORD-000081,,,,,,not_found,YarnCone not found,,,
4245,6a27ee9e01bb024eb6091b81,ORD-000079,,,,,,not_found,YarnCone not found,,,
4246,6a27ee9e01bb024eb6091b82,ORD-000081,,,,,,not_found,YarnCone not found,,,
4247,6a27ee9e01bb024eb6091b83,ORD-000081,,,,,,not_found,YarnCone not found,,,
4248,6a27ee9e01bb024eb6091b84,ORD-000080,,,,,,not_found,YarnCone not found,,,
4249,6a27ee9e01bb024eb6091b85,ORD-000079,,,,,,not_found,YarnCone not found,,,
4250,6a27ee9e01bb024eb6091b86,ORD-000083,,,,,,not_found,YarnCone not found,,,
4251,6a27ee9e01bb024eb6091b87,ORD-000081,,,,,,not_found,YarnCone not found,,,
4252,6a27ee9e01bb024eb6091b88,ORD-000079,,,,,,not_found,YarnCone not found,,,
4253,6a27ee9e01bb024eb6091b89,ORD-000079,,,,,,not_found,YarnCone not found,,,
4254,6a27ee9e01bb024eb6091b8a,ORD-000079,,,,,,not_found,YarnCone not found,,,
4255,6a27ee9e01bb024eb6091b8b,ORD-000080,,,,,,not_found,YarnCone not found,,,
4256,6a27eed901bb024eb6091c8b,ORD-000079,,,,,,not_found,YarnCone not found,,,
4257,6a27eed901bb024eb6091c8c,ORD-000080,,,,,,not_found,YarnCone not found,,,
4258,6a27eed901bb024eb6091c8d,ORD-000080,,,,,,not_found,YarnCone not found,,,
4259,6a27eed901bb024eb6091c8e,ORD-000080,,,,,,not_found,YarnCone not found,,,
4260,6a27eed901bb024eb6091c8f,ORD-000080,,,,,,not_found,YarnCone not found,,,
4261,6a27eed901bb024eb6091c91,ORD-000079,,,,,,not_found,YarnCone not found,,,
4262,6a27eed901bb024eb6091c92,ORD-000079,,,,,,not_found,YarnCone not found,,,
4263,6a27eed901bb024eb6091c93,ORD-000079,,,,,,not_found,YarnCone not found,,,
4264,6a27eed901bb024eb6091c94,ORD-000079,,,,,,not_found,YarnCone not found,,,
4265,6a27eed901bb024eb6091c95,ORD-000079,,,,,,not_found,YarnCone not found,,,
4266,6a27eed901bb024eb6091c96,ORD-000079,,,,,,not_found,YarnCone not found,,,
4267,6a27eed901bb024eb6091c97,ORD-000080,,,,,,not_found,YarnCone not found,,,
4268,6a27eed901bb024eb6091c98,ORD-000068,,,,,,not_found,YarnCone not found,,,
4269,6a27eed901bb024eb6091c99,ORD-000068,,,,,,not_found,YarnCone not found,,,
4270,6a27eed901bb024eb6091c9a,ORD-000079,,,,,,not_found,YarnCone not found,,,
4271,6a27ef0301bb024eb6092329,ORD-000080,,,,,,not_found,YarnCone not found,,,
4272,6a27ef0301bb024eb609232a,ORD-000080,,,,,,not_found,YarnCone not found,,,
4273,6a27ef0301bb024eb609232c,ORD-000080,,,,,,not_found,YarnCone not found,,,
4274,6a27ef0301bb024eb6092330,ORD-000080,,,,,,not_found,YarnCone not found,,,
4275,6a27ef0301bb024eb6092332,ORD-000080,,,,,,not_found,YarnCone not found,,,
4276,6a27ef0301bb024eb6092336,ORD-000080,,,,,,not_found,YarnCone not found,,,
4277,6a27ef0301bb024eb6092337,ORD-000080,,,,,,not_found,YarnCone not found,,,
4278,6a27ef0301bb024eb6092338,ORD-000080,,,,,,not_found,YarnCone not found,,,
4279,6a27ef0301bb024eb6092339,ORD-000080,,,,,,not_found,YarnCone not found,,,
4280,6a27ef0301bb024eb609233a,ORD-000080,,,,,,not_found,YarnCone not found,,,
4281,6a27ef0301bb024eb609233b,ORD-000080,,,,,,not_found,YarnCone not found,,,
4282,6a27ef0301bb024eb609233c,ORD-000080,,,,,,not_found,YarnCone not found,,,
4283,6a27ef0301bb024eb609233d,ORD-000080,,,,,,not_found,YarnCone not found,,,
4284,6a27ef0301bb024eb609233e,ORD-000080,,,,,,not_found,YarnCone not found,,,
4285,6a27ef0301bb024eb609233f,ORD-000080,,,,,,not_found,YarnCone not found,,,
4286,6a27ef0301bb024eb6092340,ORD-000080,,,,,,not_found,YarnCone not found,,,
4287,6a27ef0301bb024eb6092341,ORD-000080,,,,,,not_found,YarnCone not found,,,
4288,6a27ef8e01bb024eb6092bcc,ORD-000070,,,,,,not_found,YarnCone not found,,,
4289,6a27ef8e01bb024eb6092bcd,ORD-000080,,,,,,not_found,YarnCone not found,,,
4290,6a27ef8e01bb024eb6092bce,ORD-000080,,,,,,not_found,YarnCone not found,,,
4291,6a27ef8e01bb024eb6092bcf,ORD-000080,,,,,,not_found,YarnCone not found,,,
4292,6a27ef8e01bb024eb6092bd0,ORD-000070,,,,,,not_found,YarnCone not found,,,
4293,6a27ef8e01bb024eb6092bd1,ORD-000080,,,,,,not_found,YarnCone not found,,,
4294,6a27ef8e01bb024eb6092bd2,ORD-000070,,,,,,not_found,YarnCone not found,,,
4295,6a27ef8e01bb024eb6092bd3,ORD-000070,,,,,,not_found,YarnCone not found,,,
4296,6a27ef8e01bb024eb6092bd4,ORD-000070,,,,,,not_found,YarnCone not found,,,
4297,6a27ef8e01bb024eb6092bd5,ORD-000080,,,,,,not_found,YarnCone not found,,,
4298,6a27ef8e01bb024eb6092bd6,ORD-000080,,,,,,not_found,YarnCone not found,,,
4299,6a27ef8e01bb024eb6092bd7,ORD-000080,,,,,,not_found,YarnCone not found,,,
4300,6a27ef8e01bb024eb6092bd8,ORD-000080,,,,,,not_found,YarnCone not found,,,
4301,6a27ef8e01bb024eb6092bd9,ORD-000080,,,,,,not_found,YarnCone not found,,,
4302,6a27ef8e01bb024eb6092bda,ORD-000080,,,,,,not_found,YarnCone not found,,,
4303,6a27ef8e01bb024eb6092bdb,ORD-000080,,,,,,not_found,YarnCone not found,,,
4304,6a27ef8e01bb024eb6092bdc,ORD-000080,,,,,,not_found,YarnCone not found,,,
4305,6a27ef8e01bb024eb6092bdd,ORD-000080,,,,,,not_found,YarnCone not found,,,
4306,6a27ef8e01bb024eb6092bde,ORD-000080,,,,,,not_found,YarnCone not found,,,
4307,6a27ef8e01bb024eb6092bdf,ORD-000080,,,,,,not_found,YarnCone not found,,,
4308,6a27ef8e01bb024eb6092be0,ORD-000080,,,,,,not_found,YarnCone not found,,,
4309,6a27ef8e01bb024eb6092be1,ORD-000080,,,,,,not_found,YarnCone not found,,,
4310,6a27ef8e01bb024eb6092be2,ORD-000080,,,,,,not_found,YarnCone not found,,,
4311,6a27ef8e01bb024eb6092be3,ORD-000080,,,,,,not_found,YarnCone not found,,,
4312,6a27ef8e01bb024eb6092be4,ORD-000080,,,,,,not_found,YarnCone not found,,,
4313,6a27ef8e01bb024eb6092be5,ORD-000080,,,,,,not_found,YarnCone not found,,,
4314,6a27ef8e01bb024eb6092be6,ORD-000080,,,,,,not_found,YarnCone not found,,,
4315,6a27ef8e01bb024eb6092be7,ORD-000080,,,,,,not_found,YarnCone not found,,,
4316,6a27ef8e01bb024eb6092be8,ORD-000080,,,,,,not_found,YarnCone not found,,,
4317,6a27ef8e01bb024eb6092be9,ORD-000070,,,,,,not_found,YarnCone not found,,,
4318,6a27ef8e01bb024eb6092bea,ORD-000080,,,,,,not_found,YarnCone not found,,,
4319,6a27ef8e01bb024eb6092beb,ORD-000080,,,,,,not_found,YarnCone not found,,,
4320,6a27ef8e01bb024eb6092bed,ORD-000080,,,,,,not_found,YarnCone not found,,,
4321,6a27ef8e01bb024eb6092bee,ORD-000080,,,,,,not_found,YarnCone not found,,,
4322,6a27ef8e01bb024eb6092bef,ORD-000080,,,,,,not_found,YarnCone not found,,,
4323,6a27ef8e01bb024eb6092bf0,ORD-000080,,,,,,not_found,YarnCone not found,,,
4324,6a27ef8e01bb024eb6092bf1,ORD-000080,,,,,,not_found,YarnCone not found,,,
4325,6a27ef8e01bb024eb6092bf2,ORD-000080,,,,,,not_found,YarnCone not found,,,
4326,6a27ef8e01bb024eb6092bf3,ORD-000080,,,,,,not_found,YarnCone not found,,,
4327,6a27ef8e01bb024eb6092bf4,ORD-000067,,,,,,not_found,YarnCone not found,,,
4328,6a27ef8e01bb024eb6092bf5,ORD-000080,,,,,,not_found,YarnCone not found,,,
4329,6a27efea01bb024eb6092f78,ORD-000079,,,,,,not_found,YarnCone not found,,,
4330,6a27efea01bb024eb6092f79,ORD-000079,,,,,,not_found,YarnCone not found,,,
4331,6a27efea01bb024eb6092f7a,ORD-000079,,,,,,not_found,YarnCone not found,,,
4332,6a27efea01bb024eb6092f7b,ORD-000079,,,,,,not_found,YarnCone not found,,,
4333,6a27efea01bb024eb6092f7c,ORD-000079,,,,,,not_found,YarnCone not found,,,
4334,6a27efea01bb024eb6092f7d,ORD-000079,,,,,,not_found,YarnCone not found,,,
4335,6a27efea01bb024eb6092f7e,ORD-000079,,,,,,not_found,YarnCone not found,,,
4336,6a27efea01bb024eb6092f7f,ORD-000079,,,,,,not_found,YarnCone not found,,,
4337,6a27efea01bb024eb6092f80,ORD-000079,,,,,,not_found,YarnCone not found,,,
4338,6a27efea01bb024eb6092f81,ORD-000079,,,,,,not_found,YarnCone not found,,,
4339,6a27efea01bb024eb6092f83,ORD-000069,,,,,,not_found,YarnCone not found,,,
4340,6a27efea01bb024eb6092f84,ORD-000079,,,,,,not_found,YarnCone not found,,,
4341,6a27efea01bb024eb6092f85,ORD-000079,,,,,,not_found,YarnCone not found,,,
4342,6a27efea01bb024eb6092f86,ORD-000079,,,,,,not_found,YarnCone not found,,,
4343,6a27efea01bb024eb6092f87,ORD-000079,,,,,,not_found,YarnCone not found,,,
4344,6a27efea01bb024eb6092f88,ORD-000069,,,,,,not_found,YarnCone not found,,,
4345,6a27efea01bb024eb6092f89,ORD-000079,,,,,,not_found,YarnCone not found,,,
4346,6a27efea01bb024eb6092f8a,ORD-000079,,,,,,not_found,YarnCone not found,,,
4347,6a27efea01bb024eb6092f8b,ORD-000069,,,,,,not_found,YarnCone not found,,,
4348,6a27efea01bb024eb6092f8c,ORD-000079,,,,,,not_found,YarnCone not found,,,
4349,6a27efea01bb024eb6092f8d,ORD-000079,,,,,,not_found,YarnCone not found,,,
4350,6a27efea01bb024eb6092f8f,ORD-000079,,,,,,not_found,YarnCone not found,,,
4351,6a27efea01bb024eb6092f90,ORD-000079,,,,,,not_found,YarnCone not found,,,
4352,6a27efea01bb024eb6092f91,ORD-000079,,,,,,not_found,YarnCone not found,,,
4353,6a27efea01bb024eb6092f92,ORD-000079,,,,,,not_found,YarnCone not found,,,
4354,6a27efea01bb024eb6092f93,ORD-000079,,,,,,not_found,YarnCone not found,,,
4355,6a27efea01bb024eb6092f94,ORD-000079,,,,,,not_found,YarnCone not found,,,
4356,6a27efea01bb024eb6092f95,ORD-000079,,,,,,not_found,YarnCone not found,,,
4357,6a27efea01bb024eb6092f96,ORD-000079,,,,,,not_found,YarnCone not found,,,
4358,6a27efea01bb024eb6092f97,ORD-000079,,,,,,not_found,YarnCone not found,,,
4359,6a27efea01bb024eb6092f98,ORD-000079,,,,,,not_found,YarnCone not found,,,
4360,6a27efea01bb024eb6092f99,ORD-000079,,,,,,not_found,YarnCone not found,,,
4361,6a27efea01bb024eb6092f9a,ORD-000079,,,,,,not_found,YarnCone not found,,,
4362,6a27efea01bb024eb6092f9b,ORD-000079,,,,,,not_found,YarnCone not found,,,
4363,6a27efea01bb024eb6092f9c,ORD-000079,,,,,,not_found,YarnCone not found,,,
4364,6a27efea01bb024eb6092f9e,ORD-000079,,,,,,not_found,YarnCone not found,,,
4365,6a27efea01bb024eb6092f9f,ORD-000079,,,,,,not_found,YarnCone not found,,,
4366,6a28015c01bb024eb609d244,ORD-000072,,,,,,not_found,YarnCone not found,,,
4367,6a28018101bb024eb609d28d,ORD-000079,,,,,,not_found,YarnCone not found,,,
4368,6a2801a001bb024eb609d2d6,ORD-000077,,,,,,not_found,YarnCone not found,,,
4369,6a28024201bb024eb609d36f,ORD-000080,,,,,,not_found,YarnCone not found,,,
4370,6a28026c01bb024eb609d3bc,ORD-000072,,,,,,not_found,YarnCone not found,,,
4371,6a28028a01bb024eb609d418,ORD-000080,,,,,,not_found,YarnCone not found,,,
4372,6a28030401bb024eb609d507,ORD-000079,,,,,,not_found,YarnCone not found,,,
4373,6a28034801bb024eb609d5f2,ORD-000077,,,,,,not_found,YarnCone not found,,,
4374,6a2803a601bb024eb609d749,ORD-000079,,,,,,not_found,YarnCone not found,,,
4375,6a2803a601bb024eb609d74c,ORD-000079,,,,,,not_found,YarnCone not found,,,
4376,6a2803a601bb024eb609d74d,ORD-000079,,,,,,not_found,YarnCone not found,,,
4377,6a2803eb01bb024eb609d7fd,ORD-000082,,,,,,not_found,YarnCone not found,,,
4378,6a2803eb01bb024eb609d7fe,ORD-000082,,,,,,not_found,YarnCone not found,,,
4379,6a28040d01bb024eb609d869,ORD-000083,,,,,,not_found,YarnCone not found,,,
4380,6a28040d01bb024eb609d86a,ORD-000079,,,,,,not_found,YarnCone not found,,,
4381,6a28040d01bb024eb609d86c,ORD-000083,,,,,,not_found,YarnCone not found,,,
4382,6a2805bc01bb024eb609dfe5,ORD-000079,,,,,,not_found,YarnCone not found,,,
4383,6a28068901bb024eb609e2c7,ORD-000079,,,,,,not_found,YarnCone not found,,,
4384,6a2806c701bb024eb609e35c,ORD-000070,,,,,,not_found,YarnCone not found,,,
4385,6a2927de390da37b47dc3cd3,ORD-000080,,,,,,not_found,YarnCone not found,,,
4386,6a29282f390da37b47dc3e4b,ORD-000082,,,,,,not_found,YarnCone not found,,,
4387,6a29282f390da37b47dc3e4c,ORD-000083,,,,,,not_found,YarnCone not found,,,
4388,6a292846390da37b47dc3e9b,ORD-000083,,,,,,not_found,YarnCone not found,,,
4389,6a29287f390da37b47dc3efc,ORD-000067,,,,,,not_found,YarnCone not found,,,
4390,6a29287f390da37b47dc3efd,ORD-000075,,,,,,not_found,YarnCone not found,,,
4391,6a29292b390da37b47dc40a6,ORD-000084,,,,,,not_found,YarnCone not found,,,
4392,6a292945390da37b47dc4110,ORD-000085,,,,,,not_found,YarnCone not found,,,
4393,6a292945390da37b47dc4111,ORD-000082,,,,,,not_found,YarnCone not found,,,
4394,6a292962390da37b47dc4180,ORD-000083,,,,,,not_found,YarnCone not found,,,
4395,6a292a12390da37b47dc4450,ORD-000080,,,,,,not_found,YarnCone not found,,,
4396,6a292a12390da37b47dc4451,ORD-000080,,,,,,not_found,YarnCone not found,,,
4397,6a292a12390da37b47dc4452,ORD-000080,,,,,,not_found,YarnCone not found,,,
4398,6a292d1672aa457ebccfaf87,ORD-000074,,,,,,not_found,YarnCone not found,,,
4399,6a292d3272aa457ebccfafd7,ORD-000079,,,,,,not_found,YarnCone not found,,,
4400,6a292d3272aa457ebccfafd8,ORD-000061,,,,,,not_found,YarnCone not found,,,
4401,6a292e854889017f8e8852db,ORD-000082,,,,,,not_found,YarnCone not found,,,
4402,6a292e854889017f8e8852dc,ORD-000082,,,,,,not_found,YarnCone not found,,,
4403,6a292ea24889017f8e885409,ORD-000080,,,,,,not_found,YarnCone not found,,,
4404,6a292ec44889017f8e885494,ORD-000084,,,,,,not_found,YarnCone not found,,,
4405,6a292ef74889017f8e8856d6,ORD-000079,,,,,,not_found,YarnCone not found,,,
4406,6a292f134889017f8e885806,ORD-000080,,,,,,not_found,YarnCone not found,,,
4407,6a292f134889017f8e885808,ORD-000086,,,,,,not_found,YarnCone not found,,,
4408,6a292f694889017f8e885ba9,ORD-000087,,,,,,not_found,YarnCone not found,,,
4409,6a292fad4889017f8e885e92,ORD-000081,,,,,,not_found,YarnCone not found,,,
4410,6a292fad4889017f8e885e93,ORD-000081,,,,,,not_found,YarnCone not found,,,
4411,6a292fad4889017f8e885e97,ORD-000081,,,,,,not_found,YarnCone not found,,,
4412,6a29367918273280fd7b822e,ORD-000061,,,,,,not_found,YarnCone not found,,,
4413,6a2937c618273280fd7b85ce,ORD-000081,,,,,,not_found,YarnCone not found,,,
4414,6a2937c618273280fd7b85cf,ORD-000081,,,,,,not_found,YarnCone not found,,,
4415,6a2937c618273280fd7b85d1,ORD-000081,,,,,,not_found,YarnCone not found,,,
4416,6a2937c618273280fd7b85d3,ORD-000080,,,,,,not_found,YarnCone not found,,,
4417,6a2937c618273280fd7b85d4,ORD-000081,,,,,,not_found,YarnCone not found,,,
4418,6a2937c618273280fd7b85d5,ORD-000081,,,,,,not_found,YarnCone not found,,,
4419,6a2937c618273280fd7b85d6,ORD-000081,,,,,,not_found,YarnCone not found,,,
4420,6a2937c618273280fd7b85d8,ORD-000080,,,,,,not_found,YarnCone not found,,,
4421,6a2937c618273280fd7b85d9,ORD-000081,,,,,,not_found,YarnCone not found,,,
4422,6a2937c618273280fd7b85da,ORD-000081,,,,,,not_found,YarnCone not found,,,
4423,6a2937c618273280fd7b85dc,ORD-000080,,,,,,not_found,YarnCone not found,,,
4424,6a2937c618273280fd7b85dd,ORD-000081,,,,,,not_found,YarnCone not found,,,
4425,6a2937c618273280fd7b85de,ORD-000081,,,,,,not_found,YarnCone not found,,,
4426,6a2937c618273280fd7b85df,ORD-000081,,,,,,not_found,YarnCone not found,,,
4427,6a2937c618273280fd7b85e0,ORD-000080,,,,,,not_found,YarnCone not found,,,
4428,6a2937c618273280fd7b85e1,ORD-000081,,,,,,not_found,YarnCone not found,,,
4429,6a2937c618273280fd7b85e2,ORD-000081,,,,,,not_found,YarnCone not found,,,
4430,6a2937c618273280fd7b85e3,ORD-000081,,,,,,not_found,YarnCone not found,,,
4431,6a2937c618273280fd7b85e4,ORD-000081,,,,,,not_found,YarnCone not found,,,
4432,6a2937c618273280fd7b85e5,ORD-000081,,,,,,not_found,YarnCone not found,,,
4433,6a2937c618273280fd7b85e6,ORD-000081,,,,,,not_found,YarnCone not found,,,
4434,6a2937c618273280fd7b85e7,ORD-000081,,,,,,not_found,YarnCone not found,,,
4435,6a2937c618273280fd7b85e8,ORD-000081,,,,,,not_found,YarnCone not found,,,
4436,6a2937c618273280fd7b85e9,ORD-000081,,,,,,not_found,YarnCone not found,,,
4437,6a2937c618273280fd7b85ea,ORD-000081,,,,,,not_found,YarnCone not found,,,
4438,6a2937c618273280fd7b85eb,ORD-000081,,,,,,not_found,YarnCone not found,,,
4439,6a2937c618273280fd7b85ec,ORD-000081,,,,,,not_found,YarnCone not found,,,
4440,6a2937c618273280fd7b85ed,ORD-000081,,,,,,not_found,YarnCone not found,,,
4441,6a2937c618273280fd7b85ee,ORD-000081,,,,,,not_found,YarnCone not found,,,
4442,6a2937c618273280fd7b85ef,ORD-000081,,,,,,not_found,YarnCone not found,,,
4443,6a2937c618273280fd7b85f0,ORD-000081,,,,,,not_found,YarnCone not found,,,
4444,6a2937c618273280fd7b85f2,ORD-000081,,,,,,not_found,YarnCone not found,,,
4445,6a2937c618273280fd7b85f3,ORD-000081,,,,,,not_found,YarnCone not found,,,
4446,6a2937c618273280fd7b85f4,ORD-000081,,,,,,not_found,YarnCone not found,,,
4447,6a2937c618273280fd7b85f5,ORD-000080,,,,,,not_found,YarnCone not found,,,
4448,6a2937f018273280fd7b881e,ORD-000080,,,,,,not_found,YarnCone not found,,,
4449,6a2937f018273280fd7b881f,ORD-000080,,,,,,not_found,YarnCone not found,,,
4450,6a2937f018273280fd7b8820,ORD-000080,,,,,,not_found,YarnCone not found,,,
4451,6a2937f018273280fd7b8821,ORD-000080,,,,,,not_found,YarnCone not found,,,
4452,6a2937f018273280fd7b8822,ORD-000080,,,,,,not_found,YarnCone not found,,,
4453,6a2937f018273280fd7b8823,ORD-000080,,,,,,not_found,YarnCone not found,,,
4454,6a2937f018273280fd7b8824,ORD-000080,,,,,,not_found,YarnCone not found,,,
4455,6a2937f018273280fd7b8825,ORD-000080,,,,,,not_found,YarnCone not found,,,
4456,6a2937f018273280fd7b8826,ORD-000080,,,,,,not_found,YarnCone not found,,,
4457,6a2937f018273280fd7b8827,ORD-000080,,,,,,not_found,YarnCone not found,,,
4458,6a2937f018273280fd7b8828,ORD-000080,,,,,,not_found,YarnCone not found,,,
4459,6a2937f018273280fd7b8829,ORD-000080,,,,,,not_found,YarnCone not found,,,
4460,6a2937f018273280fd7b882a,ORD-000080,,,,,,not_found,YarnCone not found,,,
4461,6a2937f018273280fd7b882b,ORD-000080,,,,,,not_found,YarnCone not found,,,
4462,6a2937f018273280fd7b882c,ORD-000080,,,,,,not_found,YarnCone not found,,,
4463,6a2937f018273280fd7b882d,ORD-000080,,,,,,not_found,YarnCone not found,,,
4464,6a2937f018273280fd7b882e,ORD-000080,,,,,,not_found,YarnCone not found,,,
4465,6a2937f018273280fd7b882f,ORD-000080,,,,,,not_found,YarnCone not found,,,
4466,6a2937f018273280fd7b8830,ORD-000080,,,,,,not_found,YarnCone not found,,,
4467,6a2937f018273280fd7b8831,ORD-000080,,,,,,not_found,YarnCone not found,,,
4468,6a2937f018273280fd7b8832,ORD-000080,,,,,,not_found,YarnCone not found,,,
4469,6a2937f018273280fd7b8833,ORD-000080,,,,,,not_found,YarnCone not found,,,
4470,6a2937f018273280fd7b8834,ORD-000080,,,,,,not_found,YarnCone not found,,,
4471,6a2937f018273280fd7b8835,ORD-000080,,,,,,not_found,YarnCone not found,,,
4472,6a2937f018273280fd7b8836,ORD-000080,,,,,,not_found,YarnCone not found,,,
4473,6a2937f018273280fd7b8837,ORD-000080,,,,,,not_found,YarnCone not found,,,
4474,6a2937f018273280fd7b8838,ORD-000080,,,,,,not_found,YarnCone not found,,,
4475,6a2937f018273280fd7b8839,ORD-000080,,,,,,not_found,YarnCone not found,,,
4476,6a2937f018273280fd7b883a,ORD-000080,,,,,,not_found,YarnCone not found,,,
4477,6a2937f018273280fd7b883b,ORD-000080,,,,,,not_found,YarnCone not found,,,
4478,6a2937f018273280fd7b883c,ORD-000080,,,,,,not_found,YarnCone not found,,,
4479,6a2937f018273280fd7b883d,ORD-000080,,,,,,not_found,YarnCone not found,,,
4480,6a2937f018273280fd7b883e,ORD-000080,,,,,,not_found,YarnCone not found,,,
4481,6a2937f018273280fd7b883f,ORD-000080,,,,,,not_found,YarnCone not found,,,
4482,6a2937f018273280fd7b8840,ORD-000080,,,,,,not_found,YarnCone not found,,,
4483,6a2937f018273280fd7b8841,ORD-000080,,,,,,not_found,YarnCone not found,,,
4484,6a2937f018273280fd7b8842,ORD-000080,,,,,,not_found,YarnCone not found,,,
4485,6a2937f018273280fd7b8843,ORD-000080,,,,,,not_found,YarnCone not found,,,
4486,6a2937f018273280fd7b8844,ORD-000080,,,,,,not_found,YarnCone not found,,,
4487,6a2937f018273280fd7b8845,ORD-000080,,,,,,not_found,YarnCone not found,,,
4488,6a29386318273280fd7b89f7,ORD-000080,,,,,,not_found,YarnCone not found,,,
4489,6a29386318273280fd7b89f8,ORD-000080,,,,,,not_found,YarnCone not found,,,
4490,6a29386318273280fd7b89f9,ORD-000080,,,,,,not_found,YarnCone not found,,,
4491,6a29386318273280fd7b89fa,ORD-000080,,,,,,not_found,YarnCone not found,,,
4492,6a29386318273280fd7b89fb,ORD-000080,,,,,,not_found,YarnCone not found,,,
4493,6a29386318273280fd7b89fc,ORD-000080,,,,,,not_found,YarnCone not found,,,
4494,6a29386318273280fd7b89fd,ORD-000080,,,,,,not_found,YarnCone not found,,,
4495,6a29386318273280fd7b89fe,ORD-000080,,,,,,not_found,YarnCone not found,,,
4496,6a29386318273280fd7b89ff,ORD-000080,,,,,,not_found,YarnCone not found,,,
4497,6a29386318273280fd7b8a00,ORD-000080,,,,,,not_found,YarnCone not found,,,
4498,6a29386318273280fd7b8a01,ORD-000080,,,,,,not_found,YarnCone not found,,,
4499,6a29386318273280fd7b8a02,ORD-000080,,,,,,not_found,YarnCone not found,,,
4500,6a29386318273280fd7b8a03,ORD-000080,,,,,,not_found,YarnCone not found,,,
4501,6a29386318273280fd7b8a04,ORD-000080,,,,,,not_found,YarnCone not found,,,
4502,6a29386318273280fd7b8a05,ORD-000080,,,,,,not_found,YarnCone not found,,,
4503,6a29386318273280fd7b8a06,ORD-000080,,,,,,not_found,YarnCone not found,,,
4504,6a29386318273280fd7b8a07,ORD-000080,,,,,,not_found,YarnCone not found,,,
4505,6a29386318273280fd7b8a08,ORD-000080,,,,,,not_found,YarnCone not found,,,
4506,6a29386318273280fd7b8a09,ORD-000080,,,,,,not_found,YarnCone not found,,,
4507,6a29386318273280fd7b8a0a,ORD-000080,,,,,,not_found,YarnCone not found,,,
4508,6a29386318273280fd7b8a0b,ORD-000080,,,,,,not_found,YarnCone not found,,,
4509,6a29386318273280fd7b8a0c,ORD-000080,,,,,,not_found,YarnCone not found,,,
4510,6a29386318273280fd7b8a0d,ORD-000080,,,,,,not_found,YarnCone not found,,,
4511,6a29386318273280fd7b8a0e,ORD-000080,,,,,,not_found,YarnCone not found,,,
4512,6a29386318273280fd7b8a0f,ORD-000080,,,,,,not_found,YarnCone not found,,,
4513,6a29386318273280fd7b8a10,ORD-000080,,,,,,not_found,YarnCone not found,,,
4514,6a29386318273280fd7b8a11,ORD-000080,,,,,,not_found,YarnCone not found,,,
4515,6a29386318273280fd7b8a12,ORD-000080,,,,,,not_found,YarnCone not found,,,
4516,6a29386318273280fd7b8a13,ORD-000080,,,,,,not_found,YarnCone not found,,,
4517,6a29386318273280fd7b8a14,ORD-000080,,,,,,not_found,YarnCone not found,,,
4518,6a29386318273280fd7b8a15,ORD-000080,,,,,,not_found,YarnCone not found,,,
4519,6a29386318273280fd7b8a16,ORD-000080,,,,,,not_found,YarnCone not found,,,
4520,6a29386318273280fd7b8a17,ORD-000080,,,,,,not_found,YarnCone not found,,,
4521,6a29386318273280fd7b8a18,ORD-000080,,,,,,not_found,YarnCone not found,,,
4522,6a29386318273280fd7b8a19,ORD-000080,,,,,,not_found,YarnCone not found,,,
4523,6a29386318273280fd7b8a1a,ORD-000080,,,,,,not_found,YarnCone not found,,,
4524,6a29386318273280fd7b8a1c,ORD-000080,,,,,,not_found,YarnCone not found,,,
4525,6a29386318273280fd7b8a1d,ORD-000080,,,,,,not_found,YarnCone not found,,,
4526,6a29386318273280fd7b8a1e,ORD-000080,,,,,,not_found,YarnCone not found,,,
4527,6a29387918273280fd7b8b50,ORD-000081,,,,,,not_found,YarnCone not found,,,
4528,6a29387918273280fd7b8b51,ORD-000081,,,,,,not_found,YarnCone not found,,,
4529,6a29387918273280fd7b8b52,ORD-000081,,,,,,not_found,YarnCone not found,,,
4530,6a29387918273280fd7b8b53,ORD-000081,,,,,,not_found,YarnCone not found,,,
4531,6a29387918273280fd7b8b54,ORD-000081,,,,,,not_found,YarnCone not found,,,
4532,6a29387918273280fd7b8b55,ORD-000081,,,,,,not_found,YarnCone not found,,,
4533,6a29387918273280fd7b8b56,ORD-000081,,,,,,not_found,YarnCone not found,,,
4534,6a29387918273280fd7b8b57,ORD-000081,,,,,,not_found,YarnCone not found,,,
4535,6a29387918273280fd7b8b58,ORD-000081,,,,,,not_found,YarnCone not found,,,
4536,6a29387918273280fd7b8b59,ORD-000081,,,,,,not_found,YarnCone not found,,,
4537,6a29387918273280fd7b8b5a,ORD-000081,,,,,,not_found,YarnCone not found,,,
4538,6a29387918273280fd7b8b5b,ORD-000081,,,,,,not_found,YarnCone not found,,,
4539,6a29387918273280fd7b8b5c,ORD-000081,,,,,,not_found,YarnCone not found,,,
4540,6a29387918273280fd7b8b5d,ORD-000081,,,,,,not_found,YarnCone not found,,,
4541,6a29387918273280fd7b8b5e,ORD-000081,,,,,,not_found,YarnCone not found,,,
4542,6a29387918273280fd7b8b5f,ORD-000081,,,,,,not_found,YarnCone not found,,,
4543,6a29387918273280fd7b8b61,ORD-000081,,,,,,not_found,YarnCone not found,,,
4544,6a29387918273280fd7b8b62,ORD-000081,,,,,,not_found,YarnCone not found,,,
4545,6a29387918273280fd7b8b63,ORD-000081,,,,,,not_found,YarnCone not found,,,
4546,6a29387918273280fd7b8b64,ORD-000081,,,,,,not_found,YarnCone not found,,,
4547,6a29387918273280fd7b8b65,ORD-000081,,,,,,not_found,YarnCone not found,,,
4548,6a29387918273280fd7b8b66,ORD-000081,,,,,,not_found,YarnCone not found,,,
4549,6a29387918273280fd7b8b68,ORD-000081,,,,,,not_found,YarnCone not found,,,
4550,6a29387918273280fd7b8b69,ORD-000081,,,,,,not_found,YarnCone not found,,,
4551,6a29387918273280fd7b8b6a,ORD-000081,,,,,,not_found,YarnCone not found,,,
4552,6a29387918273280fd7b8b6b,ORD-000081,,,,,,not_found,YarnCone not found,,,
4553,6a29387918273280fd7b8b6c,ORD-000081,,,,,,not_found,YarnCone not found,,,
4554,6a29387918273280fd7b8b6d,ORD-000081,,,,,,not_found,YarnCone not found,,,
4555,6a29387918273280fd7b8b6e,ORD-000081,,,,,,not_found,YarnCone not found,,,
4556,6a29387918273280fd7b8b6f,ORD-000081,,,,,,not_found,YarnCone not found,,,
4557,6a29387918273280fd7b8b70,ORD-000081,,,,,,not_found,YarnCone not found,,,
4558,6a29387918273280fd7b8b71,ORD-000081,,,,,,not_found,YarnCone not found,,,
4559,6a29387918273280fd7b8b72,ORD-000081,,,,,,not_found,YarnCone not found,,,
4560,6a29387918273280fd7b8b73,ORD-000081,,,,,,not_found,YarnCone not found,,,
4561,6a29387918273280fd7b8b74,ORD-000081,,,,,,not_found,YarnCone not found,,,
4562,6a29387918273280fd7b8b75,ORD-000081,,,,,,not_found,YarnCone not found,,,
4563,6a29387918273280fd7b8b76,ORD-000081,,,,,,not_found,YarnCone not found,,,
4564,6a29387918273280fd7b8b77,ORD-000081,,,,,,not_found,YarnCone not found,,,
4565,6a29390918273280fd7b8cfa,ORD-000080,,,,,,not_found,YarnCone not found,,,
4566,6a29390918273280fd7b8cfb,ORD-000080,,,,,,not_found,YarnCone not found,,,
4567,6a29390918273280fd7b8cfc,ORD-000080,,,,,,not_found,YarnCone not found,,,
4568,6a29390918273280fd7b8cfd,ORD-000080,,,,,,not_found,YarnCone not found,,,
4569,6a29390918273280fd7b8cfe,ORD-000080,,,,,,not_found,YarnCone not found,,,
4570,6a29390918273280fd7b8cff,ORD-000080,,,,,,not_found,YarnCone not found,,,
4571,6a29390918273280fd7b8d00,ORD-000080,,,,,,not_found,YarnCone not found,,,
4572,6a29390918273280fd7b8d01,ORD-000080,,,,,,not_found,YarnCone not found,,,
4573,6a29390918273280fd7b8d02,ORD-000080,,,,,,not_found,YarnCone not found,,,
4574,6a29390918273280fd7b8d03,ORD-000080,,,,,,not_found,YarnCone not found,,,
4575,6a29390918273280fd7b8d04,ORD-000080,,,,,,not_found,YarnCone not found,,,
4576,6a29390918273280fd7b8d05,ORD-000080,,,,,,not_found,YarnCone not found,,,
4577,6a29390918273280fd7b8d06,ORD-000080,,,,,,not_found,YarnCone not found,,,
4578,6a29390918273280fd7b8d07,ORD-000080,,,,,,not_found,YarnCone not found,,,
4579,6a29390918273280fd7b8d08,ORD-000080,,,,,,not_found,YarnCone not found,,,
4580,6a29390918273280fd7b8d09,ORD-000080,,,,,,not_found,YarnCone not found,,,
4581,6a29390918273280fd7b8d0a,ORD-000080,,,,,,not_found,YarnCone not found,,,
4582,6a29390918273280fd7b8d0b,ORD-000080,,,,,,not_found,YarnCone not found,,,
4583,6a29390918273280fd7b8d0c,ORD-000080,,,,,,not_found,YarnCone not found,,,
4584,6a29390918273280fd7b8d0d,ORD-000080,,,,,,not_found,YarnCone not found,,,
4585,6a29390918273280fd7b8d0e,ORD-000080,,,,,,not_found,YarnCone not found,,,
4586,6a29390918273280fd7b8d0f,ORD-000080,,,,,,not_found,YarnCone not found,,,
4587,6a29390918273280fd7b8d10,ORD-000080,,,,,,not_found,YarnCone not found,,,
4588,6a29390918273280fd7b8d11,ORD-000080,,,,,,not_found,YarnCone not found,,,
4589,6a29390918273280fd7b8d13,ORD-000080,,,,,,not_found,YarnCone not found,,,
4590,6a29390918273280fd7b8d14,ORD-000080,,,,,,not_found,YarnCone not found,,,
4591,6a29390918273280fd7b8d15,ORD-000080,,,,,,not_found,YarnCone not found,,,
4592,6a29390918273280fd7b8d16,ORD-000080,,,,,,not_found,YarnCone not found,,,
4593,6a29390918273280fd7b8d17,ORD-000080,,,,,,not_found,YarnCone not found,,,
4594,6a29390918273280fd7b8d18,ORD-000080,,,,,,not_found,YarnCone not found,,,
4595,6a29390918273280fd7b8d19,ORD-000080,,,,,,not_found,YarnCone not found,,,
4596,6a29390918273280fd7b8d1a,ORD-000080,,,,,,not_found,YarnCone not found,,,
4597,6a29390918273280fd7b8d1c,ORD-000080,,,,,,not_found,YarnCone not found,,,
4598,6a29390918273280fd7b8d1d,ORD-000080,,,,,,not_found,YarnCone not found,,,
4599,6a29390918273280fd7b8d1e,ORD-000080,,,,,,not_found,YarnCone not found,,,
4600,6a29390918273280fd7b8d1f,ORD-000080,,,,,,not_found,YarnCone not found,,,
4601,6a29390918273280fd7b8d20,ORD-000080,,,,,,not_found,YarnCone not found,,,
4602,6a29390918273280fd7b8d21,ORD-000080,,,,,,not_found,YarnCone not found,,,
4603,6a29393218273280fd7b8e53,ORD-000080,,,,,,not_found,YarnCone not found,,,
4604,6a29393218273280fd7b8e54,ORD-000080,,,,,,not_found,YarnCone not found,,,
4605,6a29393218273280fd7b8e55,ORD-000080,,,,,,not_found,YarnCone not found,,,
4606,6a29393218273280fd7b8e56,ORD-000080,,,,,,not_found,YarnCone not found,,,
4607,6a29393218273280fd7b8e57,ORD-000080,,,,,,not_found,YarnCone not found,,,
4608,6a29393218273280fd7b8e58,ORD-000080,,,,,,not_found,YarnCone not found,,,
4609,6a29393218273280fd7b8e59,ORD-000080,,,,,,not_found,YarnCone not found,,,
4610,6a29393218273280fd7b8e5a,ORD-000080,,,,,,not_found,YarnCone not found,,,
4611,6a29393218273280fd7b8e5b,ORD-000080,,,,,,not_found,YarnCone not found,,,
4612,6a29393218273280fd7b8e5c,ORD-000080,,,,,,not_found,YarnCone not found,,,
4613,6a29393218273280fd7b8e5d,ORD-000080,,,,,,not_found,YarnCone not found,,,
4614,6a29393218273280fd7b8e5e,ORD-000080,,,,,,not_found,YarnCone not found,,,
4615,6a29393218273280fd7b8e5f,ORD-000080,,,,,,not_found,YarnCone not found,,,
4616,6a29393218273280fd7b8e60,ORD-000080,,,,,,not_found,YarnCone not found,,,
4617,6a29393218273280fd7b8e61,ORD-000080,,,,,,not_found,YarnCone not found,,,
4618,6a29393218273280fd7b8e62,ORD-000080,,,,,,not_found,YarnCone not found,,,
4619,6a29393218273280fd7b8e63,ORD-000080,,,,,,not_found,YarnCone not found,,,
4620,6a29393218273280fd7b8e64,ORD-000080,,,,,,not_found,YarnCone not found,,,
4621,6a29393218273280fd7b8e65,ORD-000080,,,,,,not_found,YarnCone not found,,,
4622,6a29393218273280fd7b8e66,ORD-000080,,,,,,not_found,YarnCone not found,,,
4623,6a29393218273280fd7b8e67,ORD-000080,,,,,,not_found,YarnCone not found,,,
4624,6a29393218273280fd7b8e68,ORD-000080,,,,,,not_found,YarnCone not found,,,
4625,6a29393218273280fd7b8e69,ORD-000080,,,,,,not_found,YarnCone not found,,,
4626,6a29393218273280fd7b8e6a,ORD-000080,,,,,,not_found,YarnCone not found,,,
4627,6a29393218273280fd7b8e6b,ORD-000080,,,,,,not_found,YarnCone not found,,,
4628,6a29393218273280fd7b8e6c,ORD-000080,,,,,,not_found,YarnCone not found,,,
4629,6a29393218273280fd7b8e6d,ORD-000080,,,,,,not_found,YarnCone not found,,,
4630,6a29393218273280fd7b8e6e,ORD-000080,,,,,,not_found,YarnCone not found,,,
4631,6a29393218273280fd7b8e6f,ORD-000080,,,,,,not_found,YarnCone not found,,,
4632,6a29393218273280fd7b8e70,ORD-000080,,,,,,not_found,YarnCone not found,,,
4633,6a29393218273280fd7b8e71,ORD-000080,,,,,,not_found,YarnCone not found,,,
4634,6a29393218273280fd7b8e72,ORD-000080,,,,,,not_found,YarnCone not found,,,
4635,6a29393218273280fd7b8e73,ORD-000080,,,,,,not_found,YarnCone not found,,,
4636,6a29393218273280fd7b8e74,ORD-000080,,,,,,not_found,YarnCone not found,,,
4637,6a29393218273280fd7b8e75,ORD-000080,,,,,,not_found,YarnCone not found,,,
4638,6a29393218273280fd7b8e76,ORD-000080,,,,,,not_found,YarnCone not found,,,
4639,6a29393218273280fd7b8e77,ORD-000080,,,,,,not_found,YarnCone not found,,,
4640,6a29393218273280fd7b8e78,ORD-000080,,,,,,not_found,YarnCone not found,,,
4641,6a29393218273280fd7b8e79,ORD-000080,,,,,,not_found,YarnCone not found,,,
4642,6a29393218273280fd7b8e7a,ORD-000080,,,,,,not_found,YarnCone not found,,,
4643,6a29396318273280fd7b8fac,ORD-000080,,,,,,not_found,YarnCone not found,,,
4644,6a29396318273280fd7b8fad,ORD-000080,,,,,,not_found,YarnCone not found,,,
4645,6a29396318273280fd7b8fae,ORD-000080,,,,,,not_found,YarnCone not found,,,
4646,6a29396318273280fd7b8faf,ORD-000080,,,,,,not_found,YarnCone not found,,,
4647,6a29396318273280fd7b8fb0,ORD-000080,,,,,,not_found,YarnCone not found,,,
4648,6a29396318273280fd7b8fb1,ORD-000080,,,,,,not_found,YarnCone not found,,,
4649,6a29396318273280fd7b8fb2,ORD-000080,,,,,,not_found,YarnCone not found,,,
4650,6a29396318273280fd7b8fb3,ORD-000080,,,,,,not_found,YarnCone not found,,,
4651,6a29396318273280fd7b8fb4,ORD-000080,,,,,,not_found,YarnCone not found,,,
4652,6a29396318273280fd7b8fb6,ORD-000080,,,,,,not_found,YarnCone not found,,,
4653,6a29396318273280fd7b8fb7,ORD-000080,,,,,,not_found,YarnCone not found,,,
4654,6a29396318273280fd7b8fb8,ORD-000080,,,,,,not_found,YarnCone not found,,,
4655,6a29396318273280fd7b8fb9,ORD-000080,,,,,,not_found,YarnCone not found,,,
4656,6a29396318273280fd7b8fba,ORD-000080,,,,,,not_found,YarnCone not found,,,
4657,6a29396318273280fd7b8fbb,ORD-000080,,,,,,not_found,YarnCone not found,,,
4658,6a29396318273280fd7b8fbc,ORD-000080,,,,,,not_found,YarnCone not found,,,
4659,6a29396318273280fd7b8fbd,ORD-000080,,,,,,not_found,YarnCone not found,,,
4660,6a29396318273280fd7b8fbe,ORD-000080,,,,,,not_found,YarnCone not found,,,
4661,6a29396318273280fd7b8fbf,ORD-000080,,,,,,not_found,YarnCone not found,,,
4662,6a29396318273280fd7b8fc0,ORD-000080,,,,,,not_found,YarnCone not found,,,
4663,6a29396318273280fd7b8fc1,ORD-000080,,,,,,not_found,YarnCone not found,,,
4664,6a29396318273280fd7b8fc2,ORD-000080,,,,,,not_found,YarnCone not found,,,
4665,6a29396318273280fd7b8fc3,ORD-000080,,,,,,not_found,YarnCone not found,,,
4666,6a29396318273280fd7b8fc4,ORD-000080,,,,,,not_found,YarnCone not found,,,
4667,6a29396318273280fd7b8fc5,ORD-000080,,,,,,not_found,YarnCone not found,,,
4668,6a29396318273280fd7b8fc6,ORD-000080,,,,,,not_found,YarnCone not found,,,
4669,6a29396318273280fd7b8fc7,ORD-000080,,,,,,not_found,YarnCone not found,,,
4670,6a29396318273280fd7b8fc8,ORD-000080,,,,,,not_found,YarnCone not found,,,
4671,6a29396318273280fd7b8fc9,ORD-000080,,,,,,not_found,YarnCone not found,,,
4672,6a29396318273280fd7b8fca,ORD-000080,,,,,,not_found,YarnCone not found,,,
4673,6a29396318273280fd7b8fcb,ORD-000080,,,,,,not_found,YarnCone not found,,,
4674,6a29396318273280fd7b8fcc,ORD-000080,,,,,,not_found,YarnCone not found,,,
4675,6a29396318273280fd7b8fce,ORD-000080,,,,,,not_found,YarnCone not found,,,
4676,6a29396318273280fd7b8fcf,ORD-000080,,,,,,not_found,YarnCone not found,,,
4677,6a29396318273280fd7b8fd0,ORD-000080,,,,,,not_found,YarnCone not found,,,
4678,6a29396318273280fd7b8fd1,ORD-000080,,,,,,not_found,YarnCone not found,,,
4679,6a29396318273280fd7b8fd2,ORD-000080,,,,,,not_found,YarnCone not found,,,
4680,6a29396318273280fd7b8fd3,ORD-000080,,,,,,not_found,YarnCone not found,,,
4681,6a29398018273280fd7b9105,ORD-000080,,,,,,not_found,YarnCone not found,,,
4682,6a29398018273280fd7b9106,ORD-000080,,,,,,not_found,YarnCone not found,,,
4683,6a29398018273280fd7b9107,ORD-000080,,,,,,not_found,YarnCone not found,,,
4684,6a29398018273280fd7b9108,ORD-000080,,,,,,not_found,YarnCone not found,,,
4685,6a29398018273280fd7b9109,ORD-000080,,,,,,not_found,YarnCone not found,,,
4686,6a29398018273280fd7b910a,ORD-000080,,,,,,not_found,YarnCone not found,,,
4687,6a29398018273280fd7b910b,ORD-000080,,,,,,not_found,YarnCone not found,,,
4688,6a29398018273280fd7b910c,ORD-000080,,,,,,not_found,YarnCone not found,,,
4689,6a29398018273280fd7b910d,ORD-000080,,,,,,not_found,YarnCone not found,,,
4690,6a29398018273280fd7b910e,ORD-000080,,,,,,not_found,YarnCone not found,,,
4691,6a29398018273280fd7b910f,ORD-000080,,,,,,not_found,YarnCone not found,,,
4692,6a29398018273280fd7b9110,ORD-000080,,,,,,not_found,YarnCone not found,,,
4693,6a29398018273280fd7b9111,ORD-000080,,,,,,not_found,YarnCone not found,,,
4694,6a29398018273280fd7b9112,ORD-000080,,,,,,not_found,YarnCone not found,,,
4695,6a29398018273280fd7b9113,ORD-000080,,,,,,not_found,YarnCone not found,,,
4696,6a29398018273280fd7b9116,ORD-000080,,,,,,not_found,YarnCone not found,,,
4697,6a29398018273280fd7b9117,ORD-000080,,,,,,not_found,YarnCone not found,,,
4698,6a29398018273280fd7b9118,ORD-000080,,,,,,not_found,YarnCone not found,,,
4699,6a29398018273280fd7b9119,ORD-000080,,,,,,not_found,YarnCone not found,,,
4700,6a29398018273280fd7b911a,ORD-000080,,,,,,not_found,YarnCone not found,,,
4701,6a29398018273280fd7b911b,ORD-000080,,,,,,not_found,YarnCone not found,,,
4702,6a29398018273280fd7b911c,ORD-000080,,,,,,not_found,YarnCone not found,,,
4703,6a29398018273280fd7b911d,ORD-000080,,,,,,not_found,YarnCone not found,,,
4704,6a29398018273280fd7b911e,ORD-000080,,,,,,not_found,YarnCone not found,,,
4705,6a29398018273280fd7b9120,ORD-000080,,,,,,not_found,YarnCone not found,,,
4706,6a29398018273280fd7b9121,ORD-000080,,,,,,not_found,YarnCone not found,,,
4707,6a29398018273280fd7b9122,ORD-000080,,,,,,not_found,YarnCone not found,,,
4708,6a29398018273280fd7b9123,ORD-000080,,,,,,not_found,YarnCone not found,,,
4709,6a29398018273280fd7b9124,ORD-000080,,,,,,not_found,YarnCone not found,,,
4710,6a29398018273280fd7b9125,ORD-000080,,,,,,not_found,YarnCone not found,,,
4711,6a29398018273280fd7b9126,ORD-000080,,,,,,not_found,YarnCone not found,,,
4712,6a29398018273280fd7b9127,ORD-000080,,,,,,not_found,YarnCone not found,,,
4713,6a29398018273280fd7b9128,ORD-000080,,,,,,not_found,YarnCone not found,,,
4714,6a29398018273280fd7b9129,ORD-000080,,,,,,not_found,YarnCone not found,,,
4715,6a29398018273280fd7b912a,ORD-000080,,,,,,not_found,YarnCone not found,,,
4716,6a29398018273280fd7b912b,ORD-000080,,,,,,not_found,YarnCone not found,,,
4717,6a29398018273280fd7b912c,ORD-000080,,,,,,not_found,YarnCone not found,,,
4718,6a2939ad18273280fd7b925e,ORD-000080,,,,,,not_found,YarnCone not found,,,
4719,6a2939ad18273280fd7b925f,ORD-000080,,,,,,not_found,YarnCone not found,,,
4720,6a2939ad18273280fd7b9260,ORD-000080,,,,,,not_found,YarnCone not found,,,
4721,6a2939ad18273280fd7b9261,ORD-000080,,,,,,not_found,YarnCone not found,,,
4722,6a2939ad18273280fd7b9262,ORD-000080,,,,,,not_found,YarnCone not found,,,
4723,6a2939ad18273280fd7b9263,ORD-000080,,,,,,not_found,YarnCone not found,,,
4724,6a2939ad18273280fd7b9264,ORD-000080,,,,,,not_found,YarnCone not found,,,
4725,6a2939ad18273280fd7b9265,ORD-000080,,,,,,not_found,YarnCone not found,,,
4726,6a2939ad18273280fd7b9266,ORD-000080,,,,,,not_found,YarnCone not found,,,
4727,6a2939ad18273280fd7b9267,ORD-000080,,,,,,not_found,YarnCone not found,,,
4728,6a2939ad18273280fd7b9268,ORD-000080,,,,,,not_found,YarnCone not found,,,
4729,6a2939ad18273280fd7b9269,ORD-000080,,,,,,not_found,YarnCone not found,,,
4730,6a2939ad18273280fd7b926a,ORD-000080,,,,,,not_found,YarnCone not found,,,
4731,6a2939ad18273280fd7b926b,ORD-000080,,,,,,not_found,YarnCone not found,,,
4732,6a2939ad18273280fd7b926e,ORD-000080,,,,,,not_found,YarnCone not found,,,
4733,6a2939ad18273280fd7b926f,ORD-000080,,,,,,not_found,YarnCone not found,,,
4734,6a2939ad18273280fd7b9270,ORD-000080,,,,,,not_found,YarnCone not found,,,
4735,6a2939ad18273280fd7b9271,ORD-000080,,,,,,not_found,YarnCone not found,,,
4736,6a2939ad18273280fd7b9272,ORD-000080,,,,,,not_found,YarnCone not found,,,
4737,6a2939ad18273280fd7b9273,ORD-000080,,,,,,not_found,YarnCone not found,,,
4738,6a2939ad18273280fd7b9274,ORD-000080,,,,,,not_found,YarnCone not found,,,
4739,6a2939ad18273280fd7b9275,ORD-000080,,,,,,not_found,YarnCone not found,,,
4740,6a2939ad18273280fd7b9276,ORD-000080,,,,,,not_found,YarnCone not found,,,
4741,6a2939ad18273280fd7b9277,ORD-000080,,,,,,not_found,YarnCone not found,,,
4742,6a2939ad18273280fd7b9279,ORD-000080,,,,,,not_found,YarnCone not found,,,
4743,6a2939ad18273280fd7b927a,ORD-000080,,,,,,not_found,YarnCone not found,,,
4744,6a2939ad18273280fd7b927b,ORD-000080,,,,,,not_found,YarnCone not found,,,
4745,6a2939ad18273280fd7b927c,ORD-000080,,,,,,not_found,YarnCone not found,,,
4746,6a2939ad18273280fd7b927d,ORD-000080,,,,,,not_found,YarnCone not found,,,
4747,6a2939ad18273280fd7b927e,ORD-000080,,,,,,not_found,YarnCone not found,,,
4748,6a2939ad18273280fd7b927f,ORD-000080,,,,,,not_found,YarnCone not found,,,
4749,6a2939ad18273280fd7b9280,ORD-000080,,,,,,not_found,YarnCone not found,,,
4750,6a2939ad18273280fd7b9281,ORD-000080,,,,,,not_found,YarnCone not found,,,
4751,6a2939ad18273280fd7b9282,ORD-000080,,,,,,not_found,YarnCone not found,,,
4752,6a2939ad18273280fd7b9283,ORD-000080,,,,,,not_found,YarnCone not found,,,
4753,6a2939ad18273280fd7b9284,ORD-000080,,,,,,not_found,YarnCone not found,,,
4754,6a2939ad18273280fd7b9285,ORD-000080,,,,,,not_found,YarnCone not found,,,
4755,6a29498bbbfb24833d49a84d,ORD-000082,,,,,,not_found,YarnCone not found,,,
4756,6a29498bbbfb24833d49a84f,ORD-000082,,,,,,not_found,YarnCone not found,,,
4757,6a29498bbbfb24833d49a855,ORD-000081,,,,,,not_found,YarnCone not found,,,
4758,6a29498bbbfb24833d49a856,ORD-000082,,,,,,not_found,YarnCone not found,,,
4759,6a2949dabbfb24833d49ab9d,ORD-000084,,,,,,not_found,YarnCone not found,,,
4760,6a2949dabbfb24833d49aba9,ORD-000081,,,,,,not_found,YarnCone not found,,,
4761,6a2949dabbfb24833d49abaa,ORD-000084,,,,,,not_found,YarnCone not found,,,
4762,6a2949dabbfb24833d49abb3,ORD-000080,,,,,,not_found,YarnCone not found,,,
4763,6a294a30bbfb24833d49af6a,ORD-000081,,,,,,not_found,YarnCone not found,,,
4764,6a294a30bbfb24833d49af71,ORD-000082,,,,,,not_found,YarnCone not found,,,
4765,6a294a30bbfb24833d49af76,ORD-000081,,,,,,not_found,YarnCone not found,,,
4766,6a294a30bbfb24833d49af78,ORD-000081,,,,,,not_found,YarnCone not found,,,
4767,6a294a30bbfb24833d49af7a,ORD-000081,,,,,,not_found,YarnCone not found,,,
4768,6a294a30bbfb24833d49af7f,ORD-000081,,,,,,not_found,YarnCone not found,,,
4769,6a294a30bbfb24833d49af80,ORD-000081,,,,,,not_found,YarnCone not found,,,
4770,6a294a7abbfb24833d49b215,ORD-000080,,,,,,not_found,YarnCone not found,,,
4771,6a294a7abbfb24833d49b218,ORD-000080,,,,,,not_found,YarnCone not found,,,
4772,6a294a7abbfb24833d49b219,ORD-000080,,,,,,not_found,YarnCone not found,,,
4773,6a294a7abbfb24833d49b21a,ORD-000080,,,,,,not_found,YarnCone not found,,,
4774,6a294a7abbfb24833d49b21c,ORD-000080,,,,,,not_found,YarnCone not found,,,
4775,6a294a7abbfb24833d49b21d,ORD-000080,,,,,,not_found,YarnCone not found,,,
4776,6a294a7abbfb24833d49b21e,ORD-000080,,,,,,not_found,YarnCone not found,,,
4777,6a294a7abbfb24833d49b21f,ORD-000080,,,,,,not_found,YarnCone not found,,,
4778,6a294a7abbfb24833d49b220,ORD-000080,,,,,,not_found,YarnCone not found,,,
4779,6a294a7abbfb24833d49b221,ORD-000080,,,,,,not_found,YarnCone not found,,,
4780,6a294a7abbfb24833d49b222,ORD-000080,,,,,,not_found,YarnCone not found,,,
4781,6a294a7abbfb24833d49b223,ORD-000080,,,,,,not_found,YarnCone not found,,,
4782,6a294a7abbfb24833d49b226,ORD-000080,,,,,,not_found,YarnCone not found,,,
4783,6a294a7abbfb24833d49b227,ORD-000080,,,,,,not_found,YarnCone not found,,,
4784,6a294a7abbfb24833d49b228,ORD-000080,,,,,,not_found,YarnCone not found,,,
4785,6a294a7abbfb24833d49b229,ORD-000080,,,,,,not_found,YarnCone not found,,,
4786,6a294a7abbfb24833d49b22a,ORD-000080,,,,,,not_found,YarnCone not found,,,
4787,6a294a7abbfb24833d49b22b,ORD-000080,,,,,,not_found,YarnCone not found,,,
4788,6a294a7abbfb24833d49b22c,ORD-000080,,,,,,not_found,YarnCone not found,,,
4789,6a294aafbbfb24833d49b41b,ORD-000080,,,,,,not_found,YarnCone not found,,,
4790,6a294aafbbfb24833d49b41c,ORD-000080,,,,,,not_found,YarnCone not found,,,
4791,6a294aafbbfb24833d49b41d,ORD-000080,,,,,,not_found,YarnCone not found,,,
4792,6a294aafbbfb24833d49b41e,ORD-000080,,,,,,not_found,YarnCone not found,,,
4793,6a294aafbbfb24833d49b41f,ORD-000080,,,,,,not_found,YarnCone not found,,,
4794,6a294aafbbfb24833d49b420,ORD-000080,,,,,,not_found,YarnCone not found,,,
4795,6a294aafbbfb24833d49b421,ORD-000080,,,,,,not_found,YarnCone not found,,,
4796,6a294aafbbfb24833d49b422,ORD-000080,,,,,,not_found,YarnCone not found,,,
4797,6a294aafbbfb24833d49b423,ORD-000080,,,,,,not_found,YarnCone not found,,,
4798,6a294aafbbfb24833d49b424,ORD-000080,,,,,,not_found,YarnCone not found,,,
4799,6a294aafbbfb24833d49b425,ORD-000080,,,,,,not_found,YarnCone not found,,,
4800,6a294aafbbfb24833d49b426,ORD-000080,,,,,,not_found,YarnCone not found,,,
4801,6a294aafbbfb24833d49b427,ORD-000080,,,,,,not_found,YarnCone not found,,,
4802,6a294aafbbfb24833d49b428,ORD-000080,,,,,,not_found,YarnCone not found,,,
4803,6a294aafbbfb24833d49b429,ORD-000080,,,,,,not_found,YarnCone not found,,,
4804,6a294aafbbfb24833d49b42a,ORD-000080,,,,,,not_found,YarnCone not found,,,
4805,6a294aafbbfb24833d49b42b,ORD-000080,,,,,,not_found,YarnCone not found,,,
4806,6a294aafbbfb24833d49b42c,ORD-000080,,,,,,not_found,YarnCone not found,,,
4807,6a294aafbbfb24833d49b42d,ORD-000080,,,,,,not_found,YarnCone not found,,,
4808,6a294aafbbfb24833d49b42e,ORD-000080,,,,,,not_found,YarnCone not found,,,
4809,6a294aafbbfb24833d49b42f,ORD-000080,,,,,,not_found,YarnCone not found,,,
4810,6a294aafbbfb24833d49b430,ORD-000080,,,,,,not_found,YarnCone not found,,,
4811,6a294aafbbfb24833d49b431,ORD-000080,,,,,,not_found,YarnCone not found,,,
4812,6a294aafbbfb24833d49b432,ORD-000080,,,,,,not_found,YarnCone not found,,,
4813,6a294ad7bbfb24833d49b588,ORD-000080,,,,,,not_found,YarnCone not found,,,
4814,6a294ad7bbfb24833d49b58a,ORD-000080,,,,,,not_found,YarnCone not found,,,
4815,6a294ad7bbfb24833d49b58b,ORD-000081,,,,,,not_found,YarnCone not found,,,
4816,6a294ad7bbfb24833d49b58c,ORD-000080,,,,,,not_found,YarnCone not found,,,
4817,6a294ad7bbfb24833d49b58d,ORD-000077,,,,,,not_found,YarnCone not found,,,
4818,6a294ad7bbfb24833d49b58e,ORD-000080,,,,,,not_found,YarnCone not found,,,
4819,6a294ad7bbfb24833d49b590,ORD-000080,,,,,,not_found,YarnCone not found,,,
4820,6a294ad7bbfb24833d49b591,ORD-000077,,,,,,not_found,YarnCone not found,,,
4821,6a294ad7bbfb24833d49b593,ORD-000080,,,,,,not_found,YarnCone not found,,,
4822,6a294ad7bbfb24833d49b594,ORD-000080,,,,,,not_found,YarnCone not found,,,
4823,6a294ad7bbfb24833d49b595,ORD-000081,,,,,,not_found,YarnCone not found,,,
4824,6a294ad7bbfb24833d49b596,ORD-000080,,,,,,not_found,YarnCone not found,,,
4825,6a294ad7bbfb24833d49b597,ORD-000077,,,,,,not_found,YarnCone not found,,,
4826,6a294ad7bbfb24833d49b598,ORD-000080,,,,,,not_found,YarnCone not found,,,
4827,6a294ad7bbfb24833d49b59a,ORD-000080,,,,,,not_found,YarnCone not found,,,
4828,6a294ad7bbfb24833d49b59b,ORD-000080,,,,,,not_found,YarnCone not found,,,
4829,6a294ad7bbfb24833d49b59c,ORD-000081,,,,,,not_found,YarnCone not found,,,
4830,6a294ad7bbfb24833d49b59d,ORD-000080,,,,,,not_found,YarnCone not found,,,
4831,6a294ad7bbfb24833d49b59f,ORD-000080,,,,,,not_found,YarnCone not found,,,
4832,6a294afabbfb24833d49b6d5,ORD-000080,,,,,,not_found,YarnCone not found,,,
4833,6a294afabbfb24833d49b6d6,ORD-000080,,,,,,not_found,YarnCone not found,,,
4834,6a294afabbfb24833d49b6d7,ORD-000080,,,,,,not_found,YarnCone not found,,,
4835,6a294afabbfb24833d49b6d8,ORD-000080,,,,,,not_found,YarnCone not found,,,
4836,6a294afabbfb24833d49b6d9,ORD-000080,,,,,,not_found,YarnCone not found,,,
4837,6a294afabbfb24833d49b6da,ORD-000080,,,,,,not_found,YarnCone not found,,,
4838,6a294afabbfb24833d49b6db,ORD-000080,,,,,,not_found,YarnCone not found,,,
4839,6a294afabbfb24833d49b6dc,ORD-000080,,,,,,not_found,YarnCone not found,,,
4840,6a294afabbfb24833d49b6dd,ORD-000080,,,,,,not_found,YarnCone not found,,,
4841,6a294afabbfb24833d49b6de,ORD-000080,,,,,,not_found,YarnCone not found,,,
4842,6a294afabbfb24833d49b6df,ORD-000080,,,,,,not_found,YarnCone not found,,,
4843,6a294afabbfb24833d49b6e0,ORD-000080,,,,,,not_found,YarnCone not found,,,
4844,6a294afabbfb24833d49b6e1,ORD-000080,,,,,,not_found,YarnCone not found,,,
4845,6a294afabbfb24833d49b6e2,ORD-000080,,,,,,not_found,YarnCone not found,,,
4846,6a294afabbfb24833d49b6e3,ORD-000080,,,,,,not_found,YarnCone not found,,,
4847,6a294afabbfb24833d49b6e4,ORD-000080,,,,,,not_found,YarnCone not found,,,
4848,6a294afabbfb24833d49b6e5,ORD-000080,,,,,,not_found,YarnCone not found,,,
4849,6a294afabbfb24833d49b6e7,ORD-000080,,,,,,not_found,YarnCone not found,,,
4850,6a294afabbfb24833d49b6e8,ORD-000080,,,,,,not_found,YarnCone not found,,,
4851,6a294afabbfb24833d49b6ea,ORD-000080,,,,,,not_found,YarnCone not found,,,
4852,6a294afabbfb24833d49b6eb,ORD-000080,,,,,,not_found,YarnCone not found,,,
4853,6a294b29bbfb24833d49b8a6,ORD-000080,,,,,,not_found,YarnCone not found,,,
4854,6a294b29bbfb24833d49b8a7,ORD-000080,,,,,,not_found,YarnCone not found,,,
4855,6a294b29bbfb24833d49b8a8,ORD-000080,,,,,,not_found,YarnCone not found,,,
4856,6a294b29bbfb24833d49b8a9,ORD-000080,,,,,,not_found,YarnCone not found,,,
4857,6a294b29bbfb24833d49b8aa,ORD-000080,,,,,,not_found,YarnCone not found,,,
4858,6a294b29bbfb24833d49b8ac,ORD-000080,,,,,,not_found,YarnCone not found,,,
4859,6a294b29bbfb24833d49b8ad,ORD-000081,,,,,,not_found,YarnCone not found,,,
4860,6a294b29bbfb24833d49b8ae,ORD-000080,,,,,,not_found,YarnCone not found,,,
4861,6a294b29bbfb24833d49b8af,ORD-000081,,,,,,not_found,YarnCone not found,,,
4862,6a294b29bbfb24833d49b8b0,ORD-000081,,,,,,not_found,YarnCone not found,,,
4863,6a294b29bbfb24833d49b8b1,ORD-000080,,,,,,not_found,YarnCone not found,,,
4864,6a294b29bbfb24833d49b8b2,ORD-000080,,,,,,not_found,YarnCone not found,,,
4865,6a294b29bbfb24833d49b8b4,ORD-000080,,,,,,not_found,YarnCone not found,,,
4866,6a294b29bbfb24833d49b8b5,ORD-000080,,,,,,not_found,YarnCone not found,,,
4867,6a294b29bbfb24833d49b8b7,ORD-000080,,,,,,not_found,YarnCone not found,,,
4868,6a294b29bbfb24833d49b8b9,ORD-000081,,,,,,not_found,YarnCone not found,,,
4869,6a294b29bbfb24833d49b8bb,ORD-000080,,,,,,not_found,YarnCone not found,,,
4870,6a294b29bbfb24833d49b8bc,ORD-000080,,,,,,not_found,YarnCone not found,,,
4871,6a294b29bbfb24833d49b8bd,ORD-000080,,,,,,not_found,YarnCone not found,,,
4872,6a294b53bbfb24833d49ba33,ORD-000080,,,,,,not_found,YarnCone not found,,,
4873,6a294b53bbfb24833d49ba34,ORD-000080,,,,,,not_found,YarnCone not found,,,
4874,6a294b53bbfb24833d49ba35,ORD-000080,,,,,,not_found,YarnCone not found,,,
4875,6a294b53bbfb24833d49ba36,ORD-000080,,,,,,not_found,YarnCone not found,,,
4876,6a294b53bbfb24833d49ba37,ORD-000080,,,,,,not_found,YarnCone not found,,,
4877,6a294b53bbfb24833d49ba38,ORD-000080,,,,,,not_found,YarnCone not found,,,
4878,6a294b53bbfb24833d49ba39,ORD-000080,,,,,,not_found,YarnCone not found,,,
4879,6a294b53bbfb24833d49ba3a,ORD-000080,,,,,,not_found,YarnCone not found,,,
4880,6a294b53bbfb24833d49ba3b,ORD-000080,,,,,,not_found,YarnCone not found,,,
4881,6a294b53bbfb24833d49ba3c,ORD-000080,,,,,,not_found,YarnCone not found,,,
4882,6a294b53bbfb24833d49ba3d,ORD-000080,,,,,,not_found,YarnCone not found,,,
4883,6a294b53bbfb24833d49ba3e,ORD-000080,,,,,,not_found,YarnCone not found,,,
4884,6a294b53bbfb24833d49ba3f,ORD-000080,,,,,,not_found,YarnCone not found,,,
4885,6a294b53bbfb24833d49ba40,ORD-000080,,,,,,not_found,YarnCone not found,,,
4886,6a294b53bbfb24833d49ba41,ORD-000080,,,,,,not_found,YarnCone not found,,,
4887,6a294b53bbfb24833d49ba42,ORD-000080,,,,,,not_found,YarnCone not found,,,
4888,6a294b53bbfb24833d49ba43,ORD-000080,,,,,,not_found,YarnCone not found,,,
4889,6a294b53bbfb24833d49ba44,ORD-000080,,,,,,not_found,YarnCone not found,,,
4890,6a294b53bbfb24833d49ba45,ORD-000080,,,,,,not_found,YarnCone not found,,,
4891,6a294b92bbfb24833d49bbfa,ORD-000080,,,,,,not_found,YarnCone not found,,,
4892,6a294b92bbfb24833d49bbfb,ORD-000080,,,,,,not_found,YarnCone not found,,,
4893,6a294b92bbfb24833d49bbfc,ORD-000080,,,,,,not_found,YarnCone not found,,,
4894,6a294b92bbfb24833d49bbfd,ORD-000080,,,,,,not_found,YarnCone not found,,,
4895,6a294b92bbfb24833d49bbfe,ORD-000080,,,,,,not_found,YarnCone not found,,,
4896,6a294b92bbfb24833d49bbff,ORD-000080,,,,,,not_found,YarnCone not found,,,
4897,6a294b92bbfb24833d49bc00,ORD-000080,,,,,,not_found,YarnCone not found,,,
4898,6a294b92bbfb24833d49bc01,ORD-000080,,,,,,not_found,YarnCone not found,,,
4899,6a294b92bbfb24833d49bc02,ORD-000080,,,,,,not_found,YarnCone not found,,,
4900,6a294b92bbfb24833d49bc03,ORD-000080,,,,,,not_found,YarnCone not found,,,
4901,6a294b92bbfb24833d49bc04,ORD-000080,,,,,,not_found,YarnCone not found,,,
4902,6a294b92bbfb24833d49bc05,ORD-000080,,,,,,not_found,YarnCone not found,,,
4903,6a294b92bbfb24833d49bc06,ORD-000080,,,,,,not_found,YarnCone not found,,,
4904,6a294b92bbfb24833d49bc07,ORD-000080,,,,,,not_found,YarnCone not found,,,
4905,6a294b92bbfb24833d49bc08,ORD-000080,,,,,,not_found,YarnCone not found,,,
4906,6a294b92bbfb24833d49bc09,ORD-000080,,,,,,not_found,YarnCone not found,,,
4907,6a294b92bbfb24833d49bc0a,ORD-000080,,,,,,not_found,YarnCone not found,,,
4908,6a294b92bbfb24833d49bc0b,ORD-000080,,,,,,not_found,YarnCone not found,,,
4909,6a294bb0bbfb24833d49bcec,ORD-000080,,,,,,not_found,YarnCone not found,,,
4910,6a294bb0bbfb24833d49bced,ORD-000080,,,,,,not_found,YarnCone not found,,,
4911,6a294bb0bbfb24833d49bcee,ORD-000080,,,,,,not_found,YarnCone not found,,,
4912,6a294bb0bbfb24833d49bcef,ORD-000080,,,,,,not_found,YarnCone not found,,,
4913,6a294bb0bbfb24833d49bcf0,ORD-000080,,,,,,not_found,YarnCone not found,,,
4914,6a294bb0bbfb24833d49bcf1,ORD-000080,,,,,,not_found,YarnCone not found,,,
4915,6a294bb0bbfb24833d49bcf2,ORD-000080,,,,,,not_found,YarnCone not found,,,
4916,6a294bb0bbfb24833d49bcf3,ORD-000080,,,,,,not_found,YarnCone not found,,,
4917,6a294bb0bbfb24833d49bcf4,ORD-000080,,,,,,not_found,YarnCone not found,,,
4918,6a294bb0bbfb24833d49bcf5,ORD-000080,,,,,,not_found,YarnCone not found,,,
4919,6a294bb0bbfb24833d49bcf6,ORD-000080,,,,,,not_found,YarnCone not found,,,
4920,6a294bb0bbfb24833d49bcf7,ORD-000080,,,,,,not_found,YarnCone not found,,,
4921,6a294bb0bbfb24833d49bcf8,ORD-000080,,,,,,not_found,YarnCone not found,,,
4922,6a294bb0bbfb24833d49bcf9,ORD-000080,,,,,,not_found,YarnCone not found,,,
4923,6a294bb0bbfb24833d49bcfa,ORD-000080,,,,,,not_found,YarnCone not found,,,
4924,6a294bb0bbfb24833d49bcfb,ORD-000080,,,,,,not_found,YarnCone not found,,,
4925,6a294bb0bbfb24833d49bcfc,ORD-000080,,,,,,not_found,YarnCone not found,,,
4926,6a294bb0bbfb24833d49bcfd,ORD-000080,,,,,,not_found,YarnCone not found,,,
4927,6a294bb0bbfb24833d49bcfe,ORD-000080,,,,,,not_found,YarnCone not found,,,
4928,6a294bfbbbfb24833d49c28e,ORD-000080,,,,,,not_found,YarnCone not found,,,
4929,6a294bfbbbfb24833d49c28f,ORD-000080,,,,,,not_found,YarnCone not found,,,
4930,6a294bfbbbfb24833d49c290,ORD-000080,,,,,,not_found,YarnCone not found,,,
4931,6a294bfbbbfb24833d49c291,ORD-000080,,,,,,not_found,YarnCone not found,,,
4932,6a294bfbbbfb24833d49c292,ORD-000080,,,,,,not_found,YarnCone not found,,,
4933,6a294bfbbbfb24833d49c293,ORD-000080,,,,,,not_found,YarnCone not found,,,
4934,6a294bfbbbfb24833d49c294,ORD-000080,,,,,,not_found,YarnCone not found,,,
4935,6a294bfbbbfb24833d49c295,ORD-000080,,,,,,not_found,YarnCone not found,,,
4936,6a294bfbbbfb24833d49c296,ORD-000080,,,,,,not_found,YarnCone not found,,,
4937,6a294bfbbbfb24833d49c297,ORD-000080,,,,,,not_found,YarnCone not found,,,
4938,6a294bfbbbfb24833d49c298,ORD-000080,,,,,,not_found,YarnCone not found,,,
4939,6a294bfbbbfb24833d49c299,ORD-000080,,,,,,not_found,YarnCone not found,,,
4940,6a294bfbbbfb24833d49c29a,ORD-000080,,,,,,not_found,YarnCone not found,,,
4941,6a294bfbbbfb24833d49c29b,ORD-000080,,,,,,not_found,YarnCone not found,,,
4942,6a294bfbbbfb24833d49c29c,ORD-000080,,,,,,not_found,YarnCone not found,,,
4943,6a294bfbbbfb24833d49c29d,ORD-000080,,,,,,not_found,YarnCone not found,,,
4944,6a294bfbbbfb24833d49c29e,ORD-000080,,,,,,not_found,YarnCone not found,,,
4945,6a294bfbbbfb24833d49c29f,ORD-000080,,,,,,not_found,YarnCone not found,,,
4946,6a294bfbbbfb24833d49c2a0,ORD-000080,,,,,,not_found,YarnCone not found,,,
4947,6a294bfbbbfb24833d49c2a1,ORD-000080,,,,,,not_found,YarnCone not found,,,
4948,6a294bfbbbfb24833d49c2a2,ORD-000080,,,,,,not_found,YarnCone not found,,,
4949,6a294bfbbbfb24833d49c2a3,ORD-000080,,,,,,not_found,YarnCone not found,,,
4950,6a294bfbbbfb24833d49c2a4,ORD-000080,,,,,,not_found,YarnCone not found,,,
4951,6a294bfbbbfb24833d49c2a5,ORD-000080,,,,,,not_found,YarnCone not found,,,
4952,6a294bfbbbfb24833d49c2a6,ORD-000080,,,,,,not_found,YarnCone not found,,,
4953,6a294bfbbbfb24833d49c2a7,ORD-000080,,,,,,not_found,YarnCone not found,,,
4954,6a294bfbbbfb24833d49c2a8,ORD-000080,,,,,,not_found,YarnCone not found,,,
4955,6a294bfbbbfb24833d49c2a9,ORD-000080,,,,,,not_found,YarnCone not found,,,
4956,6a294bfbbbfb24833d49c2aa,ORD-000080,,,,,,not_found,YarnCone not found,,,
4957,6a294bfbbbfb24833d49c2ab,ORD-000080,,,,,,not_found,YarnCone not found,,,
4958,6a294bfbbbfb24833d49c2ac,ORD-000080,,,,,,not_found,YarnCone not found,,,
4959,6a294bfbbbfb24833d49c2ad,ORD-000080,,,,,,not_found,YarnCone not found,,,
4960,6a294bfbbbfb24833d49c2ae,ORD-000080,,,,,,not_found,YarnCone not found,,,
4961,6a294bfbbbfb24833d49c2af,ORD-000080,,,,,,not_found,YarnCone not found,,,
4962,6a294bfbbbfb24833d49c2b0,ORD-000080,,,,,,not_found,YarnCone not found,,,
4963,6a294bfbbbfb24833d49c2b1,ORD-000080,,,,,,not_found,YarnCone not found,,,
4964,6a294bfbbbfb24833d49c2b2,ORD-000080,,,,,,not_found,YarnCone not found,,,
4965,6a294bfbbbfb24833d49c2b3,ORD-000080,,,,,,not_found,YarnCone not found,,,
4966,6a294bfbbbfb24833d49c2b4,ORD-000080,,,,,,not_found,YarnCone not found,,,
4967,6a294bfbbbfb24833d49c2b5,ORD-000080,,,,,,not_found,YarnCone not found,,,
4968,6a294ce6bbfb24833d49c66e,ORD-000080,,,,,,not_found,YarnCone not found,,,
4969,6a294ce6bbfb24833d49c66f,ORD-000080,,,,,,not_found,YarnCone not found,,,
4970,6a294ce6bbfb24833d49c670,ORD-000080,,,,,,not_found,YarnCone not found,,,
4971,6a294ce6bbfb24833d49c671,ORD-000080,,,,,,not_found,YarnCone not found,,,
4972,6a294ce6bbfb24833d49c673,ORD-000080,,,,,,not_found,YarnCone not found,,,
4973,6a294ce6bbfb24833d49c675,ORD-000080,,,,,,not_found,YarnCone not found,,,
4974,6a294ce6bbfb24833d49c676,ORD-000080,,,,,,not_found,YarnCone not found,,,
4975,6a294ce6bbfb24833d49c677,ORD-000080,,,,,,not_found,YarnCone not found,,,
4976,6a294ce6bbfb24833d49c678,ORD-000080,,,,,,not_found,YarnCone not found,,,
4977,6a294ce6bbfb24833d49c679,ORD-000080,,,,,,not_found,YarnCone not found,,,
4978,6a294ce6bbfb24833d49c67a,ORD-000080,,,,,,not_found,YarnCone not found,,,
4979,6a294ce6bbfb24833d49c67b,ORD-000080,,,,,,not_found,YarnCone not found,,,
4980,6a294ce6bbfb24833d49c67c,ORD-000080,,,,,,not_found,YarnCone not found,,,
4981,6a294ce6bbfb24833d49c67d,ORD-000080,,,,,,not_found,YarnCone not found,,,
4982,6a294ce6bbfb24833d49c67e,ORD-000080,,,,,,not_found,YarnCone not found,,,
4983,6a294ce6bbfb24833d49c67f,ORD-000080,,,,,,not_found,YarnCone not found,,,
4984,6a294ce6bbfb24833d49c680,ORD-000080,,,,,,not_found,YarnCone not found,,,
4985,6a294ce6bbfb24833d49c681,ORD-000080,,,,,,not_found,YarnCone not found,,,
4986,6a294ce6bbfb24833d49c682,ORD-000080,,,,,,not_found,YarnCone not found,,,
4987,6a294ce6bbfb24833d49c683,ORD-000080,,,,,,not_found,YarnCone not found,,,
4988,6a294ce6bbfb24833d49c684,ORD-000080,,,,,,not_found,YarnCone not found,,,
4989,6a294ce6bbfb24833d49c685,ORD-000080,,,,,,not_found,YarnCone not found,,,
4990,6a294ce6bbfb24833d49c686,ORD-000080,,,,,,not_found,YarnCone not found,,,
4991,6a294ce6bbfb24833d49c687,ORD-000080,,,,,,not_found,YarnCone not found,,,
4992,6a294ce6bbfb24833d49c688,ORD-000080,,,,,,not_found,YarnCone not found,,,
4993,6a294ce6bbfb24833d49c689,ORD-000080,,,,,,not_found,YarnCone not found,,,
4994,6a294ce6bbfb24833d49c68a,ORD-000080,,,,,,not_found,YarnCone not found,,,
4995,6a294ce6bbfb24833d49c68b,ORD-000080,,,,,,not_found,YarnCone not found,,,
4996,6a294ce6bbfb24833d49c68c,ORD-000080,,,,,,not_found,YarnCone not found,,,
4997,6a294ce6bbfb24833d49c68d,ORD-000080,,,,,,not_found,YarnCone not found,,,
4998,6a294ce6bbfb24833d49c68e,ORD-000080,,,,,,not_found,YarnCone not found,,,
4999,6a2a4d70bbfb24833d4d9a6c,ORD-000081,,,,,,not_found,YarnCone not found,,,
5000,6a2a4d70bbfb24833d4d9a70,ORD-000081,,,,,,not_found,YarnCone not found,,,
5001,6a2a4d70bbfb24833d4d9a74,ORD-000081,,,,,,not_found,YarnCone not found,,,
5002,6a2a4d70bbfb24833d4d9a75,ORD-000081,,,,,,not_found,YarnCone not found,,,
5003,6a2a4d70bbfb24833d4d9a76,ORD-000081,,,,,,not_found,YarnCone not found,,,
5004,6a2a4d70bbfb24833d4d9a7b,ORD-000081,,,,,,not_found,YarnCone not found,,,
5005,6a2a4d70bbfb24833d4d9a7d,ORD-000081,,,,,,not_found,YarnCone not found,,,
5006,6a2a4d70bbfb24833d4d9a7e,ORD-000081,,,,,,not_found,YarnCone not found,,,
5007,6a2a4d70bbfb24833d4d9a80,ORD-000081,,,,,,not_found,YarnCone not found,,,
5008,6a2a4d70bbfb24833d4d9a82,ORD-000081,,,,,,not_found,YarnCone not found,,,
5009,6a2a4d70bbfb24833d4d9a84,ORD-000081,,,,,,not_found,YarnCone not found,,,
5010,6a2a4d70bbfb24833d4d9a8d,ORD-000081,,,,,,not_found,YarnCone not found,,,
5011,6a2a4d97bbfb24833d4da222,ORD-000081,,,,,,not_found,YarnCone not found,,,
5012,6a2a4d97bbfb24833d4da223,ORD-000081,,,,,,not_found,YarnCone not found,,,
5013,6a2a4d97bbfb24833d4da224,ORD-000081,,,,,,not_found,YarnCone not found,,,
5014,6a2a4d97bbfb24833d4da225,ORD-000081,,,,,,not_found,YarnCone not found,,,
5015,6a2a4d97bbfb24833d4da226,ORD-000081,,,,,,not_found,YarnCone not found,,,
5016,6a2a4d97bbfb24833d4da227,ORD-000081,,,,,,not_found,YarnCone not found,,,
5017,6a2a4d97bbfb24833d4da228,ORD-000081,,,,,,not_found,YarnCone not found,,,
5018,6a2a4d97bbfb24833d4da22a,ORD-000081,,,,,,not_found,YarnCone not found,,,
5019,6a2a4d97bbfb24833d4da22b,ORD-000081,,,,,,not_found,YarnCone not found,,,
5020,6a2a4d97bbfb24833d4da22c,ORD-000081,,,,,,not_found,YarnCone not found,,,
5021,6a2a4d97bbfb24833d4da22d,ORD-000081,,,,,,not_found,YarnCone not found,,,
5022,6a2a4d97bbfb24833d4da22e,ORD-000081,,,,,,not_found,YarnCone not found,,,
5023,6a2a4d97bbfb24833d4da230,ORD-000081,,,,,,not_found,YarnCone not found,,,
5024,6a2a4d97bbfb24833d4da232,ORD-000081,,,,,,not_found,YarnCone not found,,,
5025,6a2a4d97bbfb24833d4da233,ORD-000081,,,,,,not_found,YarnCone not found,,,
5026,6a2a4d97bbfb24833d4da234,ORD-000081,,,,,,not_found,YarnCone not found,,,
5027,6a2a4d97bbfb24833d4da235,ORD-000081,,,,,,not_found,YarnCone not found,,,
5028,6a2a4d97bbfb24833d4da236,ORD-000081,,,,,,not_found,YarnCone not found,,,
5029,6a2a4d97bbfb24833d4da237,ORD-000081,,,,,,not_found,YarnCone not found,,,
5030,6a2a4d97bbfb24833d4da238,ORD-000081,,,,,,not_found,YarnCone not found,,,
5031,6a2a4d97bbfb24833d4da239,ORD-000081,,,,,,not_found,YarnCone not found,,,
5032,6a2a4d97bbfb24833d4da23a,ORD-000081,,,,,,not_found,YarnCone not found,,,
5033,6a2a4d97bbfb24833d4da23b,ORD-000081,,,,,,not_found,YarnCone not found,,,
5034,6a2a4d97bbfb24833d4da23c,ORD-000081,,,,,,not_found,YarnCone not found,,,
5035,6a2a4d97bbfb24833d4da23d,ORD-000081,,,,,,not_found,YarnCone not found,,,
5036,6a2a4d97bbfb24833d4da23e,ORD-000081,,,,,,not_found,YarnCone not found,,,
5037,6a2a4d97bbfb24833d4da23f,ORD-000081,,,,,,not_found,YarnCone not found,,,
5038,6a2a4d97bbfb24833d4da240,ORD-000081,,,,,,not_found,YarnCone not found,,,
5039,6a2a4d97bbfb24833d4da241,ORD-000081,,,,,,not_found,YarnCone not found,,,
5040,6a2a4d97bbfb24833d4da242,ORD-000081,,,,,,not_found,YarnCone not found,,,
5041,6a2a4d97bbfb24833d4da243,ORD-000081,,,,,,not_found,YarnCone not found,,,
5042,6a2a4d97bbfb24833d4da244,ORD-000081,,,,,,not_found,YarnCone not found,,,
5043,6a2a4d97bbfb24833d4da245,ORD-000081,,,,,,not_found,YarnCone not found,,,
5044,6a2a4d97bbfb24833d4da247,ORD-000081,,,,,,not_found,YarnCone not found,,,
5045,6a2a4d97bbfb24833d4da249,ORD-000081,,,,,,not_found,YarnCone not found,,,
5046,6a2a4dc2bbfb24833d4da95c,ORD-000081,,,,,,not_found,YarnCone not found,,,
5047,6a2a4dc2bbfb24833d4da95d,ORD-000081,,,,,,not_found,YarnCone not found,,,
5048,6a2a4dc2bbfb24833d4da95e,ORD-000081,,,,,,not_found,YarnCone not found,,,
5049,6a2a4dc2bbfb24833d4da95f,ORD-000081,,,,,,not_found,YarnCone not found,,,
5050,6a2a4dc2bbfb24833d4da960,ORD-000081,,,,,,not_found,YarnCone not found,,,
5051,6a2a4dc2bbfb24833d4da961,ORD-000081,,,,,,not_found,YarnCone not found,,,
5052,6a2a4dc2bbfb24833d4da963,ORD-000081,,,,,,not_found,YarnCone not found,,,
5053,6a2a4dc2bbfb24833d4da965,ORD-000081,,,,,,not_found,YarnCone not found,,,
5054,6a2a4dc2bbfb24833d4da97a,ORD-000081,,,,,,not_found,YarnCone not found,,,
5055,6a2a4dc2bbfb24833d4da97e,ORD-000081,,,,,,not_found,YarnCone not found,,,
5056,6a2a4dc2bbfb24833d4da981,ORD-000081,,,,,,not_found,YarnCone not found,,,
5057,6a2a4dc2bbfb24833d4da983,ORD-000081,,,,,,not_found,YarnCone not found,,,
5058,6a2a4e36bbfb24833d4db3cd,ORD-000081,,,,,,not_found,YarnCone not found,,,
5059,6a2a4e36bbfb24833d4db3ce,ORD-000081,,,,,,not_found,YarnCone not found,,,
5060,6a2a4e36bbfb24833d4db3d0,ORD-000081,,,,,,not_found,YarnCone not found,,,
5061,6a2a4e36bbfb24833d4db3d1,ORD-000081,,,,,,not_found,YarnCone not found,,,
5062,6a2a4e36bbfb24833d4db3d2,ORD-000081,,,,,,not_found,YarnCone not found,,,
5063,6a2a4e36bbfb24833d4db3d3,ORD-000081,,,,,,not_found,YarnCone not found,,,
5064,6a2a4e36bbfb24833d4db3d4,ORD-000081,,,,,,not_found,YarnCone not found,,,
5065,6a2a4e36bbfb24833d4db3d5,ORD-000081,,,,,,not_found,YarnCone not found,,,
5066,6a2a4e36bbfb24833d4db3d7,ORD-000081,,,,,,not_found,YarnCone not found,,,
5067,6a2a4e36bbfb24833d4db3d8,ORD-000081,,,,,,not_found,YarnCone not found,,,
5068,6a2a4e36bbfb24833d4db3d9,ORD-000081,,,,,,not_found,YarnCone not found,,,
5069,6a2a4e36bbfb24833d4db3da,ORD-000081,,,,,,not_found,YarnCone not found,,,
5070,6a2a4e36bbfb24833d4db3db,ORD-000081,,,,,,not_found,YarnCone not found,,,
5071,6a2a4e36bbfb24833d4db3dc,ORD-000081,,,,,,not_found,YarnCone not found,,,
5072,6a2a4e36bbfb24833d4db3dd,ORD-000081,,,,,,not_found,YarnCone not found,,,
5073,6a2a4e36bbfb24833d4db3de,ORD-000081,,,,,,not_found,YarnCone not found,,,
5074,6a2a4e36bbfb24833d4db3df,ORD-000081,,,,,,not_found,YarnCone not found,,,
5075,6a2a4e36bbfb24833d4db3e0,ORD-000081,,,,,,not_found,YarnCone not found,,,
5076,6a2a4e36bbfb24833d4db3e1,ORD-000081,,,,,,not_found,YarnCone not found,,,
5077,6a2a4e36bbfb24833d4db3e3,ORD-000081,,,,,,not_found,YarnCone not found,,,
5078,6a2a4e36bbfb24833d4db3e4,ORD-000081,,,,,,not_found,YarnCone not found,,,
5079,6a2a4e36bbfb24833d4db3e5,ORD-000081,,,,,,not_found,YarnCone not found,,,
5080,6a2a4e36bbfb24833d4db3e6,ORD-000081,,,,,,not_found,YarnCone not found,,,
5081,6a2a4e36bbfb24833d4db3e8,ORD-000081,,,,,,not_found,YarnCone not found,,,
5082,6a2a4e36bbfb24833d4db3e9,ORD-000081,,,,,,not_found,YarnCone not found,,,
5083,6a2a4e36bbfb24833d4db3ea,ORD-000081,,,,,,not_found,YarnCone not found,,,
5084,6a2a4e36bbfb24833d4db3eb,ORD-000081,,,,,,not_found,YarnCone not found,,,
5085,6a2a4e36bbfb24833d4db3ec,ORD-000081,,,,,,not_found,YarnCone not found,,,
5086,6a2a4e36bbfb24833d4db3ed,ORD-000081,,,,,,not_found,YarnCone not found,,,
5087,6a2a4e36bbfb24833d4db3ee,ORD-000081,,,,,,not_found,YarnCone not found,,,
5088,6a2a4e36bbfb24833d4db3ef,ORD-000081,,,,,,not_found,YarnCone not found,,,
5089,6a2a4e36bbfb24833d4db3f0,ORD-000081,,,,,,not_found,YarnCone not found,,,
5090,6a2a4e36bbfb24833d4db3f1,ORD-000081,,,,,,not_found,YarnCone not found,,,
5091,6a2a4e36bbfb24833d4db3f2,ORD-000081,,,,,,not_found,YarnCone not found,,,
5092,6a2a4e8cbbfb24833d4db823,ORD-000081,,,,,,not_found,YarnCone not found,,,
5093,6a2a4e8cbbfb24833d4db833,ORD-000081,,,,,,not_found,YarnCone not found,,,
5094,6a2a4e8cbbfb24833d4db83a,ORD-000081,,,,,,not_found,YarnCone not found,,,
5095,6a2a4eb1bbfb24833d4db98b,ORD-000080,,,,,,not_found,YarnCone not found,,,
5096,6a2a4eb1bbfb24833d4db98c,ORD-000080,,,,,,not_found,YarnCone not found,,,
5097,6a2a4eb1bbfb24833d4db98d,ORD-000080,,,,,,not_found,YarnCone not found,,,
5098,6a2a4eb1bbfb24833d4db98e,ORD-000080,,,,,,not_found,YarnCone not found,,,
5099,6a2a4eb1bbfb24833d4db98f,ORD-000080,,,,,,not_found,YarnCone not found,,,
5100,6a2a4eb1bbfb24833d4db990,ORD-000080,,,,,,not_found,YarnCone not found,,,
5101,6a2a4eb1bbfb24833d4db991,ORD-000080,,,,,,not_found,YarnCone not found,,,
5102,6a2a4eb1bbfb24833d4db993,ORD-000080,,,,,,not_found,YarnCone not found,,,
5103,6a2a4eb1bbfb24833d4db994,ORD-000080,,,,,,not_found,YarnCone not found,,,
5104,6a2a4eb1bbfb24833d4db995,ORD-000080,,,,,,not_found,YarnCone not found,,,
5105,6a2a4eb1bbfb24833d4db996,ORD-000080,,,,,,not_found,YarnCone not found,,,
5106,6a2a4eb1bbfb24833d4db997,ORD-000080,,,,,,not_found,YarnCone not found,,,
5107,6a2a4eb1bbfb24833d4db998,ORD-000080,,,,,,not_found,YarnCone not found,,,
5108,6a2a4eb1bbfb24833d4db999,ORD-000080,,,,,,not_found,YarnCone not found,,,
5109,6a2a4eb1bbfb24833d4db99a,ORD-000080,,,,,,not_found,YarnCone not found,,,
5110,6a2a4eb1bbfb24833d4db99b,ORD-000080,,,,,,not_found,YarnCone not found,,,
5111,6a2a4eb1bbfb24833d4db99c,ORD-000080,,,,,,not_found,YarnCone not found,,,
5112,6a2a4eb1bbfb24833d4db99d,ORD-000080,,,,,,not_found,YarnCone not found,,,
5113,6a2a4eb1bbfb24833d4db99e,ORD-000080,,,,,,not_found,YarnCone not found,,,
5114,6a2a4eb1bbfb24833d4db99f,ORD-000080,,,,,,not_found,YarnCone not found,,,
5115,6a2a4eb1bbfb24833d4db9a0,ORD-000080,,,,,,not_found,YarnCone not found,,,
5116,6a2a4eb1bbfb24833d4db9a1,ORD-000080,,,,,,not_found,YarnCone not found,,,
5117,6a2a4eb1bbfb24833d4db9a2,ORD-000080,,,,,,not_found,YarnCone not found,,,
5118,6a2a4eb1bbfb24833d4db9a3,ORD-000080,,,,,,not_found,YarnCone not found,,,
5119,6a2a4eb1bbfb24833d4db9a4,ORD-000080,,,,,,not_found,YarnCone not found,,,
5120,6a2a4eb1bbfb24833d4db9a5,ORD-000080,,,,,,not_found,YarnCone not found,,,
5121,6a2a4eb1bbfb24833d4db9a6,ORD-000080,,,,,,not_found,YarnCone not found,,,
5122,6a2a4eb1bbfb24833d4db9a7,ORD-000080,,,,,,not_found,YarnCone not found,,,
5123,6a2a4eb1bbfb24833d4db9a8,ORD-000080,,,,,,not_found,YarnCone not found,,,
5124,6a2a4eb1bbfb24833d4db9a9,ORD-000080,,,,,,not_found,YarnCone not found,,,
5125,6a2a4eb1bbfb24833d4db9aa,ORD-000080,,,,,,not_found,YarnCone not found,,,
5126,6a2a4eb1bbfb24833d4db9ab,ORD-000080,,,,,,not_found,YarnCone not found,,,
5127,6a2a4eb1bbfb24833d4db9ac,ORD-000080,,,,,,not_found,YarnCone not found,,,
5128,6a2a4eb1bbfb24833d4db9ad,ORD-000080,,,,,,not_found,YarnCone not found,,,
5129,6a2a4eb1bbfb24833d4db9ae,ORD-000080,,,,,,not_found,YarnCone not found,,,
5130,6a2a4eb1bbfb24833d4db9af,ORD-000080,,,,,,not_found,YarnCone not found,,,
5131,6a2a4eb1bbfb24833d4db9b0,ORD-000080,,,,,,not_found,YarnCone not found,,,
5132,6a2a4eb1bbfb24833d4db9b2,ORD-000080,,,,,,not_found,YarnCone not found,,,
5133,6a2a4eddbbfb24833d4dbb23,ORD-000080,,,,,,not_found,YarnCone not found,,,
5134,6a2a4eddbbfb24833d4dbb24,ORD-000080,,,,,,not_found,YarnCone not found,,,
5135,6a2a4eddbbfb24833d4dbb25,ORD-000080,,,,,,not_found,YarnCone not found,,,
5136,6a2a4eddbbfb24833d4dbb26,ORD-000080,,,,,,not_found,YarnCone not found,,,
5137,6a2a4eddbbfb24833d4dbb27,ORD-000080,,,,,,not_found,YarnCone not found,,,
5138,6a2a4eddbbfb24833d4dbb28,ORD-000080,,,,,,not_found,YarnCone not found,,,
5139,6a2a4eddbbfb24833d4dbb29,ORD-000080,,,,,,not_found,YarnCone not found,,,
5140,6a2a4eddbbfb24833d4dbb2b,ORD-000080,,,,,,not_found,YarnCone not found,,,
5141,6a2a4eddbbfb24833d4dbb2c,ORD-000080,,,,,,not_found,YarnCone not found,,,
5142,6a2a4eddbbfb24833d4dbb2d,ORD-000080,,,,,,not_found,YarnCone not found,,,
5143,6a2a4eddbbfb24833d4dbb2e,ORD-000080,,,,,,not_found,YarnCone not found,,,
5144,6a2a4eddbbfb24833d4dbb2f,ORD-000080,,,,,,not_found,YarnCone not found,,,
5145,6a2a4eddbbfb24833d4dbb30,ORD-000080,,,,,,not_found,YarnCone not found,,,
5146,6a2a4eddbbfb24833d4dbb31,ORD-000080,,,,,,not_found,YarnCone not found,,,
5147,6a2a4eddbbfb24833d4dbb32,ORD-000080,,,,,,not_found,YarnCone not found,,,
5148,6a2a4eddbbfb24833d4dbb33,ORD-000080,,,,,,not_found,YarnCone not found,,,
5149,6a2a4eddbbfb24833d4dbb34,ORD-000080,,,,,,not_found,YarnCone not found,,,
5150,6a2a4eddbbfb24833d4dbb37,ORD-000080,,,,,,not_found,YarnCone not found,,,
5151,6a2a4eddbbfb24833d4dbb38,ORD-000080,,,,,,not_found,YarnCone not found,,,
5152,6a2a4eddbbfb24833d4dbb39,ORD-000080,,,,,,not_found,YarnCone not found,,,
5153,6a2a4eddbbfb24833d4dbb3a,ORD-000080,,,,,,not_found,YarnCone not found,,,
5154,6a2a4eddbbfb24833d4dbb3b,ORD-000080,,,,,,not_found,YarnCone not found,,,
5155,6a2a4eddbbfb24833d4dbb3c,ORD-000080,,,,,,not_found,YarnCone not found,,,
5156,6a2a4eddbbfb24833d4dbb3d,ORD-000080,,,,,,not_found,YarnCone not found,,,
5157,6a2a4eddbbfb24833d4dbb3e,ORD-000080,,,,,,not_found,YarnCone not found,,,
5158,6a2a4eddbbfb24833d4dbb3f,ORD-000080,,,,,,not_found,YarnCone not found,,,
5159,6a2a4eddbbfb24833d4dbb40,ORD-000080,,,,,,not_found,YarnCone not found,,,
5160,6a2a4eddbbfb24833d4dbb41,ORD-000080,,,,,,not_found,YarnCone not found,,,
5161,6a2a4eddbbfb24833d4dbb42,ORD-000080,,,,,,not_found,YarnCone not found,,,
5162,6a2a4eddbbfb24833d4dbb43,ORD-000080,,,,,,not_found,YarnCone not found,,,
5163,6a2a4eddbbfb24833d4dbb44,ORD-000080,,,,,,not_found,YarnCone not found,,,
5164,6a2a4eddbbfb24833d4dbb45,ORD-000080,,,,,,not_found,YarnCone not found,,,
5165,6a2a4eddbbfb24833d4dbb46,ORD-000080,,,,,,not_found,YarnCone not found,,,
5166,6a2a4eddbbfb24833d4dbb48,ORD-000080,,,,,,not_found,YarnCone not found,,,
5167,6a2a4eddbbfb24833d4dbb49,ORD-000080,,,,,,not_found,YarnCone not found,,,
5168,6a2a4eddbbfb24833d4dbb4a,ORD-000080,,,,,,not_found,YarnCone not found,,,
5169,6a2a4efcbbfb24833d4dbc7c,ORD-000080,,,,,,not_found,YarnCone not found,,,
5170,6a2a4efcbbfb24833d4dbc7e,ORD-000080,,,,,,not_found,YarnCone not found,,,
5171,6a2a4efcbbfb24833d4dbc7f,ORD-000080,,,,,,not_found,YarnCone not found,,,
5172,6a2a4efcbbfb24833d4dbc80,ORD-000080,,,,,,not_found,YarnCone not found,,,
5173,6a2a4efcbbfb24833d4dbc81,ORD-000080,,,,,,not_found,YarnCone not found,,,
5174,6a2a4efcbbfb24833d4dbc82,ORD-000080,,,,,,not_found,YarnCone not found,,,
5175,6a2a4efcbbfb24833d4dbc84,ORD-000080,,,,,,not_found,YarnCone not found,,,
5176,6a2a4efcbbfb24833d4dbc85,ORD-000080,,,,,,not_found,YarnCone not found,,,
5177,6a2a4efcbbfb24833d4dbc86,ORD-000080,,,,,,not_found,YarnCone not found,,,
5178,6a2a4efcbbfb24833d4dbc87,ORD-000080,,,,,,not_found,YarnCone not found,,,
5179,6a2a4efcbbfb24833d4dbc88,ORD-000080,,,,,,not_found,YarnCone not found,,,
5180,6a2a4efcbbfb24833d4dbc89,ORD-000080,,,,,,not_found,YarnCone not found,,,
5181,6a2a4efcbbfb24833d4dbc8b,ORD-000080,,,,,,not_found,YarnCone not found,,,
5182,6a2a4efcbbfb24833d4dbc8c,ORD-000080,,,,,,not_found,YarnCone not found,,,
5183,6a2a4efcbbfb24833d4dbc8e,ORD-000080,,,,,,not_found,YarnCone not found,,,
5184,6a2a4efcbbfb24833d4dbc8f,ORD-000080,,,,,,not_found,YarnCone not found,,,
5185,6a2a4efcbbfb24833d4dbc90,ORD-000080,,,,,,not_found,YarnCone not found,,,
5186,6a2a4efcbbfb24833d4dbc91,ORD-000080,,,,,,not_found,YarnCone not found,,,
5187,6a2a4efcbbfb24833d4dbc92,ORD-000080,,,,,,not_found,YarnCone not found,,,
5188,6a2a4efcbbfb24833d4dbc93,ORD-000080,,,,,,not_found,YarnCone not found,,,
5189,6a2a4efcbbfb24833d4dbc94,ORD-000080,,,,,,not_found,YarnCone not found,,,
5190,6a2a4efcbbfb24833d4dbc95,ORD-000080,,,,,,not_found,YarnCone not found,,,
5191,6a2a4efcbbfb24833d4dbc96,ORD-000080,,,,,,not_found,YarnCone not found,,,
5192,6a2a4efcbbfb24833d4dbc97,ORD-000080,,,,,,not_found,YarnCone not found,,,
5193,6a2a4efcbbfb24833d4dbc98,ORD-000080,,,,,,not_found,YarnCone not found,,,
5194,6a2a4efcbbfb24833d4dbc99,ORD-000080,,,,,,not_found,YarnCone not found,,,
5195,6a2a4efcbbfb24833d4dbc9a,ORD-000080,,,,,,not_found,YarnCone not found,,,
5196,6a2a4efcbbfb24833d4dbc9b,ORD-000080,,,,,,not_found,YarnCone not found,,,
5197,6a2a4efcbbfb24833d4dbc9c,ORD-000080,,,,,,not_found,YarnCone not found,,,
5198,6a2a4efcbbfb24833d4dbc9d,ORD-000080,,,,,,not_found,YarnCone not found,,,
5199,6a2a4efcbbfb24833d4dbc9e,ORD-000080,,,,,,not_found,YarnCone not found,,,
5200,6a2a4efcbbfb24833d4dbc9f,ORD-000080,,,,,,not_found,YarnCone not found,,,
5201,6a2a4efcbbfb24833d4dbca0,ORD-000080,,,,,,not_found,YarnCone not found,,,
5202,6a2a4efcbbfb24833d4dbca1,ORD-000080,,,,,,not_found,YarnCone not found,,,
5203,6a2a4efcbbfb24833d4dbca2,ORD-000080,,,,,,not_found,YarnCone not found,,,
5204,6a2a4efcbbfb24833d4dbca3,ORD-000080,,,,,,not_found,YarnCone not found,,,
5205,6a2a4f2cbbfb24833d4dbe26,ORD-000080,,,,,,not_found,YarnCone not found,,,
5206,6a2a4f2cbbfb24833d4dbe27,ORD-000080,,,,,,not_found,YarnCone not found,,,
5207,6a2a4f2cbbfb24833d4dbe28,ORD-000080,,,,,,not_found,YarnCone not found,,,
5208,6a2a4f2cbbfb24833d4dbe29,ORD-000080,,,,,,not_found,YarnCone not found,,,
5209,6a2a4f2cbbfb24833d4dbe2b,ORD-000080,,,,,,not_found,YarnCone not found,,,
5210,6a2a4f2cbbfb24833d4dbe2c,ORD-000080,,,,,,not_found,YarnCone not found,,,
5211,6a2a4f2cbbfb24833d4dbe2d,ORD-000080,,,,,,not_found,YarnCone not found,,,
5212,6a2a4f2cbbfb24833d4dbe2e,ORD-000080,,,,,,not_found,YarnCone not found,,,
5213,6a2a4f2cbbfb24833d4dbe2f,ORD-000080,,,,,,not_found,YarnCone not found,,,
5214,6a2a4f2cbbfb24833d4dbe30,ORD-000080,,,,,,not_found,YarnCone not found,,,
5215,6a2a4f2cbbfb24833d4dbe31,ORD-000080,,,,,,not_found,YarnCone not found,,,
5216,6a2a4f2cbbfb24833d4dbe32,ORD-000080,,,,,,not_found,YarnCone not found,,,
5217,6a2a4f2cbbfb24833d4dbe33,ORD-000080,,,,,,not_found,YarnCone not found,,,
5218,6a2a4f2cbbfb24833d4dbe34,ORD-000080,,,,,,not_found,YarnCone not found,,,
5219,6a2a4f2cbbfb24833d4dbe35,ORD-000080,,,,,,not_found,YarnCone not found,,,
5220,6a2a4f2cbbfb24833d4dbe36,ORD-000080,,,,,,not_found,YarnCone not found,,,
5221,6a2a4f2cbbfb24833d4dbe37,ORD-000080,,,,,,not_found,YarnCone not found,,,
5222,6a2a4f2cbbfb24833d4dbe38,ORD-000080,,,,,,not_found,YarnCone not found,,,
5223,6a2a4f2cbbfb24833d4dbe39,ORD-000080,,,,,,not_found,YarnCone not found,,,
5224,6a2a4f2cbbfb24833d4dbe3a,ORD-000080,,,,,,not_found,YarnCone not found,,,
5225,6a2a4f2cbbfb24833d4dbe3b,ORD-000080,,,,,,not_found,YarnCone not found,,,
5226,6a2a4f2cbbfb24833d4dbe3c,ORD-000080,,,,,,not_found,YarnCone not found,,,
5227,6a2a4f2cbbfb24833d4dbe3d,ORD-000080,,,,,,not_found,YarnCone not found,,,
5228,6a2a4f2cbbfb24833d4dbe3e,ORD-000080,,,,,,not_found,YarnCone not found,,,
5229,6a2a4f2cbbfb24833d4dbe3f,ORD-000080,,,,,,not_found,YarnCone not found,,,
5230,6a2a4f2cbbfb24833d4dbe40,ORD-000080,,,,,,not_found,YarnCone not found,,,
5231,6a2a4f2cbbfb24833d4dbe41,ORD-000080,,,,,,not_found,YarnCone not found,,,
5232,6a2a4f2cbbfb24833d4dbe42,ORD-000080,,,,,,not_found,YarnCone not found,,,
5233,6a2a4f2cbbfb24833d4dbe43,ORD-000080,,,,,,not_found,YarnCone not found,,,
5234,6a2a4f2cbbfb24833d4dbe44,ORD-000080,,,,,,not_found,YarnCone not found,,,
5235,6a2a4f2cbbfb24833d4dbe45,ORD-000080,,,,,,not_found,YarnCone not found,,,
5236,6a2a4f2cbbfb24833d4dbe46,ORD-000080,,,,,,not_found,YarnCone not found,,,
5237,6a2a4f2cbbfb24833d4dbe47,ORD-000080,,,,,,not_found,YarnCone not found,,,
5238,6a2a4f2cbbfb24833d4dbe48,ORD-000080,,,,,,not_found,YarnCone not found,,,
5239,6a2a4f2cbbfb24833d4dbe49,ORD-000080,,,,,,not_found,YarnCone not found,,,
5240,6a2a4f2cbbfb24833d4dbe4a,ORD-000080,,,,,,not_found,YarnCone not found,,,
5241,6a2a4f2cbbfb24833d4dbe4b,ORD-000080,,,,,,not_found,YarnCone not found,,,
5242,6a2a4f2cbbfb24833d4dbe4c,ORD-000080,,,,,,not_found,YarnCone not found,,,
5243,6a2a4f2cbbfb24833d4dbe4d,ORD-000080,,,,,,not_found,YarnCone not found,,,
5244,6a2a4f58bbfb24833d4dbf94,ORD-000080,,,,,,not_found,YarnCone not found,,,
5245,6a2a4f58bbfb24833d4dbf95,ORD-000080,,,,,,not_found,YarnCone not found,,,
5246,6a2a4f58bbfb24833d4dbf96,ORD-000080,,,,,,not_found,YarnCone not found,,,
5247,6a2a4f58bbfb24833d4dbf97,ORD-000080,,,,,,not_found,YarnCone not found,,,
5248,6a2a4f58bbfb24833d4dbf98,ORD-000080,,,,,,not_found,YarnCone not found,,,
5249,6a2a4f58bbfb24833d4dbf99,ORD-000080,,,,,,not_found,YarnCone not found,,,
5250,6a2a4f58bbfb24833d4dbf9a,ORD-000080,,,,,,not_found,YarnCone not found,,,
5251,6a2a4f58bbfb24833d4dbf9b,ORD-000080,,,,,,not_found,YarnCone not found,,,
5252,6a2a4f58bbfb24833d4dbf9c,ORD-000080,,,,,,not_found,YarnCone not found,,,
5253,6a2a4f58bbfb24833d4dbf9d,ORD-000080,,,,,,not_found,YarnCone not found,,,
5254,6a2a4f58bbfb24833d4dbf9e,ORD-000080,,,,,,not_found,YarnCone not found,,,
5255,6a2a4f58bbfb24833d4dbf9f,ORD-000080,,,,,,not_found,YarnCone not found,,,
5256,6a2a4f58bbfb24833d4dbfa0,ORD-000080,,,,,,not_found,YarnCone not found,,,
5257,6a2a4f58bbfb24833d4dbfa1,ORD-000080,,,,,,not_found,YarnCone not found,,,
5258,6a2a4f58bbfb24833d4dbfa2,ORD-000080,,,,,,not_found,YarnCone not found,,,
5259,6a2a4f58bbfb24833d4dbfa3,ORD-000080,,,,,,not_found,YarnCone not found,,,
5260,6a2a4f58bbfb24833d4dbfa4,ORD-000080,,,,,,not_found,YarnCone not found,,,
5261,6a2a4f58bbfb24833d4dbfa5,ORD-000080,,,,,,not_found,YarnCone not found,,,
5262,6a2a4f58bbfb24833d4dbfa6,ORD-000080,,,,,,not_found,YarnCone not found,,,
5263,6a2a4f58bbfb24833d4dbfa7,ORD-000080,,,,,,not_found,YarnCone not found,,,
5264,6a2a4f58bbfb24833d4dbfa8,ORD-000080,,,,,,not_found,YarnCone not found,,,
5265,6a2a4f58bbfb24833d4dbfa9,ORD-000080,,,,,,not_found,YarnCone not found,,,
5266,6a2a4f58bbfb24833d4dbfaa,ORD-000080,,,,,,not_found,YarnCone not found,,,
5267,6a2a4f58bbfb24833d4dbfab,ORD-000080,,,,,,not_found,YarnCone not found,,,
5268,6a2a4f58bbfb24833d4dbfac,ORD-000080,,,,,,not_found,YarnCone not found,,,
5269,6a2a4f58bbfb24833d4dbfad,ORD-000080,,,,,,not_found,YarnCone not found,,,
5270,6a2a4f58bbfb24833d4dbfae,ORD-000080,,,,,,not_found,YarnCone not found,,,
5271,6a2a4f58bbfb24833d4dbfaf,ORD-000080,,,,,,not_found,YarnCone not found,,,
5272,6a2a4f58bbfb24833d4dbfb0,ORD-000080,,,,,,not_found,YarnCone not found,,,
5273,6a2a4f58bbfb24833d4dbfb1,ORD-000080,,,,,,not_found,YarnCone not found,,,
5274,6a2a4f58bbfb24833d4dbfb2,ORD-000080,,,,,,not_found,YarnCone not found,,,
5275,6a2a4f58bbfb24833d4dbfb3,ORD-000080,,,,,,not_found,YarnCone not found,,,
5276,6a2a4f58bbfb24833d4dbfb5,ORD-000080,,,,,,not_found,YarnCone not found,,,
5277,6a2a4f58bbfb24833d4dbfb6,ORD-000080,,,,,,not_found,YarnCone not found,,,
5278,6a2a4f58bbfb24833d4dbfb7,ORD-000080,,,,,,not_found,YarnCone not found,,,
5279,6a2a4f58bbfb24833d4dbfb8,ORD-000080,,,,,,not_found,YarnCone not found,,,
5280,6a2a4f58bbfb24833d4dbfb9,ORD-000080,,,,,,not_found,YarnCone not found,,,
5281,6a2a4f58bbfb24833d4dbfba,ORD-000080,,,,,,not_found,YarnCone not found,,,
5282,6a2a4f58bbfb24833d4dbfbb,ORD-000080,,,,,,not_found,YarnCone not found,,,
5283,6a2a4f78bbfb24833d4dc100,ORD-000080,,,,,,not_found,YarnCone not found,,,
5284,6a2a4f78bbfb24833d4dc101,ORD-000080,,,,,,not_found,YarnCone not found,,,
5285,6a2a4f78bbfb24833d4dc102,ORD-000080,,,,,,not_found,YarnCone not found,,,
5286,6a2a4f78bbfb24833d4dc103,ORD-000080,,,,,,not_found,YarnCone not found,,,
5287,6a2a4f78bbfb24833d4dc104,ORD-000080,,,,,,not_found,YarnCone not found,,,
5288,6a2a4f78bbfb24833d4dc105,ORD-000080,,,,,,not_found,YarnCone not found,,,
5289,6a2a4f78bbfb24833d4dc106,ORD-000080,,,,,,not_found,YarnCone not found,,,
5290,6a2a4f78bbfb24833d4dc107,ORD-000080,,,,,,not_found,YarnCone not found,,,
5291,6a2a4f78bbfb24833d4dc108,ORD-000080,,,,,,not_found,YarnCone not found,,,
5292,6a2a4f78bbfb24833d4dc109,ORD-000080,,,,,,not_found,YarnCone not found,,,
5293,6a2a4f78bbfb24833d4dc10a,ORD-000080,,,,,,not_found,YarnCone not found,,,
5294,6a2a4f78bbfb24833d4dc10b,ORD-000080,,,,,,not_found,YarnCone not found,,,
5295,6a2a4f78bbfb24833d4dc10c,ORD-000080,,,,,,not_found,YarnCone not found,,,
5296,6a2a4f78bbfb24833d4dc10d,ORD-000080,,,,,,not_found,YarnCone not found,,,
5297,6a2a4f78bbfb24833d4dc10e,ORD-000080,,,,,,not_found,YarnCone not found,,,
5298,6a2a4f78bbfb24833d4dc10f,ORD-000080,,,,,,not_found,YarnCone not found,,,
5299,6a2a4f78bbfb24833d4dc110,ORD-000080,,,,,,not_found,YarnCone not found,,,
5300,6a2a4f78bbfb24833d4dc111,ORD-000080,,,,,,not_found,YarnCone not found,,,
5301,6a2a4f78bbfb24833d4dc112,ORD-000080,,,,,,not_found,YarnCone not found,,,
5302,6a2a4f78bbfb24833d4dc113,ORD-000080,,,,,,not_found,YarnCone not found,,,
5303,6a2a4f78bbfb24833d4dc114,ORD-000080,,,,,,not_found,YarnCone not found,,,
5304,6a2a4f78bbfb24833d4dc115,ORD-000080,,,,,,not_found,YarnCone not found,,,
5305,6a2a4f78bbfb24833d4dc116,ORD-000080,,,,,,not_found,YarnCone not found,,,
5306,6a2a4f78bbfb24833d4dc117,ORD-000080,,,,,,not_found,YarnCone not found,,,
5307,6a2a4f78bbfb24833d4dc118,ORD-000080,,,,,,not_found,YarnCone not found,,,
5308,6a2a4f78bbfb24833d4dc119,ORD-000080,,,,,,not_found,YarnCone not found,,,
5309,6a2a4f78bbfb24833d4dc11a,ORD-000080,,,,,,not_found,YarnCone not found,,,
5310,6a2a4f78bbfb24833d4dc11b,ORD-000080,,,,,,not_found,YarnCone not found,,,
5311,6a2a4f78bbfb24833d4dc11c,ORD-000080,,,,,,not_found,YarnCone not found,,,
5312,6a2a4f78bbfb24833d4dc11d,ORD-000080,,,,,,not_found,YarnCone not found,,,
5313,6a2a4f78bbfb24833d4dc11e,ORD-000080,,,,,,not_found,YarnCone not found,,,
5314,6a2a4f78bbfb24833d4dc11f,ORD-000080,,,,,,not_found,YarnCone not found,,,
5315,6a2a4f78bbfb24833d4dc120,ORD-000080,,,,,,not_found,YarnCone not found,,,
5316,6a2a4f78bbfb24833d4dc121,ORD-000080,,,,,,not_found,YarnCone not found,,,
5317,6a2a4f78bbfb24833d4dc122,ORD-000080,,,,,,not_found,YarnCone not found,,,
5318,6a2a4f78bbfb24833d4dc123,ORD-000080,,,,,,not_found,YarnCone not found,,,
5319,6a2a4f78bbfb24833d4dc124,ORD-000080,,,,,,not_found,YarnCone not found,,,
5320,6a2a4f78bbfb24833d4dc125,ORD-000080,,,,,,not_found,YarnCone not found,,,
5321,6a2a4f78bbfb24833d4dc126,ORD-000080,,,,,,not_found,YarnCone not found,,,
5322,6a2a4f78bbfb24833d4dc127,ORD-000080,,,,,,not_found,YarnCone not found,,,
5323,6a2a4fdebbfb24833d4dc259,ORD-000080,,,,,,not_found,YarnCone not found,,,
5324,6a2a4fdebbfb24833d4dc25a,ORD-000080,,,,,,not_found,YarnCone not found,,,
5325,6a2a4fdebbfb24833d4dc25b,ORD-000080,,,,,,not_found,YarnCone not found,,,
5326,6a2a4fdebbfb24833d4dc25c,ORD-000080,,,,,,not_found,YarnCone not found,,,
5327,6a2a4fdebbfb24833d4dc25d,ORD-000080,,,,,,not_found,YarnCone not found,,,
5328,6a2a4fdebbfb24833d4dc25e,ORD-000080,,,,,,not_found,YarnCone not found,,,
5329,6a2a4fdebbfb24833d4dc25f,ORD-000080,,,,,,not_found,YarnCone not found,,,
5330,6a2a4fdebbfb24833d4dc260,ORD-000080,,,,,,not_found,YarnCone not found,,,
5331,6a2a4fdebbfb24833d4dc261,ORD-000080,,,,,,not_found,YarnCone not found,,,
5332,6a2a4fdebbfb24833d4dc262,ORD-000080,,,,,,not_found,YarnCone not found,,,
5333,6a2a4fdebbfb24833d4dc263,ORD-000080,,,,,,not_found,YarnCone not found,,,
5334,6a2a4fdebbfb24833d4dc264,ORD-000080,,,,,,not_found,YarnCone not found,,,
5335,6a2a4fdebbfb24833d4dc265,ORD-000080,,,,,,not_found,YarnCone not found,,,
5336,6a2a4fdebbfb24833d4dc266,ORD-000080,,,,,,not_found,YarnCone not found,,,
5337,6a2a4fdebbfb24833d4dc267,ORD-000080,,,,,,not_found,YarnCone not found,,,
5338,6a2a4fdebbfb24833d4dc268,ORD-000080,,,,,,not_found,YarnCone not found,,,
5339,6a2a4fdebbfb24833d4dc269,ORD-000080,,,,,,not_found,YarnCone not found,,,
5340,6a2a4fdebbfb24833d4dc26a,ORD-000080,,,,,,not_found,YarnCone not found,,,
5341,6a2a4fdebbfb24833d4dc26b,ORD-000080,,,,,,not_found,YarnCone not found,,,
5342,6a2a4fdebbfb24833d4dc26c,ORD-000080,,,,,,not_found,YarnCone not found,,,
5343,6a2a4fdebbfb24833d4dc26d,ORD-000080,,,,,,not_found,YarnCone not found,,,
5344,6a2a4fdebbfb24833d4dc26e,ORD-000080,,,,,,not_found,YarnCone not found,,,
5345,6a2a4fdebbfb24833d4dc270,ORD-000080,,,,,,not_found,YarnCone not found,,,
5346,6a2a4fdebbfb24833d4dc271,ORD-000080,,,,,,not_found,YarnCone not found,,,
5347,6a2a4fdebbfb24833d4dc272,ORD-000080,,,,,,not_found,YarnCone not found,,,
5348,6a2a4fdebbfb24833d4dc273,ORD-000080,,,,,,not_found,YarnCone not found,,,
5349,6a2a4fdebbfb24833d4dc274,ORD-000080,,,,,,not_found,YarnCone not found,,,
5350,6a2a4fdebbfb24833d4dc275,ORD-000080,,,,,,not_found,YarnCone not found,,,
5351,6a2a4fdebbfb24833d4dc276,ORD-000080,,,,,,not_found,YarnCone not found,,,
5352,6a2a4fdebbfb24833d4dc277,ORD-000080,,,,,,not_found,YarnCone not found,,,
5353,6a2a4fdebbfb24833d4dc278,ORD-000080,,,,,,not_found,YarnCone not found,,,
5354,6a2a4fdebbfb24833d4dc279,ORD-000080,,,,,,not_found,YarnCone not found,,,
5355,6a2a4fdebbfb24833d4dc27a,ORD-000080,,,,,,not_found,YarnCone not found,,,
5356,6a2a4fdebbfb24833d4dc27b,ORD-000080,,,,,,not_found,YarnCone not found,,,
5357,6a2a4fdebbfb24833d4dc27c,ORD-000080,,,,,,not_found,YarnCone not found,,,
5358,6a2a4fdebbfb24833d4dc27d,ORD-000080,,,,,,not_found,YarnCone not found,,,
5359,6a2a4fdebbfb24833d4dc27e,ORD-000080,,,,,,not_found,YarnCone not found,,,
5360,6a2a4fdebbfb24833d4dc27f,ORD-000080,,,,,,not_found,YarnCone not found,,,
5361,6a2a4fdebbfb24833d4dc280,ORD-000080,,,,,,not_found,YarnCone not found,,,
5362,6a2a502abbfb24833d4dc7db,ORD-000080,,,,,,not_found,YarnCone not found,,,
5363,6a2a502abbfb24833d4dc7dc,ORD-000080,,,,,,not_found,YarnCone not found,,,
5364,6a2a502abbfb24833d4dc7dd,ORD-000080,,,,,,not_found,YarnCone not found,,,
5365,6a2a502abbfb24833d4dc7de,ORD-000080,,,,,,not_found,YarnCone not found,,,
5366,6a2a502abbfb24833d4dc7df,ORD-000080,,,,,,not_found,YarnCone not found,,,
5367,6a2a502abbfb24833d4dc7e0,ORD-000080,,,,,,not_found,YarnCone not found,,,
5368,6a2a502abbfb24833d4dc7e1,ORD-000080,,,,,,not_found,YarnCone not found,,,
5369,6a2a502abbfb24833d4dc7e2,ORD-000080,,,,,,not_found,YarnCone not found,,,
5370,6a2a502abbfb24833d4dc7e3,ORD-000080,,,,,,not_found,YarnCone not found,,,
5371,6a2a502abbfb24833d4dc7e4,ORD-000080,,,,,,not_found,YarnCone not found,,,
5372,6a2a502abbfb24833d4dc7e5,ORD-000080,,,,,,not_found,YarnCone not found,,,
5373,6a2a502abbfb24833d4dc7e6,ORD-000080,,,,,,not_found,YarnCone not found,,,
5374,6a2a502abbfb24833d4dc7e8,ORD-000080,,,,,,not_found,YarnCone not found,,,
5375,6a2a502abbfb24833d4dc7e9,ORD-000080,,,,,,not_found,YarnCone not found,,,
5376,6a2a502abbfb24833d4dc7ea,ORD-000080,,,,,,not_found,YarnCone not found,,,
5377,6a2a502abbfb24833d4dc7eb,ORD-000080,,,,,,not_found,YarnCone not found,,,
5378,6a2a502abbfb24833d4dc7ec,ORD-000080,,,,,,not_found,YarnCone not found,,,
5379,6a2a502abbfb24833d4dc7ed,ORD-000080,,,,,,not_found,YarnCone not found,,,
5380,6a2a502abbfb24833d4dc7ee,ORD-000080,,,,,,not_found,YarnCone not found,,,
5381,6a2a502abbfb24833d4dc7ef,ORD-000080,,,,,,not_found,YarnCone not found,,,
5382,6a2a502abbfb24833d4dc7f0,ORD-000080,,,,,,not_found,YarnCone not found,,,
5383,6a2a502abbfb24833d4dc7f1,ORD-000080,,,,,,not_found,YarnCone not found,,,
5384,6a2a502abbfb24833d4dc7f2,ORD-000080,,,,,,not_found,YarnCone not found,,,
5385,6a2a502abbfb24833d4dc7f3,ORD-000080,,,,,,not_found,YarnCone not found,,,
5386,6a2a502abbfb24833d4dc7f4,ORD-000080,,,,,,not_found,YarnCone not found,,,
5387,6a2a502abbfb24833d4dc7f5,ORD-000080,,,,,,not_found,YarnCone not found,,,
5388,6a2a502abbfb24833d4dc7f6,ORD-000080,,,,,,not_found,YarnCone not found,,,
5389,6a2a502abbfb24833d4dc7f7,ORD-000080,,,,,,not_found,YarnCone not found,,,
5390,6a2a502abbfb24833d4dc7f8,ORD-000080,,,,,,not_found,YarnCone not found,,,
5391,6a2a502abbfb24833d4dc7f9,ORD-000080,,,,,,not_found,YarnCone not found,,,
5392,6a2a502abbfb24833d4dc7fa,ORD-000080,,,,,,not_found,YarnCone not found,,,
5393,6a2a502abbfb24833d4dc7fb,ORD-000080,,,,,,not_found,YarnCone not found,,,
5394,6a2a502abbfb24833d4dc7fc,ORD-000080,,,,,,not_found,YarnCone not found,,,
5395,6a2a502abbfb24833d4dc7fd,ORD-000080,,,,,,not_found,YarnCone not found,,,
5396,6a2a502abbfb24833d4dc7fe,ORD-000080,,,,,,not_found,YarnCone not found,,,
5397,6a2a502abbfb24833d4dc7ff,ORD-000080,,,,,,not_found,YarnCone not found,,,
5398,6a2a502abbfb24833d4dc800,ORD-000080,,,,,,not_found,YarnCone not found,,,
5399,6a2a502abbfb24833d4dc801,ORD-000080,,,,,,not_found,YarnCone not found,,,
5400,6a2a5085bbfb24833d4dd916,ORD-000080,,,,,,not_found,YarnCone not found,,,
5401,6a2a5085bbfb24833d4dd917,ORD-000080,,,,,,not_found,YarnCone not found,,,
5402,6a2a5085bbfb24833d4dd918,ORD-000080,,,,,,not_found,YarnCone not found,,,
5403,6a2a5085bbfb24833d4dd91a,ORD-000080,,,,,,not_found,YarnCone not found,,,
5404,6a2a5085bbfb24833d4dd91c,ORD-000081,,,,,,not_found,YarnCone not found,,,
5405,6a2a5085bbfb24833d4dd91d,ORD-000081,,,,,,not_found,YarnCone not found,,,
5406,6a2a5085bbfb24833d4dd91e,ORD-000081,,,,,,not_found,YarnCone not found,,,
5407,6a2a5085bbfb24833d4dd91f,ORD-000081,,,,,,not_found,YarnCone not found,,,
5408,6a2a5085bbfb24833d4dd920,ORD-000081,,,,,,not_found,YarnCone not found,,,
5409,6a2a5085bbfb24833d4dd921,ORD-000080,,,,,,not_found,YarnCone not found,,,
5410,6a2a5085bbfb24833d4dd922,ORD-000080,,,,,,not_found,YarnCone not found,,,
5411,6a2a5085bbfb24833d4dd923,ORD-000080,,,,,,not_found,YarnCone not found,,,
5412,6a2a5085bbfb24833d4dd924,ORD-000081,,,,,,not_found,YarnCone not found,,,
5413,6a2a5085bbfb24833d4dd925,ORD-000080,,,,,,not_found,YarnCone not found,,,
5414,6a2a5085bbfb24833d4dd926,ORD-000080,,,,,,not_found,YarnCone not found,,,
5415,6a2a5085bbfb24833d4dd927,ORD-000081,,,,,,not_found,YarnCone not found,,,
5416,6a2a5085bbfb24833d4dd928,ORD-000080,,,,,,not_found,YarnCone not found,,,
5417,6a2a5085bbfb24833d4dd929,ORD-000080,,,,,,not_found,YarnCone not found,,,
5418,6a2a5085bbfb24833d4dd92a,ORD-000081,,,,,,not_found,YarnCone not found,,,
5419,6a2a5085bbfb24833d4dd92b,ORD-000080,,,,,,not_found,YarnCone not found,,,
5420,6a2a5085bbfb24833d4dd92c,ORD-000080,,,,,,not_found,YarnCone not found,,,
5421,6a2a5085bbfb24833d4dd92d,ORD-000080,,,,,,not_found,YarnCone not found,,,
5422,6a2a5085bbfb24833d4dd92e,ORD-000080,,,,,,not_found,YarnCone not found,,,
5423,6a2a5085bbfb24833d4dd92f,ORD-000080,,,,,,not_found,YarnCone not found,,,
5424,6a2a5085bbfb24833d4dd930,ORD-000080,,,,,,not_found,YarnCone not found,,,
5425,6a2a5085bbfb24833d4dd932,ORD-000081,,,,,,not_found,YarnCone not found,,,
5426,6a2a5085bbfb24833d4dd933,ORD-000081,,,,,,not_found,YarnCone not found,,,
5427,6a2a5085bbfb24833d4dd934,ORD-000081,,,,,,not_found,YarnCone not found,,,
5428,6a2a5085bbfb24833d4dd935,ORD-000080,,,,,,not_found,YarnCone not found,,,
5429,6a2a5085bbfb24833d4dd936,ORD-000080,,,,,,not_found,YarnCone not found,,,
5430,6a2a5085bbfb24833d4dd937,ORD-000080,,,,,,not_found,YarnCone not found,,,
5431,6a2a5085bbfb24833d4dd938,ORD-000080,,,,,,not_found,YarnCone not found,,,
5432,6a2a5085bbfb24833d4dd939,ORD-000081,,,,,,not_found,YarnCone not found,,,
5433,6a2a5085bbfb24833d4dd93a,ORD-000080,,,,,,not_found,YarnCone not found,,,
5434,6a2a5085bbfb24833d4dd93b,ORD-000081,,,,,,not_found,YarnCone not found,,,
5435,6a2a5085bbfb24833d4dd93c,ORD-000080,,,,,,not_found,YarnCone not found,,,
5436,6a2a5085bbfb24833d4dd93d,ORD-000081,,,,,,not_found,YarnCone not found,,,
5437,6a2a50f3bbfb24833d4decd1,ORD-000081,,,,,,not_found,YarnCone not found,,,
5438,6a2a50f3bbfb24833d4decd2,ORD-000081,,,,,,not_found,YarnCone not found,,,
5439,6a2a50f3bbfb24833d4decd3,ORD-000081,,,,,,not_found,YarnCone not found,,,
5440,6a2a50f3bbfb24833d4decd4,ORD-000081,,,,,,not_found,YarnCone not found,,,
5441,6a2a50f3bbfb24833d4decd5,ORD-000081,,,,,,not_found,YarnCone not found,,,
5442,6a2a50f3bbfb24833d4decd6,ORD-000081,,,,,,not_found,YarnCone not found,,,
5443,6a2a50f3bbfb24833d4decd7,ORD-000081,,,,,,not_found,YarnCone not found,,,
5444,6a2a50f3bbfb24833d4decd8,ORD-000081,,,,,,not_found,YarnCone not found,,,
5445,6a2a50f3bbfb24833d4decd9,ORD-000081,,,,,,not_found,YarnCone not found,,,
5446,6a2a50f3bbfb24833d4decda,ORD-000081,,,,,,not_found,YarnCone not found,,,
5447,6a2a50f3bbfb24833d4decdb,ORD-000081,,,,,,not_found,YarnCone not found,,,
5448,6a2a50f3bbfb24833d4decdc,ORD-000081,,,,,,not_found,YarnCone not found,,,
5449,6a2a50f3bbfb24833d4decdd,ORD-000081,,,,,,not_found,YarnCone not found,,,
5450,6a2a50f3bbfb24833d4decde,ORD-000081,,,,,,not_found,YarnCone not found,,,
5451,6a2a50f3bbfb24833d4decdf,ORD-000081,,,,,,not_found,YarnCone not found,,,
5452,6a2a50f3bbfb24833d4dece0,ORD-000081,,,,,,not_found,YarnCone not found,,,
5453,6a2a50f3bbfb24833d4dece1,ORD-000081,,,,,,not_found,YarnCone not found,,,
5454,6a2a50f3bbfb24833d4dece2,ORD-000081,,,,,,not_found,YarnCone not found,,,
5455,6a2a50f3bbfb24833d4dece3,ORD-000081,,,,,,not_found,YarnCone not found,,,
5456,6a2a50f3bbfb24833d4dece4,ORD-000081,,,,,,not_found,YarnCone not found,,,
5457,6a2a50f3bbfb24833d4dece5,ORD-000081,,,,,,not_found,YarnCone not found,,,
5458,6a2a50f3bbfb24833d4dece6,ORD-000081,,,,,,not_found,YarnCone not found,,,
5459,6a2a50f3bbfb24833d4dece7,ORD-000081,,,,,,not_found,YarnCone not found,,,
5460,6a2a50f3bbfb24833d4dece9,ORD-000081,,,,,,not_found,YarnCone not found,,,
5461,6a2a50f3bbfb24833d4decea,ORD-000081,,,,,,not_found,YarnCone not found,,,
5462,6a2a50f3bbfb24833d4deceb,ORD-000081,,,,,,not_found,YarnCone not found,,,
5463,6a2a50f3bbfb24833d4decec,ORD-000081,,,,,,not_found,YarnCone not found,,,
5464,6a2a50f3bbfb24833d4deced,ORD-000081,,,,,,not_found,YarnCone not found,,,
5465,6a2a50f3bbfb24833d4decee,ORD-000081,,,,,,not_found,YarnCone not found,,,
5466,6a2a50f3bbfb24833d4decef,ORD-000081,,,,,,not_found,YarnCone not found,,,
5467,6a2a50f3bbfb24833d4decf0,ORD-000081,,,,,,not_found,YarnCone not found,,,
5468,6a2a50f3bbfb24833d4decf1,ORD-000081,,,,,,not_found,YarnCone not found,,,
5469,6a2a50f3bbfb24833d4decf2,ORD-000081,,,,,,not_found,YarnCone not found,,,
5470,6a2a50f3bbfb24833d4decf4,ORD-000081,,,,,,not_found,YarnCone not found,,,
5471,6a2a50f3bbfb24833d4decf6,ORD-000081,,,,,,not_found,YarnCone not found,,,
5472,6a2a50f3bbfb24833d4decf7,ORD-000081,,,,,,not_found,YarnCone not found,,,
5473,6a2a50f3bbfb24833d4decf8,ORD-000081,,,,,,not_found,YarnCone not found,,,
5474,6a2a51d9bbfb24833d4e04b0,ORD-000081,,,,,,not_found,YarnCone not found,,,
5475,6a2a51d9bbfb24833d4e04b1,ORD-000081,,,,,,not_found,YarnCone not found,,,
5476,6a2a51d9bbfb24833d4e04b2,ORD-000081,,,,,,not_found,YarnCone not found,,,
5477,6a2a51d9bbfb24833d4e04b4,ORD-000081,,,,,,not_found,YarnCone not found,,,
5478,6a2a51d9bbfb24833d4e04b5,ORD-000081,,,,,,not_found,YarnCone not found,,,
5479,6a2a51d9bbfb24833d4e04b6,ORD-000081,,,,,,not_found,YarnCone not found,,,
5480,6a2a51d9bbfb24833d4e04b7,ORD-000081,,,,,,not_found,YarnCone not found,,,
5481,6a2a51d9bbfb24833d4e04b8,ORD-000081,,,,,,not_found,YarnCone not found,,,
5482,6a2a51d9bbfb24833d4e04b9,ORD-000081,,,,,,not_found,YarnCone not found,,,
5483,6a2a51d9bbfb24833d4e04ba,ORD-000081,,,,,,not_found,YarnCone not found,,,
5484,6a2a51d9bbfb24833d4e04bb,ORD-000081,,,,,,not_found,YarnCone not found,,,
5485,6a2a51d9bbfb24833d4e04bd,ORD-000081,,,,,,not_found,YarnCone not found,,,
5486,6a2a51d9bbfb24833d4e04be,ORD-000081,,,,,,not_found,YarnCone not found,,,
5487,6a2a51d9bbfb24833d4e04bf,ORD-000081,,,,,,not_found,YarnCone not found,,,
5488,6a2a51d9bbfb24833d4e04c0,ORD-000081,,,,,,not_found,YarnCone not found,,,
5489,6a2a51d9bbfb24833d4e04c1,ORD-000081,,,,,,not_found,YarnCone not found,,,
5490,6a2a51d9bbfb24833d4e04c2,ORD-000081,,,,,,not_found,YarnCone not found,,,
5491,6a2a51d9bbfb24833d4e04c3,ORD-000081,,,,,,not_found,YarnCone not found,,,
5492,6a2a51d9bbfb24833d4e04c4,ORD-000081,,,,,,not_found,YarnCone not found,,,
5493,6a2a51d9bbfb24833d4e04c5,ORD-000081,,,,,,not_found,YarnCone not found,,,
5494,6a2a51d9bbfb24833d4e04c7,ORD-000081,,,,,,not_found,YarnCone not found,,,
5495,6a2a51d9bbfb24833d4e04c8,ORD-000081,,,,,,not_found,YarnCone not found,,,
5496,6a2a51d9bbfb24833d4e04c9,ORD-000081,,,,,,not_found,YarnCone not found,,,
5497,6a2a51d9bbfb24833d4e04ca,ORD-000081,,,,,,not_found,YarnCone not found,,,
5498,6a2a51d9bbfb24833d4e04cb,ORD-000081,,,,,,not_found,YarnCone not found,,,
5499,6a2a51d9bbfb24833d4e04cc,ORD-000081,,,,,,not_found,YarnCone not found,,,
5500,6a2a51d9bbfb24833d4e04cd,ORD-000081,,,,,,not_found,YarnCone not found,,,
5501,6a2a51d9bbfb24833d4e04cf,ORD-000081,,,,,,not_found,YarnCone not found,,,
5502,6a2a51d9bbfb24833d4e04d1,ORD-000081,,,,,,not_found,YarnCone not found,,,
5503,6a2a51d9bbfb24833d4e04d2,ORD-000081,,,,,,not_found,YarnCone not found,,,
5504,6a2a51d9bbfb24833d4e04d3,ORD-000081,,,,,,not_found,YarnCone not found,,,
5505,6a2a51d9bbfb24833d4e04d4,ORD-000081,,,,,,not_found,YarnCone not found,,,
5506,6a2a51d9bbfb24833d4e04d5,ORD-000081,,,,,,not_found,YarnCone not found,,,
5507,6a2a51d9bbfb24833d4e04d6,ORD-000081,,,,,,not_found,YarnCone not found,,,
5508,6a2a957dbbfb24833d51aa66,ORD-000077,,,,,,not_found,YarnCone not found,,,
5509,6a2a957dbbfb24833d51aa67,ORD-000080,,,,,,not_found,YarnCone not found,,,
5510,6a2a957dbbfb24833d51aa68,ORD-000077,,,,,,not_found,YarnCone not found,,,
5511,6a2a957dbbfb24833d51aa69,ORD-000077,,,,,,not_found,YarnCone not found,,,
5512,6a2a957dbbfb24833d51aa6a,ORD-000080,,,,,,not_found,YarnCone not found,,,
5513,6a2a957dbbfb24833d51aa6b,ORD-000080,,,,,,not_found,YarnCone not found,,,
5514,6a2a957dbbfb24833d51aa6c,ORD-000080,,,,,,not_found,YarnCone not found,,,
5515,6a2a957dbbfb24833d51aa6d,ORD-000080,,,,,,not_found,YarnCone not found,,,
5516,6a2a957dbbfb24833d51aa6e,ORD-000080,,,,,,not_found,YarnCone not found,,,
5517,6a2a957dbbfb24833d51aa6f,ORD-000080,,,,,,not_found,YarnCone not found,,,
5518,6a2a957dbbfb24833d51aa70,ORD-000080,,,,,,not_found,YarnCone not found,,,
5519,6a2a957dbbfb24833d51aa71,ORD-000080,,,,,,not_found,YarnCone not found,,,
5520,6a2a957dbbfb24833d51aa72,ORD-000080,,,,,,not_found,YarnCone not found,,,
5521,6a2a957dbbfb24833d51aa73,ORD-000080,,,,,,not_found,YarnCone not found,,,
5522,6a2a957dbbfb24833d51aa74,ORD-000080,,,,,,not_found,YarnCone not found,,,
5523,6a2a957dbbfb24833d51aa75,ORD-000080,,,,,,not_found,YarnCone not found,,,
5524,6a2a957dbbfb24833d51aa76,ORD-000080,,,,,,not_found,YarnCone not found,,,
5525,6a2a957dbbfb24833d51aa77,ORD-000080,,,,,,not_found,YarnCone not found,,,
5526,6a2a957dbbfb24833d51aa78,ORD-000080,,,,,,not_found,YarnCone not found,,,
5527,6a2a9c9dbbfb24833d51ce54,ORD-000079,,,,,,not_found,YarnCone not found,,,
5528,6a2a9c9dbbfb24833d51ce55,ORD-000079,,,,,,not_found,YarnCone not found,,,
5529,6a2a9c9dbbfb24833d51ce56,ORD-000079,,,,,,not_found,YarnCone not found,,,
5530,6a2a9c9dbbfb24833d51ce57,ORD-000079,,,,,,not_found,YarnCone not found,,,
5531,6a2a9c9dbbfb24833d51ce58,ORD-000079,,,,,,not_found,YarnCone not found,,,
5532,6a2a9c9dbbfb24833d51ce5a,ORD-000079,,,,,,not_found,YarnCone not found,,,
5533,6a2a9c9dbbfb24833d51ce5b,ORD-000079,,,,,,not_found,YarnCone not found,,,
5534,6a2a9c9dbbfb24833d51ce5c,ORD-000079,,,,,,not_found,YarnCone not found,,,
5535,6a2a9c9dbbfb24833d51ce5d,ORD-000079,,,,,,not_found,YarnCone not found,,,
5536,6a2a9c9dbbfb24833d51ce5e,ORD-000079,,,,,,not_found,YarnCone not found,,,
5537,6a2a9c9dbbfb24833d51ce5f,ORD-000079,,,,,,not_found,YarnCone not found,,,
5538,6a2a9c9dbbfb24833d51ce60,ORD-000079,,,,,,not_found,YarnCone not found,,,
5539,6a2a9c9dbbfb24833d51ce61,ORD-000079,,,,,,not_found,YarnCone not found,,,
5540,6a2a9c9dbbfb24833d51ce62,ORD-000079,,,,,,not_found,YarnCone not found,,,
5541,6a2a9c9dbbfb24833d51ce63,ORD-000079,,,,,,not_found,YarnCone not found,,,
5542,6a2a9c9dbbfb24833d51ce64,ORD-000079,,,,,,not_found,YarnCone not found,,,
5543,6a2a9c9dbbfb24833d51ce65,ORD-000079,,,,,,not_found,YarnCone not found,,,
5544,6a2a9ce2bbfb24833d51cfbe,ORD-000079,,,,,,not_found,YarnCone not found,,,
5545,6a2a9ce2bbfb24833d51cfbf,ORD-000079,,,,,,not_found,YarnCone not found,,,
5546,6a2a9ce2bbfb24833d51cfc0,ORD-000079,,,,,,not_found,YarnCone not found,,,
5547,6a2a9ce2bbfb24833d51cfc1,ORD-000079,,,,,,not_found,YarnCone not found,,,
5548,6a2a9ce2bbfb24833d51cfc3,ORD-000079,,,,,,not_found,YarnCone not found,,,
5549,6a2a9ce2bbfb24833d51cfc4,ORD-000079,,,,,,not_found,YarnCone not found,,,
5550,6a2a9ce2bbfb24833d51cfc5,ORD-000079,,,,,,not_found,YarnCone not found,,,
5551,6a2a9ce2bbfb24833d51cfc8,ORD-000079,,,,,,not_found,YarnCone not found,,,
5552,6a2a9ce2bbfb24833d51cfc9,ORD-000079,,,,,,not_found,YarnCone not found,,,
5553,6a2a9ce2bbfb24833d51cfca,ORD-000079,,,,,,not_found,YarnCone not found,,,
5554,6a2a9ce2bbfb24833d51cfcb,ORD-000079,,,,,,not_found,YarnCone not found,,,
5555,6a2a9ce2bbfb24833d51cfcc,ORD-000079,,,,,,not_found,YarnCone not found,,,
5556,6a2a9ce2bbfb24833d51cfcd,ORD-000079,,,,,,not_found,YarnCone not found,,,
5557,6a2a9ce2bbfb24833d51cfce,ORD-000079,,,,,,not_found,YarnCone not found,,,
5558,6a2a9ce2bbfb24833d51cfcf,ORD-000079,,,,,,not_found,YarnCone not found,,,
5559,6a2b86d3bbfb24833d52c2f0,ORD-000080,,,,,,not_found,YarnCone not found,,,
5560,6a2b86d3bbfb24833d52c2f1,ORD-000082,,,,,,not_found,YarnCone not found,,,
5561,6a2b86d3bbfb24833d52c2f2,ORD-000080,,,,,,not_found,YarnCone not found,,,
5562,6a2b86d3bbfb24833d52c2f3,ORD-000080,,,,,,not_found,YarnCone not found,,,
5563,6a2b86d3bbfb24833d52c2f5,ORD-000082,,,,,,not_found,YarnCone not found,,,
5564,6a2b86d3bbfb24833d52c2f6,ORD-000080,,,,,,not_found,YarnCone not found,,,
5565,6a2b86d3bbfb24833d52c2f9,ORD-000082,,,,,,not_found,YarnCone not found,,,
5566,6a2b86d3bbfb24833d52c2fa,ORD-000082,,,,,,not_found,YarnCone not found,,,
5567,6a2b86d3bbfb24833d52c2fb,ORD-000080,,,,,,not_found,YarnCone not found,,,
5568,6a2b86d3bbfb24833d52c2fc,ORD-000080,,,,,,not_found,YarnCone not found,,,
5569,6a2b86d3bbfb24833d52c2fd,ORD-000080,,,,,,not_found,YarnCone not found,,,
5570,6a2b86d3bbfb24833d52c2fe,ORD-000080,,,,,,not_found,YarnCone not found,,,
5571,6a2b86d3bbfb24833d52c2ff,ORD-000080,,,,,,not_found,YarnCone not found,,,
5572,6a2b86d3bbfb24833d52c300,ORD-000080,,,,,,not_found,YarnCone not found,,,
5573,6a2b86d3bbfb24833d52c301,ORD-000080,,,,,,not_found,YarnCone not found,,,
5574,6a2b86d3bbfb24833d52c302,ORD-000080,,,,,,not_found,YarnCone not found,,,
5575,6a2b86d3bbfb24833d52c303,ORD-000080,,,,,,not_found,YarnCone not found,,,
5576,6a2b86d3bbfb24833d52c305,ORD-000080,,,,,,not_found,YarnCone not found,,,
5577,6a2b8729bbfb24833d52c7da,ORD-000080,,,,,,not_found,YarnCone not found,,,
5578,6a2b8729bbfb24833d52c7db,ORD-000080,,,,,,not_found,YarnCone not found,,,
5579,6a2b8729bbfb24833d52c7dc,ORD-000080,,,,,,not_found,YarnCone not found,,,
5580,6a2b8729bbfb24833d52c7dd,ORD-000083,,,,,,not_found,YarnCone not found,,,
5581,6a2b8729bbfb24833d52c7de,ORD-000080,,,,,,not_found,YarnCone not found,,,
5582,6a2b8729bbfb24833d52c7df,ORD-000080,,,,,,not_found,YarnCone not found,,,
5583,6a2b8729bbfb24833d52c7e0,ORD-000082,,,,,,not_found,YarnCone not found,,,
5584,6a2b8729bbfb24833d52c7e1,ORD-000080,,,,,,not_found,YarnCone not found,,,
5585,6a2b8729bbfb24833d52c7e2,ORD-000080,,,,,,not_found,YarnCone not found,,,
5586,6a2b8729bbfb24833d52c7e6,ORD-000082,,,,,,not_found,YarnCone not found,,,
5587,6a2b8729bbfb24833d52c7e7,ORD-000080,,,,,,not_found,YarnCone not found,,,
5588,6a2b8729bbfb24833d52c7e8,ORD-000080,,,,,,not_found,YarnCone not found,,,
5589,6a2b8729bbfb24833d52c7e9,ORD-000080,,,,,,not_found,YarnCone not found,,,
5590,6a2b8729bbfb24833d52c7ea,ORD-000080,,,,,,not_found,YarnCone not found,,,
5591,6a2b8729bbfb24833d52c7eb,ORD-000080,,,,,,not_found,YarnCone not found,,,
5592,6a2b8729bbfb24833d52c7ec,ORD-000080,,,,,,not_found,YarnCone not found,,,
5593,6a2b8729bbfb24833d52c7ed,ORD-000080,,,,,,not_found,YarnCone not found,,,
5594,6a2b8729bbfb24833d52c7ef,ORD-000080,,,,,,not_found,YarnCone not found,,,
5595,6a2b8729bbfb24833d52c7f0,ORD-000080,,,,,,not_found,YarnCone not found,,,
5596,6a2b8729bbfb24833d52c7f1,ORD-000080,,,,,,not_found,YarnCone not found,,,
5597,6a2b8757bbfb24833d52cb49,ORD-000083,,,,,,not_found,YarnCone not found,,,
5598,6a2b8757bbfb24833d52cb4a,ORD-000083,,,,,,not_found,YarnCone not found,,,
5599,6a2b8757bbfb24833d52cb4b,ORD-000083,,,,,,not_found,YarnCone not found,,,
5600,6a2b8757bbfb24833d52cb4e,ORD-000083,,,,,,not_found,YarnCone not found,,,
5601,6a2b8757bbfb24833d52cb50,ORD-000083,,,,,,not_found,YarnCone not found,,,
5602,6a2b8757bbfb24833d52cb51,ORD-000083,,,,,,not_found,YarnCone not found,,,
5603,6a2b8757bbfb24833d52cb52,ORD-000071,,,,,,not_found,YarnCone not found,,,
5604,6a2b8757bbfb24833d52cb54,ORD-000083,,,,,,not_found,YarnCone not found,,,
5605,6a2b8757bbfb24833d52cb55,ORD-000083,,,,,,not_found,YarnCone not found,,,
5606,6a2b8757bbfb24833d52cb56,ORD-000083,,,,,,not_found,YarnCone not found,,,
5607,6a2b8757bbfb24833d52cb57,ORD-000080,,,,,,not_found,YarnCone not found,,,
5608,6a2b8757bbfb24833d52cb58,ORD-000080,,,,,,not_found,YarnCone not found,,,
5609,6a2b8757bbfb24833d52cb5a,ORD-000083,,,,,,not_found,YarnCone not found,,,
5610,6a2b8757bbfb24833d52cb5c,ORD-000083,,,,,,not_found,YarnCone not found,,,
5611,6a2b8775bbfb24833d52d10b,ORD-000080,,,,,,not_found,YarnCone not found,,,
5612,6a2b8775bbfb24833d52d10d,ORD-000080,,,,,,not_found,YarnCone not found,,,
5613,6a2b8775bbfb24833d52d10e,ORD-000080,,,,,,not_found,YarnCone not found,,,
5614,6a2b8775bbfb24833d52d10f,ORD-000080,,,,,,not_found,YarnCone not found,,,
5615,6a2b8775bbfb24833d52d110,ORD-000080,,,,,,not_found,YarnCone not found,,,
5616,6a2b8775bbfb24833d52d111,ORD-000080,,,,,,not_found,YarnCone not found,,,
5617,6a2b8775bbfb24833d52d112,ORD-000080,,,,,,not_found,YarnCone not found,,,
5618,6a2b8775bbfb24833d52d113,ORD-000080,,,,,,not_found,YarnCone not found,,,
5619,6a2b8775bbfb24833d52d114,ORD-000080,,,,,,not_found,YarnCone not found,,,
5620,6a2b8775bbfb24833d52d115,ORD-000081,,,,,,not_found,YarnCone not found,,,
5621,6a2b8775bbfb24833d52d116,ORD-000080,,,,,,not_found,YarnCone not found,,,
5622,6a2b8775bbfb24833d52d117,ORD-000080,,,,,,not_found,YarnCone not found,,,
5623,6a2b8775bbfb24833d52d118,ORD-000080,,,,,,not_found,YarnCone not found,,,
5624,6a2b8775bbfb24833d52d119,ORD-000080,,,,,,not_found,YarnCone not found,,,
5625,6a2b8775bbfb24833d52d11b,ORD-000080,,,,,,not_found,YarnCone not found,,,
5626,6a2b8775bbfb24833d52d11c,ORD-000080,,,,,,not_found,YarnCone not found,,,
5627,6a2b8775bbfb24833d52d11d,ORD-000080,,,,,,not_found,YarnCone not found,,,
5628,6a2b8775bbfb24833d52d11e,ORD-000080,,,,,,not_found,YarnCone not found,,,
5629,6a2b8775bbfb24833d52d11f,ORD-000080,,,,,,not_found,YarnCone not found,,,
5630,6a2b8775bbfb24833d52d120,ORD-000080,,,,,,not_found,YarnCone not found,,,
5631,6a2b8775bbfb24833d52d121,ORD-000080,,,,,,not_found,YarnCone not found,,,
5632,6a2b87aabbfb24833d52dca3,ORD-000080,,,,,,not_found,YarnCone not found,,,
5633,6a2b87aabbfb24833d52dca4,ORD-000081,,,,,,not_found,YarnCone not found,,,
5634,6a2b87aabbfb24833d52dca5,ORD-000081,,,,,,not_found,YarnCone not found,,,
5635,6a2b87aabbfb24833d52dca6,ORD-000081,,,,,,not_found,YarnCone not found,,,
5636,6a2b87aabbfb24833d52dca7,ORD-000081,,,,,,not_found,YarnCone not found,,,
5637,6a2b87aabbfb24833d52dca8,ORD-000081,,,,,,not_found,YarnCone not found,,,
5638,6a2b87aabbfb24833d52dca9,ORD-000081,,,,,,not_found,YarnCone not found,,,
5639,6a2b87aabbfb24833d52dcaa,ORD-000081,,,,,,not_found,YarnCone not found,,,
5640,6a2b87aabbfb24833d52dcab,ORD-000081,,,,,,not_found,YarnCone not found,,,
5641,6a2b87aabbfb24833d52dcac,ORD-000081,,,,,,not_found,YarnCone not found,,,
5642,6a2b87aabbfb24833d52dcad,ORD-000080,,,,,,not_found,YarnCone not found,,,
5643,6a2b87aabbfb24833d52dcaf,ORD-000081,,,,,,not_found,YarnCone not found,,,
5644,6a2b87aabbfb24833d52dcb0,ORD-000081,,,,,,not_found,YarnCone not found,,,
5645,6a2b87aabbfb24833d52dcb1,ORD-000080,,,,,,not_found,YarnCone not found,,,
5646,6a2b87aabbfb24833d52dcb2,ORD-000081,,,,,,not_found,YarnCone not found,,,
5647,6a2b87aabbfb24833d52dcb4,ORD-000080,,,,,,not_found,YarnCone not found,,,
5648,6a2b87aabbfb24833d52dcb5,ORD-000080,,,,,,not_found,YarnCone not found,,,
5649,6a2b87aabbfb24833d52dcb6,ORD-000080,,,,,,not_found,YarnCone not found,,,
5650,6a2b87aabbfb24833d52dcb7,ORD-000080,,,,,,not_found,YarnCone not found,,,
5651,6a2b87aabbfb24833d52dcb8,ORD-000080,,,,,,not_found,YarnCone not found,,,
5652,6a2b87aabbfb24833d52dcb9,ORD-000080,,,,,,not_found,YarnCone not found,,,
5653,6a2b87cbbbfb24833d52e192,ORD-000080,,,,,,not_found,YarnCone not found,,,
5654,6a2b87cbbbfb24833d52e193,ORD-000080,,,,,,not_found,YarnCone not found,,,
5655,6a2b87cbbbfb24833d52e194,ORD-000080,,,,,,not_found,YarnCone not found,,,
5656,6a2b87cbbbfb24833d52e195,ORD-000080,,,,,,not_found,YarnCone not found,,,
5657,6a2b87cbbbfb24833d52e196,ORD-000080,,,,,,not_found,YarnCone not found,,,
5658,6a2b87cbbbfb24833d52e197,ORD-000080,,,,,,not_found,YarnCone not found,,,
5659,6a2b87cbbbfb24833d52e198,ORD-000080,,,,,,not_found,YarnCone not found,,,
5660,6a2b87cbbbfb24833d52e199,ORD-000080,,,,,,not_found,YarnCone not found,,,
5661,6a2b87cbbbfb24833d52e19a,ORD-000080,,,,,,not_found,YarnCone not found,,,
5662,6a2b87cbbbfb24833d52e19b,ORD-000080,,,,,,not_found,YarnCone not found,,,
5663,6a2b87cbbbfb24833d52e19c,ORD-000080,,,,,,not_found,YarnCone not found,,,
5664,6a2b87cbbbfb24833d52e19d,ORD-000080,,,,,,not_found,YarnCone not found,,,
5665,6a2b87cbbbfb24833d52e19e,ORD-000080,,,,,,not_found,YarnCone not found,,,
5666,6a2b87cbbbfb24833d52e19f,ORD-000080,,,,,,not_found,YarnCone not found,,,
5667,6a2b87cbbbfb24833d52e1a0,ORD-000080,,,,,,not_found,YarnCone not found,,,
5668,6a2b87cbbbfb24833d52e1a1,ORD-000080,,,,,,not_found,YarnCone not found,,,
5669,6a2b87cbbbfb24833d52e1a2,ORD-000080,,,,,,not_found,YarnCone not found,,,
5670,6a2b87cbbbfb24833d52e1a3,ORD-000080,,,,,,not_found,YarnCone not found,,,
5671,6a2b87cbbbfb24833d52e1a4,ORD-000080,,,,,,not_found,YarnCone not found,,,
5672,6a2b87ecbbfb24833d52e4e3,ORD-000081,,,,,,not_found,YarnCone not found,,,
5673,6a2b87ecbbfb24833d52e4e4,ORD-000080,,,,,,not_found,YarnCone not found,,,
5674,6a2b87ecbbfb24833d52e4e5,ORD-000081,,,,,,not_found,YarnCone not found,,,
5675,6a2b87ecbbfb24833d52e4e6,ORD-000081,,,,,,not_found,YarnCone not found,,,
5676,6a2b87ecbbfb24833d52e4e7,ORD-000081,,,,,,not_found,YarnCone not found,,,
5677,6a2b87ecbbfb24833d52e4e8,ORD-000081,,,,,,not_found,YarnCone not found,,,
5678,6a2b87ecbbfb24833d52e4ea,ORD-000081,,,,,,not_found,YarnCone not found,,,
5679,6a2b87ecbbfb24833d52e4eb,ORD-000081,,,,,,not_found,YarnCone not found,,,
5680,6a2b87ecbbfb24833d52e4ed,ORD-000081,,,,,,not_found,YarnCone not found,,,
5681,6a2b87ecbbfb24833d52e4ee,ORD-000081,,,,,,not_found,YarnCone not found,,,
5682,6a2b87ecbbfb24833d52e4ef,ORD-000081,,,,,,not_found,YarnCone not found,,,
5683,6a2b87ecbbfb24833d52e4f0,ORD-000081,,,,,,not_found,YarnCone not found,,,
5684,6a2b87ecbbfb24833d52e4f1,ORD-000081,,,,,,not_found,YarnCone not found,,,
5685,6a2b87ecbbfb24833d52e4f2,ORD-000081,,,,,,not_found,YarnCone not found,,,
5686,6a2b87ecbbfb24833d52e4f4,ORD-000081,,,,,,not_found,YarnCone not found,,,
5687,6a2b8800bbfb24833d52e607,ORD-000080,,,,,,not_found,YarnCone not found,,,
5688,6a2b8800bbfb24833d52e608,ORD-000080,,,,,,not_found,YarnCone not found,,,
5689,6a2b8800bbfb24833d52e609,ORD-000080,,,,,,not_found,YarnCone not found,,,
5690,6a2b8800bbfb24833d52e60a,ORD-000080,,,,,,not_found,YarnCone not found,,,
5691,6a2b8800bbfb24833d52e60b,ORD-000080,,,,,,not_found,YarnCone not found,,,
5692,6a2b8800bbfb24833d52e60d,ORD-000080,,,,,,not_found,YarnCone not found,,,
5693,6a2b8800bbfb24833d52e60e,ORD-000080,,,,,,not_found,YarnCone not found,,,
5694,6a2b8800bbfb24833d52e60f,ORD-000080,,,,,,not_found,YarnCone not found,,,
5695,6a2b8800bbfb24833d52e610,ORD-000080,,,,,,not_found,YarnCone not found,,,
5696,6a2b8800bbfb24833d52e612,ORD-000080,,,,,,not_found,YarnCone not found,,,
5697,6a2b8800bbfb24833d52e613,ORD-000080,,,,,,not_found,YarnCone not found,,,
5698,6a2b8800bbfb24833d52e614,ORD-000080,,,,,,not_found,YarnCone not found,,,
5699,6a2b8800bbfb24833d52e615,ORD-000080,,,,,,not_found,YarnCone not found,,,
5700,6a2b8800bbfb24833d52e616,ORD-000080,,,,,,not_found,YarnCone not found,,,
5701,6a2b8800bbfb24833d52e617,ORD-000080,,,,,,not_found,YarnCone not found,,,
5702,6a2b8800bbfb24833d52e618,ORD-000080,,,,,,not_found,YarnCone not found,,,
5703,6a2b8b60bbfb24833d530204,ORD-000085,,,,,,not_found,YarnCone not found,,,
5704,6a2b8b60bbfb24833d530205,ORD-000084,,,,,,not_found,YarnCone not found,,,
5705,6a2b8b60bbfb24833d530207,ORD-000084,,,,,,not_found,YarnCone not found,,,
5706,6a2b8b60bbfb24833d530208,ORD-000084,,,,,,not_found,YarnCone not found,,,
5707,6a2b8b60bbfb24833d53020b,ORD-000084,,,,,,not_found,YarnCone not found,,,
5708,6a2b8b60bbfb24833d53020c,ORD-000085,,,,,,not_found,YarnCone not found,,,
5709,6a2b8b60bbfb24833d53020d,ORD-000084,,,,,,not_found,YarnCone not found,,,
5710,6a2b8b60bbfb24833d53020f,ORD-000084,,,,,,not_found,YarnCone not found,,,
5711,6a2b8b60bbfb24833d530210,ORD-000085,,,,,,not_found,YarnCone not found,,,
5712,6a2b8b60bbfb24833d530212,ORD-000084,,,,,,not_found,YarnCone not found,,,
5713,6a2b8b60bbfb24833d530213,ORD-000084,,,,,,not_found,YarnCone not found,,,
5714,6a2b8b60bbfb24833d530214,ORD-000084,,,,,,not_found,YarnCone not found,,,
5715,6a2b8b60bbfb24833d530215,ORD-000084,,,,,,not_found,YarnCone not found,,,
5716,6a2b8b60bbfb24833d530216,ORD-000084,,,,,,not_found,YarnCone not found,,,
5717,6a2b8b60bbfb24833d530217,ORD-000084,,,,,,not_found,YarnCone not found,,,
5718,6a2b8b60bbfb24833d530218,ORD-000084,,,,,,not_found,YarnCone not found,,,
5719,6a2b8b60bbfb24833d530219,ORD-000084,,,,,,not_found,YarnCone not found,,,
5720,6a2b8b60bbfb24833d53021a,ORD-000084,,,,,,not_found,YarnCone not found,,,
5721,6a2b8b60bbfb24833d53021b,ORD-000084,,,,,,not_found,YarnCone not found,,,
5722,6a2b8b7fbbfb24833d53077a,ORD-000080,,,,,,not_found,YarnCone not found,,,
5723,6a2b8b7fbbfb24833d53077b,ORD-000080,,,,,,not_found,YarnCone not found,,,
5724,6a2b8b7fbbfb24833d53077d,ORD-000080,,,,,,not_found,YarnCone not found,,,
5725,6a2b8b7fbbfb24833d53077e,ORD-000080,,,,,,not_found,YarnCone not found,,,
5726,6a2b8b7fbbfb24833d53077f,ORD-000080,,,,,,not_found,YarnCone not found,,,
5727,6a2b8b7fbbfb24833d530781,ORD-000080,,,,,,not_found,YarnCone not found,,,
5728,6a2b8b7fbbfb24833d530784,ORD-000080,,,,,,not_found,YarnCone not found,,,
5729,6a2b8b7fbbfb24833d530789,ORD-000080,,,,,,not_found,YarnCone not found,,,
5730,6a2b8b7fbbfb24833d53078a,ORD-000080,,,,,,not_found,YarnCone not found,,,
5731,6a2b8b7fbbfb24833d53078b,ORD-000080,,,,,,not_found,YarnCone not found,,,
5732,6a2b8b7fbbfb24833d53078c,ORD-000080,,,,,,not_found,YarnCone not found,,,
5733,6a2b8b7fbbfb24833d53078d,ORD-000080,,,,,,not_found,YarnCone not found,,,
5734,6a2b8b7fbbfb24833d53078f,ORD-000080,,,,,,not_found,YarnCone not found,,,
5735,6a2b8bc3bbfb24833d531882,ORD-000080,,,,,,not_found,YarnCone not found,,,
5736,6a2b8bc3bbfb24833d531883,ORD-000080,,,,,,not_found,YarnCone not found,,,
5737,6a2b8bc3bbfb24833d531884,ORD-000080,,,,,,not_found,YarnCone not found,,,
5738,6a2b8bc3bbfb24833d531885,ORD-000080,,,,,,not_found,YarnCone not found,,,
5739,6a2b8bc3bbfb24833d531886,ORD-000080,,,,,,not_found,YarnCone not found,,,
5740,6a2b8bc3bbfb24833d531887,ORD-000080,,,,,,not_found,YarnCone not found,,,
5741,6a2b8bc3bbfb24833d531889,ORD-000080,,,,,,not_found,YarnCone not found,,,
5742,6a2b8bc3bbfb24833d53188a,ORD-000080,,,,,,not_found,YarnCone not found,,,
5743,6a2b8bc3bbfb24833d53188c,ORD-000080,,,,,,not_found,YarnCone not found,,,
5744,6a2b8bc3bbfb24833d53188d,ORD-000080,,,,,,not_found,YarnCone not found,,,
5745,6a2b8bc3bbfb24833d53188e,ORD-000080,,,,,,not_found,YarnCone not found,,,
5746,6a2b8bc3bbfb24833d53188f,ORD-000080,,,,,,not_found,YarnCone not found,,,
5747,6a2b8bc3bbfb24833d531890,ORD-000080,,,,,,not_found,YarnCone not found,,,
5748,6a2b8bc3bbfb24833d531891,ORD-000084,,,,,,not_found,YarnCone not found,,,
5749,6a2b8bc3bbfb24833d531893,ORD-000080,,,,,,not_found,YarnCone not found,,,
5750,6a2b8bc3bbfb24833d531894,ORD-000080,,,,,,not_found,YarnCone not found,,,
5751,6a2b8bc3bbfb24833d531895,ORD-000080,,,,,,not_found,YarnCone not found,,,
5752,6a2b8bc3bbfb24833d531896,ORD-000080,,,,,,not_found,YarnCone not found,,,
5753,6a2b8bc3bbfb24833d531897,ORD-000080,,,,,,not_found,YarnCone not found,,,
5754,6a2b8bc3bbfb24833d531898,ORD-000080,,,,,,not_found,YarnCone not found,,,
5755,6a2b8bc3bbfb24833d531899,ORD-000080,,,,,,not_found,YarnCone not found,,,
5756,6a2b9269bbfb24833d54150e,ORD-000075,,,,,,not_found,YarnCone not found,,,
5757,6a2b9269bbfb24833d54150f,ORD-000075,,,,,,not_found,YarnCone not found,,,
5758,6a2b9269bbfb24833d541510,ORD-000075,,,,,,not_found,YarnCone not found,,,
5759,6a2b9269bbfb24833d541511,ORD-000075,,,,,,not_found,YarnCone not found,,,
5760,6a2baa18bbfb24833d559ccf,ORD-000080,,,,,,not_found,YarnCone not found,,,
5761,6a2baa18bbfb24833d559cdc,ORD-000083,,,,,,not_found,YarnCone not found,,,
5762,6a2baa18bbfb24833d559ce1,ORD-000080,,,,,,not_found,YarnCone not found,,,
5763,6a2baa18bbfb24833d559ce2,ORD-000083,,,,,,not_found,YarnCone not found,,,
5764,6a2baa67bbfb24833d559f0b,ORD-000083,,,,,,not_found,YarnCone not found,,,
5765,6a2baa67bbfb24833d559f0c,ORD-000030,,,,,,not_found,YarnCone not found,,,
5766,6a2baa67bbfb24833d559f11,ORD-000030,,,,,,not_found,YarnCone not found,,,
5767,6a2baa67bbfb24833d559f12,ORD-000030,,,,,,not_found,YarnCone not found,,,
5768,6a2baa67bbfb24833d559f16,ORD-000090,,,,,,not_found,YarnCone not found,,,
5769,6a2baa67bbfb24833d559f18,ORD-000061,,,,,,not_found,YarnCone not found,,,
5770,6a2baa67bbfb24833d559f1b,ORD-000085,,,,,,not_found,YarnCone not found,,,
5771,6a2baa67bbfb24833d559f1e,ORD-000030,,,,,,not_found,YarnCone not found,,,
5772,6a2baa67bbfb24833d559f23,ORD-000030,,,,,,not_found,YarnCone not found,,,
5773,6a2baa67bbfb24833d559f24,ORD-000030,,,,,,not_found,YarnCone not found,,,
5774,6a2baa99bbfb24833d55a04c,ORD-000081,,,,,,not_found,YarnCone not found,,,
5775,6a2baa99bbfb24833d55a04d,ORD-000081,,,,,,not_found,YarnCone not found,,,
5776,6a2baa99bbfb24833d55a04e,ORD-000081,,,,,,not_found,YarnCone not found,,,
5777,6a2baa99bbfb24833d55a04f,ORD-000081,,,,,,not_found,YarnCone not found,,,
5778,6a2baa99bbfb24833d55a050,ORD-000081,,,,,,not_found,YarnCone not found,,,
5779,6a2baa99bbfb24833d55a051,ORD-000081,,,,,,not_found,YarnCone not found,,,
5780,6a2baa99bbfb24833d55a052,ORD-000081,,,,,,not_found,YarnCone not found,,,
5781,6a2baa99bbfb24833d55a053,ORD-000081,,,,,,not_found,YarnCone not found,,,
5782,6a2baa99bbfb24833d55a055,ORD-000081,,,,,,not_found,YarnCone not found,,,
5783,6a2baa99bbfb24833d55a056,ORD-000081,,,,,,not_found,YarnCone not found,,,
5784,6a2baa99bbfb24833d55a057,ORD-000081,,,,,,not_found,YarnCone not found,,,
5785,6a2baa99bbfb24833d55a058,ORD-000081,,,,,,not_found,YarnCone not found,,,
5786,6a2baa99bbfb24833d55a059,ORD-000081,,,,,,not_found,YarnCone not found,,,
5787,6a2baa99bbfb24833d55a05a,ORD-000081,,,,,,not_found,YarnCone not found,,,
5788,6a2baa99bbfb24833d55a05b,ORD-000081,,,,,,not_found,YarnCone not found,,,
5789,6a2baa99bbfb24833d55a05c,ORD-000081,,,,,,not_found,YarnCone not found,,,
5790,6a2baababbfb24833d55a11c,ORD-000081,,,,,,not_found,YarnCone not found,,,
5791,6a2baababbfb24833d55a11d,ORD-000081,,,,,,not_found,YarnCone not found,,,
5792,6a2baababbfb24833d55a11e,ORD-000081,,,,,,not_found,YarnCone not found,,,
5793,6a2baababbfb24833d55a11f,ORD-000081,,,,,,not_found,YarnCone not found,,,
5794,6a2baababbfb24833d55a120,ORD-000081,,,,,,not_found,YarnCone not found,,,
5795,6a2baababbfb24833d55a121,ORD-000081,,,,,,not_found,YarnCone not found,,,
5796,6a2baababbfb24833d55a122,ORD-000081,,,,,,not_found,YarnCone not found,,,
5797,6a2baababbfb24833d55a123,ORD-000081,,,,,,not_found,YarnCone not found,,,
5798,6a2baababbfb24833d55a124,ORD-000081,,,,,,not_found,YarnCone not found,,,
5799,6a2baababbfb24833d55a125,ORD-000081,,,,,,not_found,YarnCone not found,,,
5800,6a2baababbfb24833d55a126,ORD-000081,,,,,,not_found,YarnCone not found,,,
5801,6a2baababbfb24833d55a127,ORD-000081,,,,,,not_found,YarnCone not found,,,
5802,6a2baababbfb24833d55a128,ORD-000081,,,,,,not_found,YarnCone not found,,,
5803,6a2baababbfb24833d55a129,ORD-000081,,,,,,not_found,YarnCone not found,,,
5804,6a2baababbfb24833d55a12a,ORD-000081,,,,,,not_found,YarnCone not found,,,
5805,6a2baababbfb24833d55a12b,ORD-000081,,,,,,not_found,YarnCone not found,,,
5806,6a2baababbfb24833d55a12c,ORD-000081,,,,,,not_found,YarnCone not found,,,
5807,6a2baababbfb24833d55a12d,ORD-000081,,,,,,not_found,YarnCone not found,,,
5808,6a2bab06bbfb24833d55a334,ORD-000081,,,,,,not_found,YarnCone not found,,,
5809,6a2bab06bbfb24833d55a335,ORD-000081,,,,,,not_found,YarnCone not found,,,
5810,6a2bab06bbfb24833d55a336,ORD-000081,,,,,,not_found,YarnCone not found,,,
5811,6a2bab06bbfb24833d55a337,ORD-000081,,,,,,not_found,YarnCone not found,,,
5812,6a2bab06bbfb24833d55a338,ORD-000081,,,,,,not_found,YarnCone not found,,,
5813,6a2bab06bbfb24833d55a339,ORD-000081,,,,,,not_found,YarnCone not found,,,
5814,6a2bab06bbfb24833d55a33a,ORD-000081,,,,,,not_found,YarnCone not found,,,
5815,6a2bab06bbfb24833d55a33b,ORD-000081,,,,,,not_found,YarnCone not found,,,
5816,6a2bab06bbfb24833d55a33c,ORD-000081,,,,,,not_found,YarnCone not found,,,
5817,6a2bab06bbfb24833d55a33d,ORD-000081,,,,,,not_found,YarnCone not found,,,
5818,6a2bab06bbfb24833d55a33e,ORD-000081,,,,,,not_found,YarnCone not found,,,
5819,6a2bab06bbfb24833d55a33f,ORD-000081,,,,,,not_found,YarnCone not found,,,
5820,6a2bab06bbfb24833d55a340,ORD-000081,,,,,,not_found,YarnCone not found,,,
5821,6a2bab06bbfb24833d55a341,ORD-000081,,,,,,not_found,YarnCone not found,,,
5822,6a2bab06bbfb24833d55a342,ORD-000081,,,,,,not_found,YarnCone not found,,,
5823,6a2bab06bbfb24833d55a343,ORD-000081,,,,,,not_found,YarnCone not found,,,
5824,6a2bab06bbfb24833d55a344,ORD-000081,,,,,,not_found,YarnCone not found,,,
5825,6a2bab06bbfb24833d55a345,ORD-000081,,,,,,not_found,YarnCone not found,,,
5826,6a2bab06bbfb24833d55a346,ORD-000081,,,,,,not_found,YarnCone not found,,,
5827,6a2bab06bbfb24833d55a347,ORD-000081,,,,,,not_found,YarnCone not found,,,
5828,6a2bab06bbfb24833d55a348,ORD-000081,,,,,,not_found,YarnCone not found,,,
5829,6a2bab06bbfb24833d55a349,ORD-000081,,,,,,not_found,YarnCone not found,,,
5830,6a2bab06bbfb24833d55a34a,ORD-000081,,,,,,not_found,YarnCone not found,,,
5831,6a2bab06bbfb24833d55a34b,ORD-000081,,,,,,not_found,YarnCone not found,,,
5832,6a2bab06bbfb24833d55a34c,ORD-000081,,,,,,not_found,YarnCone not found,,,
5833,6a2bab06bbfb24833d55a34d,ORD-000081,,,,,,not_found,YarnCone not found,,,
5834,6a2bab06bbfb24833d55a34e,ORD-000081,,,,,,not_found,YarnCone not found,,,
5835,6a2bab06bbfb24833d55a34f,ORD-000081,,,,,,not_found,YarnCone not found,,,
5836,6a2bab06bbfb24833d55a350,ORD-000081,,,,,,not_found,YarnCone not found,,,
5837,6a2bab06bbfb24833d55a351,ORD-000081,,,,,,not_found,YarnCone not found,,,
5838,6a2bab06bbfb24833d55a352,ORD-000081,,,,,,not_found,YarnCone not found,,,
5839,6a2bab06bbfb24833d55a353,ORD-000081,,,,,,not_found,YarnCone not found,,,
5840,6a2bab06bbfb24833d55a354,ORD-000081,,,,,,not_found,YarnCone not found,,,
5841,6a2bab33bbfb24833d55a50b,ORD-000080,,,,,,not_found,YarnCone not found,,,
5842,6a2bab33bbfb24833d55a50c,ORD-000080,,,,,,not_found,YarnCone not found,,,
5843,6a2bab33bbfb24833d55a50d,ORD-000079,,,,,,not_found,YarnCone not found,,,
5844,6a2bab33bbfb24833d55a50e,ORD-000079,,,,,,not_found,YarnCone not found,,,
5845,6a2bab33bbfb24833d55a50f,ORD-000080,,,,,,not_found,YarnCone not found,,,
5846,6a2bab33bbfb24833d55a510,ORD-000079,,,,,,not_found,YarnCone not found,,,
5847,6a2bab33bbfb24833d55a511,ORD-000080,,,,,,not_found,YarnCone not found,,,
5848,6a2bab33bbfb24833d55a512,ORD-000080,,,,,,not_found,YarnCone not found,,,
5849,6a2bab33bbfb24833d55a513,ORD-000080,,,,,,not_found,YarnCone not found,,,
5850,6a2bab33bbfb24833d55a514,ORD-000079,,,,,,not_found,YarnCone not found,,,
5851,6a2bab33bbfb24833d55a515,ORD-000080,,,,,,not_found,YarnCone not found,,,
5852,6a2bab33bbfb24833d55a516,ORD-000080,,,,,,not_found,YarnCone not found,,,
5853,6a2bab33bbfb24833d55a517,ORD-000079,,,,,,not_found,YarnCone not found,,,
5854,6a2bab33bbfb24833d55a518,ORD-000080,,,,,,not_found,YarnCone not found,,,
5855,6a2bab33bbfb24833d55a519,ORD-000080,,,,,,not_found,YarnCone not found,,,
5856,6a2bab33bbfb24833d55a51a,ORD-000080,,,,,,not_found,YarnCone not found,,,
5857,6a2bab33bbfb24833d55a51b,ORD-000080,,,,,,not_found,YarnCone not found,,,
5858,6a2bab33bbfb24833d55a51c,ORD-000079,,,,,,not_found,YarnCone not found,,,
5859,6a2bab4fbbfb24833d55a62b,ORD-000080,,,,,,not_found,YarnCone not found,,,
5860,6a2bab4fbbfb24833d55a62c,ORD-000080,,,,,,not_found,YarnCone not found,,,
5861,6a2bab4fbbfb24833d55a62d,ORD-000080,,,,,,not_found,YarnCone not found,,,
5862,6a2bab4fbbfb24833d55a62e,ORD-000080,,,,,,not_found,YarnCone not found,,,
5863,6a2bab4fbbfb24833d55a630,ORD-000084,,,,,,not_found,YarnCone not found,,,
5864,6a2bab4fbbfb24833d55a631,ORD-000079,,,,,,not_found,YarnCone not found,,,
5865,6a2bab4fbbfb24833d55a632,ORD-000080,,,,,,not_found,YarnCone not found,,,
5866,6a2bab4fbbfb24833d55a634,ORD-000079,,,,,,not_found,YarnCone not found,,,
5867,6a2bab4fbbfb24833d55a635,ORD-000079,,,,,,not_found,YarnCone not found,,,
5868,6a2bab4fbbfb24833d55a636,ORD-000079,,,,,,not_found,YarnCone not found,,,
5869,6a2bab4fbbfb24833d55a637,ORD-000079,,,,,,not_found,YarnCone not found,,,
5870,6a2bab4fbbfb24833d55a638,ORD-000079,,,,,,not_found,YarnCone not found,,,
5871,6a2bab4fbbfb24833d55a639,ORD-000079,,,,,,not_found,YarnCone not found,,,
5872,6a2bab4fbbfb24833d55a63a,ORD-000079,,,,,,not_found,YarnCone not found,,,
5873,6a2bab4fbbfb24833d55a63b,ORD-000080,,,,,,not_found,YarnCone not found,,,
5874,6a2bab4fbbfb24833d55a63c,ORD-000080,,,,,,not_found,YarnCone not found,,,
5875,6a2bab95bbfb24833d55a871,ORD-000080,,,,,,not_found,YarnCone not found,,,
5876,6a2bab95bbfb24833d55a872,ORD-000080,,,,,,not_found,YarnCone not found,,,
5877,6a2bab95bbfb24833d55a873,ORD-000080,,,,,,not_found,YarnCone not found,,,
5878,6a2bab95bbfb24833d55a874,ORD-000080,,,,,,not_found,YarnCone not found,,,
5879,6a2bab95bbfb24833d55a875,ORD-000080,,,,,,not_found,YarnCone not found,,,
5880,6a2bab95bbfb24833d55a876,ORD-000080,,,,,,not_found,YarnCone not found,,,
5881,6a2bab95bbfb24833d55a877,ORD-000080,,,,,,not_found,YarnCone not found,,,
5882,6a2bab95bbfb24833d55a878,ORD-000080,,,,,,not_found,YarnCone not found,,,
5883,6a2bab95bbfb24833d55a87a,ORD-000080,,,,,,not_found,YarnCone not found,,,
5884,6a2bab95bbfb24833d55a87b,ORD-000081,,,,,,not_found,YarnCone not found,,,
5885,6a2bab95bbfb24833d55a87c,ORD-000081,,,,,,not_found,YarnCone not found,,,
5886,6a2bab95bbfb24833d55a87d,ORD-000080,,,,,,not_found,YarnCone not found,,,
5887,6a2bab95bbfb24833d55a87e,ORD-000080,,,,,,not_found,YarnCone not found,,,
5888,6a2bab95bbfb24833d55a880,ORD-000080,,,,,,not_found,YarnCone not found,,,
5889,6a2bab95bbfb24833d55a881,ORD-000080,,,,,,not_found,YarnCone not found,,,
5890,6a2bab95bbfb24833d55a882,ORD-000080,,,,,,not_found,YarnCone not found,,,
5891,6a2bab95bbfb24833d55a883,ORD-000080,,,,,,not_found,YarnCone not found,,,
5892,6a2bab95bbfb24833d55a884,ORD-000080,,,,,,not_found,YarnCone not found,,,
5893,6a2bab95bbfb24833d55a885,ORD-000080,,,,,,not_found,YarnCone not found,,,
5894,6a2bab95bbfb24833d55a886,ORD-000080,,,,,,not_found,YarnCone not found,,,
5895,6a2bab95bbfb24833d55a887,ORD-000080,,,,,,not_found,YarnCone not found,,,
5896,6a2bab95bbfb24833d55a888,ORD-000080,,,,,,not_found,YarnCone not found,,,
5897,6a2bab95bbfb24833d55a889,ORD-000080,,,,,,not_found,YarnCone not found,,,
5898,6a2bab95bbfb24833d55a88a,ORD-000080,,,,,,not_found,YarnCone not found,,,
5899,6a2bab95bbfb24833d55a88b,ORD-000080,,,,,,not_found,YarnCone not found,,,
5900,6a2bab95bbfb24833d55a88c,ORD-000080,,,,,,not_found,YarnCone not found,,,
5901,6a2bab95bbfb24833d55a88d,ORD-000080,,,,,,not_found,YarnCone not found,,,
5902,6a2bab95bbfb24833d55a88e,ORD-000080,,,,,,not_found,YarnCone not found,,,
5903,6a2bab95bbfb24833d55a88f,ORD-000080,,,,,,not_found,YarnCone not found,,,
5904,6a2bab95bbfb24833d55a890,ORD-000080,,,,,,not_found,YarnCone not found,,,
5905,6a2bab95bbfb24833d55a891,ORD-000080,,,,,,not_found,YarnCone not found,,,
5906,6a2bab95bbfb24833d55a892,ORD-000080,,,,,,not_found,YarnCone not found,,,
5907,6a2bb156bbfb24833d55d093,ORD-000080,,,,,,not_found,YarnCone not found,,,
5908,6a2bb156bbfb24833d55d094,ORD-000083,,,,,,not_found,YarnCone not found,,,
5909,6a2bb156bbfb24833d55d095,ORD-000080,,,,,,not_found,YarnCone not found,,,
5910,6a2bb156bbfb24833d55d096,ORD-000080,,,,,,not_found,YarnCone not found,,,
5911,6a2bb156bbfb24833d55d097,ORD-000080,,,,,,not_found,YarnCone not found,,,
5912,6a2bb156bbfb24833d55d098,ORD-000080,,,,,,not_found,YarnCone not found,,,
5913,6a2bb156bbfb24833d55d099,ORD-000083,,,,,,not_found,YarnCone not found,,,
5914,6a2bb156bbfb24833d55d09a,ORD-000080,,,,,,not_found,YarnCone not found,,,
5915,6a2bb156bbfb24833d55d09b,ORD-000080,,,,,,not_found,YarnCone not found,,,
5916,6a2bb156bbfb24833d55d09e,ORD-000083,,,,,,not_found,YarnCone not found,,,
5917,6a2bb156bbfb24833d55d09f,ORD-000080,,,,,,not_found,YarnCone not found,,,
5918,6a2bb156bbfb24833d55d0a0,ORD-000083,,,,,,not_found,YarnCone not found,,,
5919,6a2bb156bbfb24833d55d0a4,ORD-000080,,,,,,not_found,YarnCone not found,,,
5920,6a2bb156bbfb24833d55d0a6,ORD-000080,,,,,,not_found,YarnCone not found,,,
5921,6a2bb156bbfb24833d55d0a7,ORD-000080,,,,,,not_found,YarnCone not found,,,
5922,6a2bb156bbfb24833d55d0a8,ORD-000080,,,,,,not_found,YarnCone not found,,,
5923,6a2bb156bbfb24833d55d0a9,ORD-000080,,,,,,not_found,YarnCone not found,,,
5924,6a2bb156bbfb24833d55d0aa,ORD-000083,,,,,,not_found,YarnCone not found,,,
5925,6a2bb156bbfb24833d55d0ab,ORD-000080,,,,,,not_found,YarnCone not found,,,
5926,6a2bb156bbfb24833d55d0ac,ORD-000080,,,,,,not_found,YarnCone not found,,,
5927,6a2bb156bbfb24833d55d0ad,ORD-000080,,,,,,not_found,YarnCone not found,,,
5928,6a2bb156bbfb24833d55d0af,ORD-000080,,,,,,not_found,YarnCone not found,,,
5929,6a2bb156bbfb24833d55d0b0,ORD-000080,,,,,,not_found,YarnCone not found,,,
5930,6a2bb156bbfb24833d55d0b1,ORD-000080,,,,,,not_found,YarnCone not found,,,
5931,6a2bb156bbfb24833d55d0b2,ORD-000080,,,,,,not_found,YarnCone not found,,,
5932,6a2bb156bbfb24833d55d0b3,ORD-000080,,,,,,not_found,YarnCone not found,,,
5933,6a2bb156bbfb24833d55d0b4,ORD-000080,,,,,,not_found,YarnCone not found,,,
5934,6a2bb156bbfb24833d55d0b5,ORD-000080,,,,,,not_found,YarnCone not found,,,
5935,6a2bb156bbfb24833d55d0b6,ORD-000080,,,,,,not_found,YarnCone not found,,,
5936,6a2bb156bbfb24833d55d0b7,ORD-000080,,,,,,not_found,YarnCone not found,,,
5937,6a2bb1d8bbfb24833d55d3ea,ORD-000080,,,,,,not_found,YarnCone not found,,,
5938,6a2bb1d8bbfb24833d55d3eb,ORD-000080,,,,,,not_found,YarnCone not found,,,
5939,6a2bb1d8bbfb24833d55d3ed,ORD-000080,,,,,,not_found,YarnCone not found,,,
5940,6a2bb1d8bbfb24833d55d3ef,ORD-000080,,,,,,not_found,YarnCone not found,,,
5941,6a2bb1d8bbfb24833d55d3f0,ORD-000080,,,,,,not_found,YarnCone not found,,,
5942,6a2bb1d8bbfb24833d55d3f1,ORD-000080,,,,,,not_found,YarnCone not found,,,
5943,6a2bb1d8bbfb24833d55d3f2,ORD-000080,,,,,,not_found,YarnCone not found,,,
5944,6a2bb1d8bbfb24833d55d3f3,ORD-000080,,,,,,not_found,YarnCone not found,,,
5945,6a2bb1d8bbfb24833d55d3f4,ORD-000080,,,,,,not_found,YarnCone not found,,,
5946,6a2bb1d8bbfb24833d55d3f5,ORD-000080,,,,,,not_found,YarnCone not found,,,
5947,6a2bb1d8bbfb24833d55d3f6,ORD-000080,,,,,,not_found,YarnCone not found,,,
5948,6a2bb1d8bbfb24833d55d3f7,ORD-000080,,,,,,not_found,YarnCone not found,,,
5949,6a2bb1d8bbfb24833d55d3f8,ORD-000080,,,,,,not_found,YarnCone not found,,,
5950,6a2bb1d8bbfb24833d55d3fa,ORD-000080,,,,,,not_found,YarnCone not found,,,
5951,6a2bb1d8bbfb24833d55d3fb,ORD-000080,,,,,,not_found,YarnCone not found,,,
5952,6a2bb1d8bbfb24833d55d3fc,ORD-000080,,,,,,not_found,YarnCone not found,,,
5953,6a2bb1d8bbfb24833d55d3fd,ORD-000080,,,,,,not_found,YarnCone not found,,,
5954,6a2bb1d8bbfb24833d55d3fe,ORD-000080,,,,,,not_found,YarnCone not found,,,
5955,6a2bb1d8bbfb24833d55d400,ORD-000080,,,,,,not_found,YarnCone not found,,,
5956,6a2bb1d8bbfb24833d55d401,ORD-000080,,,,,,not_found,YarnCone not found,,,
5957,6a2bb1d8bbfb24833d55d403,ORD-000080,,,,,,not_found,YarnCone not found,,,
5958,6a2bb1d8bbfb24833d55d404,ORD-000080,,,,,,not_found,YarnCone not found,,,
5959,6a2bb1d8bbfb24833d55d405,ORD-000080,,,,,,not_found,YarnCone not found,,,
5960,6a2bb1d8bbfb24833d55d406,ORD-000080,,,,,,not_found,YarnCone not found,,,
5961,6a2bb1d8bbfb24833d55d407,ORD-000080,,,,,,not_found,YarnCone not found,,,
5962,6a2bb1d8bbfb24833d55d408,ORD-000080,,,,,,not_found,YarnCone not found,,,
5963,6a2bb1d8bbfb24833d55d409,ORD-000080,,,,,,not_found,YarnCone not found,,,
5964,6a2bb1d8bbfb24833d55d40a,ORD-000080,,,,,,not_found,YarnCone not found,,,
5965,6a2bb1d8bbfb24833d55d40b,ORD-000080,,,,,,not_found,YarnCone not found,,,
5966,6a2bb1d8bbfb24833d55d40c,ORD-000080,,,,,,not_found,YarnCone not found,,,
5967,6a2bb1d8bbfb24833d55d40d,ORD-000080,,,,,,not_found,YarnCone not found,,,
5968,6a2bb1d8bbfb24833d55d40e,ORD-000080,,,,,,not_found,YarnCone not found,,,
5969,6a2bb1d8bbfb24833d55d40f,ORD-000080,,,,,,not_found,YarnCone not found,,,
5970,6a2bb1d8bbfb24833d55d410,ORD-000080,,,,,,not_found,YarnCone not found,,,
5971,6a2bb1d8bbfb24833d55d411,ORD-000080,,,,,,not_found,YarnCone not found,,,
5972,6a2bb1d8bbfb24833d55d412,ORD-000080,,,,,,not_found,YarnCone not found,,,
5973,6a2bb1f2bbfb24833d55d552,ORD-000080,,,,,,not_found,YarnCone not found,,,
5974,6a2bb1f2bbfb24833d55d553,ORD-000080,,,,,,not_found,YarnCone not found,,,
5975,6a2bb1f2bbfb24833d55d554,ORD-000080,,,,,,not_found,YarnCone not found,,,
5976,6a2bb1f2bbfb24833d55d555,ORD-000081,,,,,,not_found,YarnCone not found,,,
5977,6a2bb1f2bbfb24833d55d55c,ORD-000085,,,,,,not_found,YarnCone not found,,,
5978,6a2bb1f2bbfb24833d55d55d,ORD-000030,,,,,,not_found,YarnCone not found,,,
5979,6a2bb1f2bbfb24833d55d55f,ORD-000080,,,,,,not_found,YarnCone not found,,,
5980,6a2bb1f2bbfb24833d55d561,ORD-000085,,,,,,not_found,YarnCone not found,,,
5981,6a2bb1f2bbfb24833d55d563,ORD-000030,,,,,,not_found,YarnCone not found,,,
5982,6a2bb1f2bbfb24833d55d564,ORD-000030,,,,,,not_found,YarnCone not found,,,
5983,6a2bb213bbfb24833d55d672,ORD-000080,,,,,,not_found,YarnCone not found,,,
5984,6a2bb213bbfb24833d55d673,ORD-000082,,,,,,not_found,YarnCone not found,,,
5985,6a2bb213bbfb24833d55d674,ORD-000080,,,,,,not_found,YarnCone not found,,,
5986,6a2bb213bbfb24833d55d675,ORD-000082,,,,,,not_found,YarnCone not found,,,
5987,6a2bb213bbfb24833d55d676,ORD-000080,,,,,,not_found,YarnCone not found,,,
5988,6a2bb213bbfb24833d55d677,ORD-000082,,,,,,not_found,YarnCone not found,,,
5989,6a2bb213bbfb24833d55d678,ORD-000082,,,,,,not_found,YarnCone not found,,,
5990,6a2bb213bbfb24833d55d679,ORD-000080,,,,,,not_found,YarnCone not found,,,
5991,6a2bb213bbfb24833d55d67b,ORD-000080,,,,,,not_found,YarnCone not found,,,
5992,6a2bb213bbfb24833d55d67c,ORD-000080,,,,,,not_found,YarnCone not found,,,
5993,6a2bb213bbfb24833d55d67e,ORD-000080,,,,,,not_found,YarnCone not found,,,
5994,6a2bb213bbfb24833d55d67f,ORD-000082,,,,,,not_found,YarnCone not found,,,
5995,6a2bb213bbfb24833d55d680,ORD-000082,,,,,,not_found,YarnCone not found,,,
5996,6a2bb227bbfb24833d55d73a,ORD-000080,,,,,,not_found,YarnCone not found,,,
5997,6a2bb227bbfb24833d55d73b,ORD-000080,,,,,,not_found,YarnCone not found,,,
5998,6a2bb227bbfb24833d55d73e,ORD-000080,,,,,,not_found,YarnCone not found,,,
5999,6a2bb227bbfb24833d55d73f,ORD-000080,,,,,,not_found,YarnCone not found,,,
6000,6a2bb227bbfb24833d55d740,ORD-000080,,,,,,not_found,YarnCone not found,,,
6001,6a2bb240bbfb24833d55d7c9,ORD-000088,,,,,,not_found,YarnCone not found,,,
6002,6a2bb240bbfb24833d55d7ca,ORD-000085,,,,,,not_found,YarnCone not found,,,
6003,6a2bb240bbfb24833d55d7cb,ORD-000061,,,,,,not_found,YarnCone not found,,,
6004,6a2bb240bbfb24833d55d7cd,ORD-000030,,,,,,not_found,YarnCone not found,,,
6005,6a2bb240bbfb24833d55d7cf,ORD-000030,,,,,,not_found,YarnCone not found,,,
6006,6a2bb240bbfb24833d55d7d1,ORD-000085,,,,,,not_found,YarnCone not found,,,
6007,6a2bb240bbfb24833d55d7d4,ORD-000080,,,,,,not_found,YarnCone not found,,,
6008,6a2bb240bbfb24833d55d7d7,ORD-000080,,,,,,not_found,YarnCone not found,,,
6009,6a2bb257bbfb24833d55d8e7,ORD-000061,,,,,,not_found,YarnCone not found,,,
6010,6a2bb257bbfb24833d55d8e8,ORD-000082,,,,,,not_found,YarnCone not found,,,
6011,6a2bb257bbfb24833d55d8e9,ORD-000082,,,,,,not_found,YarnCone not found,,,
6012,6a2bb257bbfb24833d55d8ea,ORD-000082,,,,,,not_found,YarnCone not found,,,
6013,6a2bb257bbfb24833d55d8eb,ORD-000082,,,,,,not_found,YarnCone not found,,,
6014,6a2bb257bbfb24833d55d8ec,ORD-000082,,,,,,not_found,YarnCone not found,,,
6015,6a2bb257bbfb24833d55d8ee,ORD-000082,,,,,,not_found,YarnCone not found,,,
6016,6a2bb257bbfb24833d55d8ef,ORD-000091,,,,,,not_found,YarnCone not found,,,
6017,6a2bb257bbfb24833d55d8f0,ORD-000061,,,,,,not_found,YarnCone not found,,,
6018,6a2bb257bbfb24833d55d8f1,ORD-000091,,,,,,not_found,YarnCone not found,,,
6019,6a2bb257bbfb24833d55d8f4,ORD-000082,,,,,,not_found,YarnCone not found,,,
6020,6a2bb257bbfb24833d55d8f7,ORD-000061,,,,,,not_found,YarnCone not found,,,
6021,6a2bb257bbfb24833d55d8f9,ORD-000087,,,,,,not_found,YarnCone not found,,,
6022,6a2bb26cbbfb24833d55d9fe,ORD-000085,,,,,,not_found,YarnCone not found,,,
6023,6a2bb26cbbfb24833d55da03,ORD-000085,,,,,,not_found,YarnCone not found,,,
6024,6a2bb26cbbfb24833d55da04,ORD-000085,,,,,,not_found,YarnCone not found,,,
6025,6a2bb26cbbfb24833d55da05,ORD-000085,,,,,,not_found,YarnCone not found,,,
6026,6a2bb26cbbfb24833d55da07,ORD-000082,,,,,,not_found,YarnCone not found,,,
6027,6a2bb26cbbfb24833d55da09,ORD-000082,,,,,,not_found,YarnCone not found,,,
6028,6a2bb26cbbfb24833d55da0a,ORD-000030,,,,,,not_found,YarnCone not found,,,
6029,6a2bb26cbbfb24833d55da0b,ORD-000030,,,,,,not_found,YarnCone not found,,,
6030,6a2bc932bbfb24833d565b6f,ORD-000080,,,,,,not_found,YarnCone not found,,,
6031,6a2bc932bbfb24833d565b70,ORD-000080,,,,,,not_found,YarnCone not found,,,
6032,6a2bc932bbfb24833d565b71,ORD-000080,,,,,,not_found,YarnCone not found,,,
6033,6a2bc932bbfb24833d565b72,ORD-000080,,,,,,not_found,YarnCone not found,,,
6034,6a2bc932bbfb24833d565b73,ORD-000080,,,,,,not_found,YarnCone not found,,,
6035,6a2bc932bbfb24833d565b74,ORD-000080,,,,,,not_found,YarnCone not found,,,
6036,6a2bc932bbfb24833d565b76,ORD-000080,,,,,,not_found,YarnCone not found,,,
6037,6a2bc932bbfb24833d565b77,ORD-000080,,,,,,not_found,YarnCone not found,,,
6038,6a2bc932bbfb24833d565b78,ORD-000080,,,,,,not_found,YarnCone not found,,,
6039,6a2bc932bbfb24833d565b79,ORD-000080,,,,,,not_found,YarnCone not found,,,
6040,6a2bc932bbfb24833d565b7a,ORD-000080,,,,,,not_found,YarnCone not found,,,
6041,6a2bc932bbfb24833d565b7b,ORD-000080,,,,,,not_found,YarnCone not found,,,
6042,6a2bc932bbfb24833d565b7c,ORD-000080,,,,,,not_found,YarnCone not found,,,
6043,6a2bc932bbfb24833d565b7d,ORD-000080,,,,,,not_found,YarnCone not found,,,
6044,6a2bc932bbfb24833d565b7e,ORD-000080,,,,,,not_found,YarnCone not found,,,
6045,6a2bc932bbfb24833d565b7f,ORD-000080,,,,,,not_found,YarnCone not found,,,
6046,6a2bc932bbfb24833d565b80,ORD-000080,,,,,,not_found,YarnCone not found,,,
6047,6a2bc932bbfb24833d565b81,ORD-000080,,,,,,not_found,YarnCone not found,,,
6048,6a2bc932bbfb24833d565b82,ORD-000080,,,,,,not_found,YarnCone not found,,,
6049,6a2bc932bbfb24833d565b84,ORD-000080,,,,,,not_found,YarnCone not found,,,
6050,6a2bc932bbfb24833d565b86,ORD-000080,,,,,,not_found,YarnCone not found,,,
6051,6a2bc932bbfb24833d565b87,ORD-000080,,,,,,not_found,YarnCone not found,,,
6052,6a2bc932bbfb24833d565b88,ORD-000080,,,,,,not_found,YarnCone not found,,,
6053,6a2bc932bbfb24833d565b89,ORD-000080,,,,,,not_found,YarnCone not found,,,
6054,6a2bc932bbfb24833d565b8a,ORD-000080,,,,,,not_found,YarnCone not found,,,
6055,6a2bc932bbfb24833d565b8b,ORD-000080,,,,,,not_found,YarnCone not found,,,
6056,6a2bc932bbfb24833d565b8d,ORD-000080,,,,,,not_found,YarnCone not found,,,
6057,6a2bc932bbfb24833d565b8e,ORD-000080,,,,,,not_found,YarnCone not found,,,
6058,6a2bc932bbfb24833d565b8f,ORD-000080,,,,,,not_found,YarnCone not found,,,
6059,6a2bc932bbfb24833d565b90,ORD-000080,,,,,,not_found,YarnCone not found,,,
6060,6a2bca27bbfb24833d56661b,ORD-000080,,,,,,not_found,YarnCone not found,,,
6061,6a2bca27bbfb24833d56661c,ORD-000079,,,,,,not_found,YarnCone not found,,,
6062,6a2bca27bbfb24833d56661d,ORD-000080,,,,,,not_found,YarnCone not found,,,
6063,6a2bca27bbfb24833d56661f,ORD-000080,,,,,,not_found,YarnCone not found,,,
6064,6a2bca27bbfb24833d566620,ORD-000080,,,,,,not_found,YarnCone not found,,,
6065,6a2bca27bbfb24833d566621,ORD-000080,,,,,,not_found,YarnCone not found,,,
6066,6a2bca27bbfb24833d566623,ORD-000080,,,,,,not_found,YarnCone not found,,,
6067,6a2bca7ebbfb24833d566b9e,ORD-000080,,,,,,not_found,YarnCone not found,,,
6068,6a2bca7ebbfb24833d566b9f,ORD-000080,,,,,,not_found,YarnCone not found,,,
6069,6a2bca7ebbfb24833d566ba2,ORD-000080,,,,,,not_found,YarnCone not found,,,
6070,6a2bca7ebbfb24833d566ba5,ORD-000079,,,,,,not_found,YarnCone not found,,,
6071,6a2bca7ebbfb24833d566ba7,ORD-000079,,,,,,not_found,YarnCone not found,,,
6072,6a2bca7ebbfb24833d566ba9,ORD-000080,,,,,,not_found,YarnCone not found,,,
6073,6a2bca7ebbfb24833d566baa,ORD-000080,,,,,,not_found,YarnCone not found,,,
6074,6a2bca7ebbfb24833d566bab,ORD-000080,,,,,,not_found,YarnCone not found,,,
6075,6a2bca7ebbfb24833d566bac,ORD-000079,,,,,,not_found,YarnCone not found,,,
6076,6a2bca7ebbfb24833d566bb0,ORD-000080,,,,,,not_found,YarnCone not found,,,
6077,6a2bca7ebbfb24833d566bb1,ORD-000080,,,,,,not_found,YarnCone not found,,,
6078,6a2bca7ebbfb24833d566bb2,ORD-000080,,,,,,not_found,YarnCone not found,,,
6079,6a2bca7ebbfb24833d566bb4,ORD-000080,,,,,,not_found,YarnCone not found,,,
6080,6a2bca7ebbfb24833d566bb5,ORD-000080,,,,,,not_found,YarnCone not found,,,
6081,6a2bca7ebbfb24833d566bb9,ORD-000080,,,,,,not_found,YarnCone not found,,,
6082,6a2bca7ebbfb24833d566bba,ORD-000080,,,,,,not_found,YarnCone not found,,,
6083,6a2bcaa6bbfb24833d566e6f,ORD-000080,,,,,,not_found,YarnCone not found,,,
6084,6a2bcaa6bbfb24833d566e70,ORD-000080,,,,,,not_found,YarnCone not found,,,
6085,6a2bcaa6bbfb24833d566e71,ORD-000080,,,,,,not_found,YarnCone not found,,,
6086,6a2bcaa6bbfb24833d566e72,ORD-000080,,,,,,not_found,YarnCone not found,,,
6087,6a2bcaa6bbfb24833d566e73,ORD-000080,,,,,,not_found,YarnCone not found,,,
6088,6a2bcaa6bbfb24833d566e74,ORD-000080,,,,,,not_found,YarnCone not found,,,
6089,6a2bcaa6bbfb24833d566e75,ORD-000080,,,,,,not_found,YarnCone not found,,,
6090,6a2bcaa6bbfb24833d566e77,ORD-000080,,,,,,not_found,YarnCone not found,,,
6091,6a2bcaa6bbfb24833d566e78,ORD-000080,,,,,,not_found,YarnCone not found,,,
6092,6a2bcaa6bbfb24833d566e7a,ORD-000079,,,,,,not_found,YarnCone not found,,,
6093,6a2bcaa6bbfb24833d566e7b,ORD-000080,,,,,,not_found,YarnCone not found,,,
6094,6a2bcaa6bbfb24833d566e80,ORD-000080,,,,,,not_found,YarnCone not found,,,
6095,6a2bcaa6bbfb24833d566e82,ORD-000080,,,,,,not_found,YarnCone not found,,,
6096,6a2bcaa6bbfb24833d566e83,ORD-000079,,,,,,not_found,YarnCone not found,,,
6097,6a2bcaa6bbfb24833d566e88,ORD-000079,,,,,,not_found,YarnCone not found,,,
6098,6a2bcaa6bbfb24833d566e8d,ORD-000079,,,,,,not_found,YarnCone not found,,,
6099,6a2bcaa6bbfb24833d566e8f,ORD-000080,,,,,,not_found,YarnCone not found,,,
6100,6a2bcaa6bbfb24833d566e90,ORD-000079,,,,,,not_found,YarnCone not found,,,
6101,6a2bd8dcbbfb24833d56c454,ORD-000080,,,,,,not_found,YarnCone not found,,,
6102,6a2bd8dcbbfb24833d56c455,ORD-000084,,,,,,not_found,YarnCone not found,,,
6103,6a2bd8dcbbfb24833d56c456,ORD-000080,,,,,,not_found,YarnCone not found,,,
6104,6a2bd8dcbbfb24833d56c457,ORD-000081,,,,,,not_found,YarnCone not found,,,
6105,6a2bd8dcbbfb24833d56c458,ORD-000084,,,,,,not_found,YarnCone not found,,,
6106,6a2bd8dcbbfb24833d56c459,ORD-000080,,,,,,not_found,YarnCone not found,,,
6107,6a2bd8dcbbfb24833d56c45b,ORD-000080,,,,,,not_found,YarnCone not found,,,
6108,6a2bd8dcbbfb24833d56c45c,ORD-000081,,,,,,not_found,YarnCone not found,,,
6109,6a2bd8dcbbfb24833d56c45d,ORD-000081,,,,,,not_found,YarnCone not found,,,
6110,6a2bd8dcbbfb24833d56c45e,ORD-000080,,,,,,not_found,YarnCone not found,,,
6111,6a2bd8dcbbfb24833d56c45f,ORD-000080,,,,,,not_found,YarnCone not found,,,
6112,6a2bd8dcbbfb24833d56c460,ORD-000080,,,,,,not_found,YarnCone not found,,,
6113,6a2bd8dcbbfb24833d56c461,ORD-000080,,,,,,not_found,YarnCone not found,,,
6114,6a2bd8dcbbfb24833d56c462,ORD-000080,,,,,,not_found,YarnCone not found,,,
6115,6a2bd8dcbbfb24833d56c463,ORD-000080,,,,,,not_found,YarnCone not found,,,
6116,6a2bd8dcbbfb24833d56c464,ORD-000081,,,,,,not_found,YarnCone not found,,,
6117,6a2bd8dcbbfb24833d56c465,ORD-000080,,,,,,not_found,YarnCone not found,,,
6118,6a2bd8dcbbfb24833d56c466,ORD-000080,,,,,,not_found,YarnCone not found,,,
6119,6a2bd913bbfb24833d56c548,ORD-000079,,,,,,not_found,YarnCone not found,,,
6120,6a2bd913bbfb24833d56c549,ORD-000079,,,,,,not_found,YarnCone not found,,,
6121,6a2bd913bbfb24833d56c54a,ORD-000079,,,,,,not_found,YarnCone not found,,,
6122,6a2bd913bbfb24833d56c54d,ORD-000080,,,,,,not_found,YarnCone not found,,,
6123,6a2bd913bbfb24833d56c551,ORD-000079,,,,,,not_found,YarnCone not found,,,
6124,6a2bd913bbfb24833d56c554,ORD-000080,,,,,,not_found,YarnCone not found,,,
6125,6a2bd913bbfb24833d56c556,ORD-000079,,,,,,not_found,YarnCone not found,,,
6126,6a2bd913bbfb24833d56c558,ORD-000079,,,,,,not_found,YarnCone not found,,,
6127,6a2bd913bbfb24833d56c559,ORD-000080,,,,,,not_found,YarnCone not found,,,
6128,6a2bd913bbfb24833d56c55b,ORD-000080,,,,,,not_found,YarnCone not found,,,
6129,6a2bd913bbfb24833d56c55c,ORD-000080,,,,,,not_found,YarnCone not found,,,
6130,6a2bd913bbfb24833d56c55d,ORD-000080,,,,,,not_found,YarnCone not found,,,
6131,6a2bd913bbfb24833d56c55e,ORD-000080,,,,,,not_found,YarnCone not found,,,
6132,6a2bd939bbfb24833d56c64e,ORD-000081,,,,,,not_found,YarnCone not found,,,
6133,6a2bd939bbfb24833d56c64f,ORD-000081,,,,,,not_found,YarnCone not found,,,
6134,6a2bd939bbfb24833d56c650,ORD-000081,,,,,,not_found,YarnCone not found,,,
6135,6a2bd939bbfb24833d56c651,ORD-000081,,,,,,not_found,YarnCone not found,,,
6136,6a2bd939bbfb24833d56c652,ORD-000081,,,,,,not_found,YarnCone not found,,,
6137,6a2bd939bbfb24833d56c653,ORD-000081,,,,,,not_found,YarnCone not found,,,
6138,6a2bd939bbfb24833d56c654,ORD-000081,,,,,,not_found,YarnCone not found,,,
6139,6a2bd939bbfb24833d56c655,ORD-000081,,,,,,not_found,YarnCone not found,,,
6140,6a2bd939bbfb24833d56c656,ORD-000081,,,,,,not_found,YarnCone not found,,,
6141,6a2bd939bbfb24833d56c657,ORD-000081,,,,,,not_found,YarnCone not found,,,
6142,6a2bd939bbfb24833d56c658,ORD-000081,,,,,,not_found,YarnCone not found,,,
6143,6a2bd939bbfb24833d56c659,ORD-000081,,,,,,not_found,YarnCone not found,,,
6144,6a2bd939bbfb24833d56c65a,ORD-000081,,,,,,not_found,YarnCone not found,,,
6145,6a2bd939bbfb24833d56c65b,ORD-000081,,,,,,not_found,YarnCone not found,,,
6146,6a2bd939bbfb24833d56c65d,ORD-000081,,,,,,not_found,YarnCone not found,,,
6147,6a2bd939bbfb24833d56c65e,ORD-000081,,,,,,not_found,YarnCone not found,,,
6148,6a2bd939bbfb24833d56c65f,ORD-000081,,,,,,not_found,YarnCone not found,,,
6149,6a2bd939bbfb24833d56c660,ORD-000081,,,,,,not_found,YarnCone not found,,,
6150,6a2bd95fbbfb24833d56c732,ORD-000081,,,,,,not_found,YarnCone not found,,,
6151,6a2bd95fbbfb24833d56c733,ORD-000081,,,,,,not_found,YarnCone not found,,,
6152,6a2bd95fbbfb24833d56c734,ORD-000081,,,,,,not_found,YarnCone not found,,,
6153,6a2bd95fbbfb24833d56c735,ORD-000081,,,,,,not_found,YarnCone not found,,,
6154,6a2bd95fbbfb24833d56c736,ORD-000081,,,,,,not_found,YarnCone not found,,,
6155,6a2bd95fbbfb24833d56c737,ORD-000081,,,,,,not_found,YarnCone not found,,,
6156,6a2bd95fbbfb24833d56c738,ORD-000081,,,,,,not_found,YarnCone not found,,,
6157,6a2bd95fbbfb24833d56c739,ORD-000080,,,,,,not_found,YarnCone not found,,,
6158,6a2bd95fbbfb24833d56c73b,ORD-000081,,,,,,not_found,YarnCone not found,,,
6159,6a2bd95fbbfb24833d56c73c,ORD-000081,,,,,,not_found,YarnCone not found,,,
6160,6a2bd95fbbfb24833d56c73d,ORD-000081,,,,,,not_found,YarnCone not found,,,
6161,6a2bd95fbbfb24833d56c73e,ORD-000081,,,,,,not_found,YarnCone not found,,,
6162,6a2bd95fbbfb24833d56c73f,ORD-000081,,,,,,not_found,YarnCone not found,,,
6163,6a2bd95fbbfb24833d56c740,ORD-000081,,,,,,not_found,YarnCone not found,,,
6164,6a2bd95fbbfb24833d56c741,ORD-000080,,,,,,not_found,YarnCone not found,,,
6165,6a2bd95fbbfb24833d56c742,ORD-000081,,,,,,not_found,YarnCone not found,,,
6166,6a2bd95fbbfb24833d56c743,ORD-000081,,,,,,not_found,YarnCone not found,,,
6167,6a2bd97bbbfb24833d56c80f,ORD-000084,,,,,,not_found,YarnCone not found,,,
6168,6a2bd97bbbfb24833d56c812,ORD-000084,,,,,,not_found,YarnCone not found,,,
6169,6a2bd97bbbfb24833d56c813,ORD-000084,,,,,,not_found,YarnCone not found,,,
6170,6a2bd97bbbfb24833d56c814,ORD-000084,,,,,,not_found,YarnCone not found,,,
6171,6a2bd97bbbfb24833d56c815,ORD-000084,,,,,,not_found,YarnCone not found,,,
6172,6a2bd97bbbfb24833d56c816,ORD-000081,,,,,,not_found,YarnCone not found,,,
6173,6a2bd97bbbfb24833d56c817,ORD-000084,,,,,,not_found,YarnCone not found,,,
6174,6a2bd97bbbfb24833d56c818,ORD-000080,,,,,,not_found,YarnCone not found,,,
6175,6a2bd97bbbfb24833d56c819,ORD-000084,,,,,,not_found,YarnCone not found,,,
6176,6a2bd97bbbfb24833d56c81a,ORD-000084,,,,,,not_found,YarnCone not found,,,
6177,6a2bd97bbbfb24833d56c81c,ORD-000081,,,,,,not_found,YarnCone not found,,,
6178,6a2bd97bbbfb24833d56c81d,ORD-000080,,,,,,not_found,YarnCone not found,,,
6179,6a2bd97bbbfb24833d56c81e,ORD-000081,,,,,,not_found,YarnCone not found,,,
6180,6a2bd97bbbfb24833d56c81f,ORD-000080,,,,,,not_found,YarnCone not found,,,
6181,6a2bd97bbbfb24833d56c820,ORD-000084,,,,,,not_found,YarnCone not found,,,
6182,6a2bd97bbbfb24833d56c821,ORD-000080,,,,,,not_found,YarnCone not found,,,
6183,6a2bf93ba82c1ba776ff1d17,ORD-000081,,,,,,not_found,YarnCone not found,,,
6184,6a2bf93ba82c1ba776ff1d21,ORD-000081,,,,,,not_found,YarnCone not found,,,
6185,6a2bf93ba82c1ba776ff1d24,ORD-000081,,,,,,not_found,YarnCone not found,,,
6186,6a2bf93ba82c1ba776ff1d26,ORD-000081,,,,,,not_found,YarnCone not found,,,
6187,6a2bf93ba82c1ba776ff1d2f,ORD-000081,,,,,,not_found,YarnCone not found,,,
6188,6a2c047da82c1ba776ff70d0,ORD-000079,,,,,,not_found,YarnCone not found,,,
6189,6a2c04a3a82c1ba776ff7160,ORD-000079,,,,,,not_found,YarnCone not found,,,
6190,6a2c04a3a82c1ba776ff7161,ORD-000079,,,,,,not_found,YarnCone not found,,,
6191,6a2c05c2a82c1ba776ff7967,ORD-000079,,,,,,not_found,YarnCone not found,,,
6192,6a2c05c2a82c1ba776ff7968,ORD-000079,,,,,,not_found,YarnCone not found,,,
6193,6a3b571d7259ec86eff4c792,ORD-000083,,,,,,not_found,YarnCone not found,,,
6194,6a3b571d7259ec86eff4c793,ORD-000083,,,,,,not_found,YarnCone not found,,,
6195,6a3b571d7259ec86eff4c795,ORD-000083,,,,,,not_found,YarnCone not found,,,
6196,6a3b571d7259ec86eff4c796,ORD-000083,,,,,,not_found,YarnCone not found,,,
6197,6a3b571d7259ec86eff4c797,ORD-000083,,,,,,not_found,YarnCone not found,,,
6198,6a3b571d7259ec86eff4c798,ORD-000083,,,,,,not_found,YarnCone not found,,,
6199,6a3b571d7259ec86eff4c799,ORD-000083,,,,,,not_found,YarnCone not found,,,
6200,6a3b571d7259ec86eff4c79a,ORD-000083,,,,,,not_found,YarnCone not found,,,
6201,6a3b571d7259ec86eff4c79c,ORD-000083,,,,,,not_found,YarnCone not found,,,
6202,6a3b571d7259ec86eff4c79d,ORD-000083,,,,,,not_found,YarnCone not found,,,
6203,6a3b571d7259ec86eff4c79e,ORD-000083,,,,,,not_found,YarnCone not found,,,
6204,6a3b571d7259ec86eff4c79f,ORD-000083,,,,,,not_found,YarnCone not found,,,
6205,6a3b571d7259ec86eff4c7a0,ORD-000083,,,,,,not_found,YarnCone not found,,,
6206,6a3b571d7259ec86eff4c7a1,ORD-000083,,,,,,not_found,YarnCone not found,,,
6207,6a3b571d7259ec86eff4c7a2,ORD-000083,,,,,,not_found,YarnCone not found,,,
6208,6a3b571d7259ec86eff4c7a3,ORD-000083,,,,,,not_found,YarnCone not found,,,
6209,6a3b571d7259ec86eff4c7a4,ORD-000083,,,,,,not_found,YarnCone not found,,,
6210,6a3b571d7259ec86eff4c7a5,ORD-000083,,,,,,not_found,YarnCone not found,,,
6211,6a3b571d7259ec86eff4c7a7,ORD-000083,,,,,,not_found,YarnCone not found,,,
6212,6a3b571d7259ec86eff4c7aa,ORD-000083,,,,,,not_found,YarnCone not found,,,
6213,6a3b571d7259ec86eff4c7ab,ORD-000083,,,,,,not_found,YarnCone not found,,,
6214,6a3b571d7259ec86eff4c7ac,ORD-000083,,,,,,not_found,YarnCone not found,,,
6215,6a3b571d7259ec86eff4c7ad,ORD-000083,,,,,,not_found,YarnCone not found,,,
6216,6a3b581b7259ec86eff4c96d,ORD-000082,,,,,,not_found,YarnCone not found,,,
6217,6a3b581b7259ec86eff4c96e,ORD-000082,,,,,,not_found,YarnCone not found,,,
6218,6a3b581b7259ec86eff4c96f,ORD-000082,,,,,,not_found,YarnCone not found,,,
6219,6a3b581b7259ec86eff4c970,ORD-000082,,,,,,not_found,YarnCone not found,,,
6220,6a3b581b7259ec86eff4c971,ORD-000082,,,,,,not_found,YarnCone not found,,,
6221,6a3b581b7259ec86eff4c972,ORD-000082,,,,,,not_found,YarnCone not found,,,
6222,6a3b581b7259ec86eff4c973,ORD-000082,,,,,,not_found,YarnCone not found,,,
6223,6a3b581b7259ec86eff4c974,ORD-000082,,,,,,not_found,YarnCone not found,,,
6224,6a3b581b7259ec86eff4c975,ORD-000082,,,,,,not_found,YarnCone not found,,,
6225,6a3b581b7259ec86eff4c976,ORD-000082,,,,,,not_found,YarnCone not found,,,
6226,6a3b581b7259ec86eff4c977,ORD-000083,,,,,,not_found,YarnCone not found,,,
6227,6a3b581b7259ec86eff4c978,ORD-000083,,,,,,not_found,YarnCone not found,,,
6228,6a3b581b7259ec86eff4c97a,ORD-000083,,,,,,not_found,YarnCone not found,,,
6229,6a3b581b7259ec86eff4c97b,ORD-000083,,,,,,not_found,YarnCone not found,,,
6230,6a3b581b7259ec86eff4c97c,ORD-000082,,,,,,not_found,YarnCone not found,,,
6231,6a3b581b7259ec86eff4c97d,ORD-000083,,,,,,not_found,YarnCone not found,,,
6232,6a3b581b7259ec86eff4c97e,ORD-000083,,,,,,not_found,YarnCone not found,,,
6233,6a3b581b7259ec86eff4c97f,ORD-000083,,,,,,not_found,YarnCone not found,,,
6234,6a3b581b7259ec86eff4c980,ORD-000083,,,,,,not_found,YarnCone not found,,,
6235,6a3b581b7259ec86eff4c981,ORD-000083,,,,,,not_found,YarnCone not found,,,
6236,6a3b581b7259ec86eff4c982,ORD-000083,,,,,,not_found,YarnCone not found,,,
6237,6a3b581b7259ec86eff4c983,ORD-000083,,,,,,not_found,YarnCone not found,,,
6238,6a3b581b7259ec86eff4c984,ORD-000083,,,,,,not_found,YarnCone not found,,,
6239,6a3b581b7259ec86eff4c985,ORD-000083,,,,,,not_found,YarnCone not found,,,
6240,6a3b581b7259ec86eff4c987,ORD-000083,,,,,,not_found,YarnCone not found,,,
6241,6a3b581b7259ec86eff4c988,ORD-000083,,,,,,not_found,YarnCone not found,,,
6242,6a3b581b7259ec86eff4c989,ORD-000083,,,,,,not_found,YarnCone not found,,,
6243,6a3b581b7259ec86eff4c98a,ORD-000082,,,,,,not_found,YarnCone not found,,,
6244,6a3b581b7259ec86eff4c98b,ORD-000082,,,,,,not_found,YarnCone not found,,,
6245,6a3b581b7259ec86eff4c98c,ORD-000083,,,,,,not_found,YarnCone not found,,,
6246,6a3b581b7259ec86eff4c98d,ORD-000082,,,,,,not_found,YarnCone not found,,,
6247,6a3b581b7259ec86eff4c98e,ORD-000082,,,,,,not_found,YarnCone not found,,,
6248,6a3b581b7259ec86eff4c98f,ORD-000083,,,,,,not_found,YarnCone not found,,,
6249,6a3b581b7259ec86eff4c990,ORD-000082,,,,,,not_found,YarnCone not found,,,
6250,6a3b581b7259ec86eff4c992,ORD-000082,,,,,,not_found,YarnCone not found,,,
6251,6a3b581b7259ec86eff4c993,ORD-000082,,,,,,not_found,YarnCone not found,,,
6252,6a3b581b7259ec86eff4c994,ORD-000082,,,,,,not_found,YarnCone not found,,,
6253,6a3b58497259ec86eff4cac8,ORD-000082,,,,,,not_found,YarnCone not found,,,
6254,6a3b58497259ec86eff4cacb,ORD-000083,,,,,,not_found,YarnCone not found,,,
6255,6a3b58497259ec86eff4cacc,ORD-000083,,,,,,not_found,YarnCone not found,,,
6256,6a3b58497259ec86eff4cacd,ORD-000083,,,,,,not_found,YarnCone not found,,,
6257,6a3b58497259ec86eff4cace,ORD-000083,,,,,,not_found,YarnCone not found,,,
6258,6a3b58497259ec86eff4cacf,ORD-000083,,,,,,not_found,YarnCone not found,,,
6259,6a3b58497259ec86eff4cad0,ORD-000082,,,,,,not_found,YarnCone not found,,,
6260,6a3b58497259ec86eff4cad1,ORD-000082,,,,,,not_found,YarnCone not found,,,
6261,6a3b58497259ec86eff4cad2,ORD-000082,,,,,,not_found,YarnCone not found,,,
6262,6a3b58497259ec86eff4cad3,ORD-000082,,,,,,not_found,YarnCone not found,,,
6263,6a3b58497259ec86eff4cad4,ORD-000082,,,,,,not_found,YarnCone not found,,,
6264,6a3b58497259ec86eff4cad5,ORD-000082,,,,,,not_found,YarnCone not found,,,
6265,6a3b58497259ec86eff4cad6,ORD-000082,,,,,,not_found,YarnCone not found,,,
6266,6a3b58497259ec86eff4cad7,ORD-000082,,,,,,not_found,YarnCone not found,,,
6267,6a3b58497259ec86eff4cad8,ORD-000082,,,,,,not_found,YarnCone not found,,,
6268,6a3b58497259ec86eff4cad9,ORD-000082,,,,,,not_found,YarnCone not found,,,
6269,6a3b58497259ec86eff4cada,ORD-000082,,,,,,not_found,YarnCone not found,,,
6270,6a3b58497259ec86eff4cadb,ORD-000082,,,,,,not_found,YarnCone not found,,,
6271,6a3b58497259ec86eff4cadc,ORD-000082,,,,,,not_found,YarnCone not found,,,
6272,6a3b58497259ec86eff4cadd,ORD-000083,,,,,,not_found,YarnCone not found,,,
6273,6a3b58497259ec86eff4cade,ORD-000083,,,,,,not_found,YarnCone not found,,,
6274,6a3b58497259ec86eff4cadf,ORD-000083,,,,,,not_found,YarnCone not found,,,
6275,6a3b58497259ec86eff4cae0,ORD-000083,,,,,,not_found,YarnCone not found,,,
6276,6a3b58497259ec86eff4cae1,ORD-000083,,,,,,not_found,YarnCone not found,,,
6277,6a3b58497259ec86eff4cae2,ORD-000083,,,,,,not_found,YarnCone not found,,,
6278,6a3b58497259ec86eff4cae4,ORD-000083,,,,,,not_found,YarnCone not found,,,
6279,6a3b58497259ec86eff4cae5,ORD-000083,,,,,,not_found,YarnCone not found,,,
6280,6a3b58497259ec86eff4cae6,ORD-000083,,,,,,not_found,YarnCone not found,,,
6281,6a3b58497259ec86eff4cae8,ORD-000083,,,,,,not_found,YarnCone not found,,,
6282,6a3b58497259ec86eff4cae9,ORD-000083,,,,,,not_found,YarnCone not found,,,
6283,6a3b58497259ec86eff4caea,ORD-000083,,,,,,not_found,YarnCone not found,,,
6284,6a3b58497259ec86eff4caeb,ORD-000083,,,,,,not_found,YarnCone not found,,,
6285,6a3b58497259ec86eff4caec,ORD-000083,,,,,,not_found,YarnCone not found,,,
6286,6a3b58497259ec86eff4caed,ORD-000083,,,,,,not_found,YarnCone not found,,,
6287,6a3b58497259ec86eff4caee,ORD-000083,,,,,,not_found,YarnCone not found,,,
6288,6a3b58497259ec86eff4caef,ORD-000083,,,,,,not_found,YarnCone not found,,,
6289,6a3b58767259ec86eff4cc27,ORD-000082,,,,,,not_found,YarnCone not found,,,
6290,6a3b58767259ec86eff4cc29,ORD-000082,,,,,,not_found,YarnCone not found,,,
6291,6a3b58767259ec86eff4cc2a,ORD-000082,,,,,,not_found,YarnCone not found,,,
6292,6a3b58767259ec86eff4cc2b,ORD-000082,,,,,,not_found,YarnCone not found,,,
6293,6a3b58767259ec86eff4cc2c,ORD-000082,,,,,,not_found,YarnCone not found,,,
6294,6a3b58767259ec86eff4cc2d,ORD-000082,,,,,,not_found,YarnCone not found,,,
6295,6a3b58767259ec86eff4cc2e,ORD-000082,,,,,,not_found,YarnCone not found,,,
6296,6a3b58767259ec86eff4cc2f,ORD-000082,,,,,,not_found,YarnCone not found,,,
6297,6a3b58767259ec86eff4cc30,ORD-000082,,,,,,not_found,YarnCone not found,,,
6298,6a3b58767259ec86eff4cc31,ORD-000082,,,,,,not_found,YarnCone not found,,,
6299,6a3b58767259ec86eff4cc32,ORD-000082,,,,,,not_found,YarnCone not found,,,
6300,6a3b58767259ec86eff4cc33,ORD-000082,,,,,,not_found,YarnCone not found,,,
6301,6a3b58767259ec86eff4cc35,ORD-000082,,,,,,not_found,YarnCone not found,,,
6302,6a3b58767259ec86eff4cc36,ORD-000082,,,,,,not_found,YarnCone not found,,,
6303,6a3b58767259ec86eff4cc37,ORD-000082,,,,,,not_found,YarnCone not found,,,
6304,6a3b58767259ec86eff4cc38,ORD-000082,,,,,,not_found,YarnCone not found,,,
6305,6a3b58767259ec86eff4cc39,ORD-000082,,,,,,not_found,YarnCone not found,,,
6306,6a3b58767259ec86eff4cc3a,ORD-000082,,,,,,not_found,YarnCone not found,,,
6307,6a3b58767259ec86eff4cc3b,ORD-000082,,,,,,not_found,YarnCone not found,,,
6308,6a3b58767259ec86eff4cc3c,ORD-000082,,,,,,not_found,YarnCone not found,,,
6309,6a3b58767259ec86eff4cc3d,ORD-000082,,,,,,not_found,YarnCone not found,,,
6310,6a3b58767259ec86eff4cc3e,ORD-000082,,,,,,not_found,YarnCone not found,,,
6311,6a3b58767259ec86eff4cc3f,ORD-000082,,,,,,not_found,YarnCone not found,,,
6312,6a3b58767259ec86eff4cc40,ORD-000083,,,,,,not_found,YarnCone not found,,,
6313,6a3b58767259ec86eff4cc41,ORD-000082,,,,,,not_found,YarnCone not found,,,
6314,6a3b58767259ec86eff4cc42,ORD-000079,,,,,,not_found,YarnCone not found,,,
6315,6a3b58767259ec86eff4cc43,ORD-000079,,,,,,not_found,YarnCone not found,,,
6316,6a3b58767259ec86eff4cc44,ORD-000079,,,,,,not_found,YarnCone not found,,,
6317,6a3b58767259ec86eff4cc45,ORD-000079,,,,,,not_found,YarnCone not found,,,
6318,6a3b58767259ec86eff4cc46,ORD-000079,,,,,,not_found,YarnCone not found,,,
6319,6a3b58767259ec86eff4cc47,ORD-000082,,,,,,not_found,YarnCone not found,,,
6320,6a3b58767259ec86eff4cc48,ORD-000079,,,,,,not_found,YarnCone not found,,,
6321,6a3b58767259ec86eff4cc49,ORD-000082,,,,,,not_found,YarnCone not found,,,
6322,6a3b58767259ec86eff4cc4a,ORD-000079,,,,,,not_found,YarnCone not found,,,
6323,6a3b58767259ec86eff4cc4b,ORD-000079,,,,,,not_found,YarnCone not found,,,
6324,6a3b58767259ec86eff4cc4c,ORD-000082,,,,,,not_found,YarnCone not found,,,
6325,6a3b58767259ec86eff4cc4d,ORD-000082,,,,,,not_found,YarnCone not found,,,
6326,6a3b58767259ec86eff4cc4e,ORD-000079,,,,,,not_found,YarnCone not found,,,
6327,6a3b58a87259ec86eff4cdd4,ORD-000082,,,,,,not_found,YarnCone not found,,,
6328,6a3b58a87259ec86eff4cdd5,ORD-000082,,,,,,not_found,YarnCone not found,,,
6329,6a3b58a87259ec86eff4cdd7,ORD-000082,,,,,,not_found,YarnCone not found,,,
6330,6a3b58a87259ec86eff4cdd8,ORD-000082,,,,,,not_found,YarnCone not found,,,
6331,6a3b58a87259ec86eff4cdd9,ORD-000082,,,,,,not_found,YarnCone not found,,,
6332,6a3b58a87259ec86eff4cddb,ORD-000082,,,,,,not_found,YarnCone not found,,,
6333,6a3b58a87259ec86eff4cddc,ORD-000082,,,,,,not_found,YarnCone not found,,,
6334,6a3b58a87259ec86eff4cddd,ORD-000082,,,,,,not_found,YarnCone not found,,,
6335,6a3b58a87259ec86eff4cdde,ORD-000082,,,,,,not_found,YarnCone not found,,,
6336,6a3b58a87259ec86eff4cddf,ORD-000082,,,,,,not_found,YarnCone not found,,,
6337,6a3b58a87259ec86eff4cde0,ORD-000082,,,,,,not_found,YarnCone not found,,,
6338,6a3b58a87259ec86eff4cde1,ORD-000082,,,,,,not_found,YarnCone not found,,,
6339,6a3b58a87259ec86eff4cde2,ORD-000082,,,,,,not_found,YarnCone not found,,,
6340,6a3b58a87259ec86eff4cde3,ORD-000082,,,,,,not_found,YarnCone not found,,,
6341,6a3b58a87259ec86eff4cde4,ORD-000082,,,,,,not_found,YarnCone not found,,,
6342,6a3b58a87259ec86eff4cde5,ORD-000082,,,,,,not_found,YarnCone not found,,,
6343,6a3b58a87259ec86eff4cde6,ORD-000082,,,,,,not_found,YarnCone not found,,,
6344,6a3b58a87259ec86eff4cde7,ORD-000082,,,,,,not_found,YarnCone not found,,,
6345,6a3b58a87259ec86eff4cde8,ORD-000082,,,,,,not_found,YarnCone not found,,,
6346,6a3b58a87259ec86eff4cde9,ORD-000082,,,,,,not_found,YarnCone not found,,,
6347,6a3b58a87259ec86eff4cdea,ORD-000082,,,,,,not_found,YarnCone not found,,,
6348,6a3b58a87259ec86eff4cdeb,ORD-000082,,,,,,not_found,YarnCone not found,,,
6349,6a3b58a87259ec86eff4cded,ORD-000082,,,,,,not_found,YarnCone not found,,,
6350,6a3b58a87259ec86eff4cdee,ORD-000082,,,,,,not_found,YarnCone not found,,,
6351,6a3b58a87259ec86eff4cdef,ORD-000082,,,,,,not_found,YarnCone not found,,,
6352,6a3b58a87259ec86eff4cdf0,ORD-000082,,,,,,not_found,YarnCone not found,,,
6353,6a3b58a87259ec86eff4cdf2,ORD-000082,,,,,,not_found,YarnCone not found,,,
6354,6a3b58a87259ec86eff4cdf3,ORD-000082,,,,,,not_found,YarnCone not found,,,
6355,6a3b58a87259ec86eff4cdf4,ORD-000082,,,,,,not_found,YarnCone not found,,,
6356,6a3b58a87259ec86eff4cdf5,ORD-000082,,,,,,not_found,YarnCone not found,,,
6357,6a3b58a87259ec86eff4cdf6,ORD-000082,,,,,,not_found,YarnCone not found,,,
6358,6a3b58a87259ec86eff4cdf7,ORD-000082,,,,,,not_found,YarnCone not found,,,
6359,6a3b58a87259ec86eff4cdf8,ORD-000082,,,,,,not_found,YarnCone not found,,,
6360,6a3b58a87259ec86eff4cdf9,ORD-000082,,,,,,not_found,YarnCone not found,,,
6361,6a3b58a87259ec86eff4cdfa,ORD-000082,,,,,,not_found,YarnCone not found,,,
6362,6a3b58a87259ec86eff4cdfb,ORD-000082,,,,,,not_found,YarnCone not found,,,
6363,6a3b59267259ec86eff4d1bc,ORD-000080,,,,,,not_found,YarnCone not found,,,
6364,6a3b59267259ec86eff4d1be,ORD-000082,,,,,,not_found,YarnCone not found,,,
6365,6a3b59267259ec86eff4d1c0,ORD-000082,,,,,,not_found,YarnCone not found,,,
6366,6a3b59267259ec86eff4d1c1,ORD-000083,,,,,,not_found,YarnCone not found,,,
6367,6a3b59267259ec86eff4d1c2,ORD-000082,,,,,,not_found,YarnCone not found,,,
6368,6a3b59267259ec86eff4d1c4,ORD-000080,,,,,,not_found,YarnCone not found,,,
6369,6a3b59267259ec86eff4d1c5,ORD-000080,,,,,,not_found,YarnCone not found,,,
6370,6a3b59267259ec86eff4d1ca,ORD-000080,,,,,,not_found,YarnCone not found,,,
6371,6a3b59587259ec86eff4d31a,ORD-000080,,,,,,not_found,YarnCone not found,,,
6372,6a3b59587259ec86eff4d31b,ORD-000079,,,,,,not_found,YarnCone not found,,,
6373,6a3b59587259ec86eff4d31c,ORD-000080,,,,,,not_found,YarnCone not found,,,
6374,6a3b59587259ec86eff4d31d,ORD-000079,,,,,,not_found,YarnCone not found,,,
6375,6a3b59587259ec86eff4d31e,ORD-000080,,,,,,not_found,YarnCone not found,,,
6376,6a3b59587259ec86eff4d31f,ORD-000080,,,,,,not_found,YarnCone not found,,,
6377,6a3b59587259ec86eff4d320,ORD-000080,,,,,,not_found,YarnCone not found,,,
6378,6a3b59587259ec86eff4d321,ORD-000080,,,,,,not_found,YarnCone not found,,,
6379,6a3b59587259ec86eff4d322,ORD-000080,,,,,,not_found,YarnCone not found,,,
6380,6a3b59587259ec86eff4d323,ORD-000079,,,,,,not_found,YarnCone not found,,,
6381,6a3b59587259ec86eff4d324,ORD-000080,,,,,,not_found,YarnCone not found,,,
6382,6a3b59587259ec86eff4d325,ORD-000080,,,,,,not_found,YarnCone not found,,,
6383,6a3b59587259ec86eff4d326,ORD-000080,,,,,,not_found,YarnCone not found,,,
6384,6a3b59587259ec86eff4d327,ORD-000080,,,,,,not_found,YarnCone not found,,,
6385,6a3b59587259ec86eff4d328,ORD-000080,,,,,,not_found,YarnCone not found,,,
6386,6a3b59587259ec86eff4d329,ORD-000082,,,,,,not_found,YarnCone not found,,,
6387,6a3b59587259ec86eff4d32a,ORD-000080,,,,,,not_found,YarnCone not found,,,
6388,6a3b59587259ec86eff4d32b,ORD-000082,,,,,,not_found,YarnCone not found,,,
6389,6a3b59587259ec86eff4d32c,ORD-000082,,,,,,not_found,YarnCone not found,,,
6390,6a3b59587259ec86eff4d32d,ORD-000082,,,,,,not_found,YarnCone not found,,,
6391,6a3b59587259ec86eff4d32e,ORD-000082,,,,,,not_found,YarnCone not found,,,
6392,6a3b59587259ec86eff4d32f,ORD-000082,,,,,,not_found,YarnCone not found,,,
6393,6a3b59917259ec86eff4d3f7,ORD-000082,,,,,,not_found,YarnCone not found,,,
6394,6a3b59917259ec86eff4d3f8,ORD-000082,,,,,,not_found,YarnCone not found,,,
6395,6a3b59917259ec86eff4d3f9,ORD-000082,,,,,,not_found,YarnCone not found,,,
6396,6a3b59917259ec86eff4d3fa,ORD-000082,,,,,,not_found,YarnCone not found,,,
6397,6a3b59917259ec86eff4d3fb,ORD-000082,,,,,,not_found,YarnCone not found,,,
6398,6a3b59917259ec86eff4d3fc,ORD-000082,,,,,,not_found,YarnCone not found,,,
6399,6a3b59917259ec86eff4d3fd,ORD-000082,,,,,,not_found,YarnCone not found,,,
6400,6a3b59917259ec86eff4d3fe,ORD-000082,,,,,,not_found,YarnCone not found,,,
6401,6a3b59917259ec86eff4d3ff,ORD-000082,,,,,,not_found,YarnCone not found,,,
6402,6a3b59917259ec86eff4d400,ORD-000082,,,,,,not_found,YarnCone not found,,,
6403,6a3b59917259ec86eff4d401,ORD-000082,,,,,,not_found,YarnCone not found,,,
6404,6a3b59917259ec86eff4d402,ORD-000082,,,,,,not_found,YarnCone not found,,,
6405,6a3b59917259ec86eff4d403,ORD-000082,,,,,,not_found,YarnCone not found,,,
6406,6a3b59917259ec86eff4d404,ORD-000082,,,,,,not_found,YarnCone not found,,,
6407,6a3b59917259ec86eff4d405,ORD-000082,,,,,,not_found,YarnCone not found,,,
6408,6a3b59917259ec86eff4d406,ORD-000082,,,,,,not_found,YarnCone not found,,,
6409,6a3b59917259ec86eff4d407,ORD-000082,,,,,,not_found,YarnCone not found,,,
6410,6a3b59917259ec86eff4d408,ORD-000082,,,,,,not_found,YarnCone not found,,,
6411,6a3b59917259ec86eff4d409,ORD-000082,,,,,,not_found,YarnCone not found,,,
6412,6a3b59917259ec86eff4d40a,ORD-000082,,,,,,not_found,YarnCone not found,,,
6413,6a3b59917259ec86eff4d40b,ORD-000082,,,,,,not_found,YarnCone not found,,,
6414,6a3b81347259ec86eff51494,ORD-000082,,,,,,not_found,YarnCone not found,,,
6415,6a3b81347259ec86eff51495,ORD-000082,,,,,,not_found,YarnCone not found,,,
6416,6a3b81347259ec86eff51496,ORD-000082,,,,,,not_found,YarnCone not found,,,
6417,6a3b81347259ec86eff51497,ORD-000082,,,,,,not_found,YarnCone not found,,,
6418,6a3b81347259ec86eff51498,ORD-000084,,,,,,not_found,YarnCone not found,,,
6419,6a3b81347259ec86eff51499,ORD-000084,,,,,,not_found,YarnCone not found,,,
6420,6a3b81347259ec86eff5149b,ORD-000082,,,,,,not_found,YarnCone not found,,,
6421,6a3b81347259ec86eff5149c,ORD-000084,,,,,,not_found,YarnCone not found,,,
6422,6a3b81347259ec86eff5149d,ORD-000084,,,,,,not_found,YarnCone not found,,,
6423,6a3b81347259ec86eff5149e,ORD-000084,,,,,,not_found,YarnCone not found,,,
6424,6a3b81347259ec86eff5149f,ORD-000084,,,,,,not_found,YarnCone not found,,,
6425,6a3b81347259ec86eff514a0,ORD-000084,,,,,,not_found,YarnCone not found,,,
6426,6a3b81347259ec86eff514a1,ORD-000082,,,,,,not_found,YarnCone not found,,,
6427,6a3b81347259ec86eff514a2,ORD-000084,,,,,,not_found,YarnCone not found,,,
6428,6a3b81347259ec86eff514a3,ORD-000082,,,,,,not_found,YarnCone not found,,,
6429,6a3b81347259ec86eff514a4,ORD-000084,,,,,,not_found,YarnCone not found,,,
6430,6a3b81347259ec86eff514a5,ORD-000082,,,,,,not_found,YarnCone not found,,,
6431,6a3b81347259ec86eff514a6,ORD-000082,,,,,,not_found,YarnCone not found,,,
6432,6a3b81347259ec86eff514a7,ORD-000082,,,,,,not_found,YarnCone not found,,,
6433,6a3b81347259ec86eff514a8,ORD-000082,,,,,,not_found,YarnCone not found,,,
6434,6a3b81347259ec86eff514a9,ORD-000082,,,,,,not_found,YarnCone not found,,,
6435,6a3b81347259ec86eff514aa,ORD-000082,,,,,,not_found,YarnCone not found,,,
6436,6a3b81347259ec86eff514ab,ORD-000082,,,,,,not_found,YarnCone not found,,,
6437,6a3b81347259ec86eff514ac,ORD-000082,,,,,,not_found,YarnCone not found,,,
6438,6a3b81347259ec86eff514ad,ORD-000082,,,,,,not_found,YarnCone not found,,,
6439,6a3b81347259ec86eff514ae,ORD-000082,,,,,,not_found,YarnCone not found,,,
6440,6a3b81347259ec86eff514af,ORD-000082,,,,,,not_found,YarnCone not found,,,
6441,6a3b81347259ec86eff514b0,ORD-000082,,,,,,not_found,YarnCone not found,,,
6442,6a3b81347259ec86eff514b1,ORD-000082,,,,,,not_found,YarnCone not found,,,
6443,6a3b81347259ec86eff514b2,ORD-000082,,,,,,not_found,YarnCone not found,,,
6444,6a3b81347259ec86eff514b3,ORD-000082,,,,,,not_found,YarnCone not found,,,
6445,6a3b81347259ec86eff514b4,ORD-000082,,,,,,not_found,YarnCone not found,,,
6446,6a3b83777259ec86eff51be7,ORD-000080,,,,,,not_found,YarnCone not found,,,
6447,6a3b83777259ec86eff51be8,ORD-000082,,,,,,not_found,YarnCone not found,,,
6448,6a3b83777259ec86eff51bea,ORD-000084,,,,,,not_found,YarnCone not found,,,
6449,6a3b83777259ec86eff51beb,ORD-000084,,,,,,not_found,YarnCone not found,,,
6450,6a3b83777259ec86eff51bec,ORD-000084,,,,,,not_found,YarnCone not found,,,
6451,6a3b83777259ec86eff51bed,ORD-000084,,,,,,not_found,YarnCone not found,,,
6452,6a3b83777259ec86eff51bee,ORD-000084,,,,,,not_found,YarnCone not found,,,
6453,6a3b83777259ec86eff51bef,ORD-000082,,,,,,not_found,YarnCone not found,,,
6454,6a3b83777259ec86eff51bf0,ORD-000080,,,,,,not_found,YarnCone not found,,,
6455,6a3b83777259ec86eff51bf3,ORD-000084,,,,,,not_found,YarnCone not found,,,
6456,6a3b83777259ec86eff51bf4,ORD-000080,,,,,,not_found,YarnCone not found,,,
6457,6a3b83777259ec86eff51bf5,ORD-000082,,,,,,not_found,YarnCone not found,,,
6458,6a3b83777259ec86eff51bf7,ORD-000082,,,,,,not_found,YarnCone not found,,,
6459,6a3b83777259ec86eff51bf8,ORD-000081,,,,,,not_found,YarnCone not found,,,
6460,6a3b83777259ec86eff51bf9,ORD-000082,,,,,,not_found,YarnCone not found,,,
6461,6a3b83777259ec86eff51bfc,ORD-000084,,,,,,not_found,YarnCone not found,,,
6462,6a3b83777259ec86eff51bfd,ORD-000084,,,,,,not_found,YarnCone not found,,,
6463,6a3b83777259ec86eff51bfe,ORD-000080,,,,,,not_found,YarnCone not found,,,
6464,6a3b83777259ec86eff51bff,ORD-000081,,,,,,not_found,YarnCone not found,,,
6465,6a3b83777259ec86eff51c01,ORD-000082,,,,,,not_found,YarnCone not found,,,
6466,6a3b83777259ec86eff51c02,ORD-000081,,,,,,not_found,YarnCone not found,,,
6467,6a3b83777259ec86eff51c03,ORD-000081,,,,,,not_found,YarnCone not found,,,
6468,6a3b83777259ec86eff51c04,ORD-000080,,,,,,not_found,YarnCone not found,,,
6469,6a3b83777259ec86eff51c06,ORD-000080,,,,,,not_found,YarnCone not found,,,
6470,6a3b83777259ec86eff51c07,ORD-000081,,,,,,not_found,YarnCone not found,,,
6471,6a3b83777259ec86eff51c08,ORD-000085,,,,,,not_found,YarnCone not found,,,
6472,6a3b83777259ec86eff51c09,ORD-000082,,,,,,not_found,YarnCone not found,,,
6473,6a3b83777259ec86eff51c0b,ORD-000081,,,,,,not_found,YarnCone not found,,,
6474,6a3b87267259ec86eff52f33,ORD-000082,,,,,,not_found,YarnCone not found,,,
6475,6a3b87267259ec86eff52f34,ORD-000082,,,,,,not_found,YarnCone not found,,,
6476,6a3b87267259ec86eff52f35,ORD-000082,,,,,,not_found,YarnCone not found,,,
6477,6a3b87267259ec86eff52f36,ORD-000082,,,,,,not_found,YarnCone not found,,,
6478,6a3b87267259ec86eff52f37,ORD-000082,,,,,,not_found,YarnCone not found,,,
6479,6a3b87267259ec86eff52f38,ORD-000082,,,,,,not_found,YarnCone not found,,,
6480,6a3b87267259ec86eff52f39,ORD-000082,,,,,,not_found,YarnCone not found,,,
6481,6a3b87267259ec86eff52f3a,ORD-000082,,,,,,not_found,YarnCone not found,,,
6482,6a3b87267259ec86eff52f3b,ORD-000079,,,,,,not_found,YarnCone not found,,,
6483,6a3b87267259ec86eff52f3c,ORD-000082,,,,,,not_found,YarnCone not found,,,
6484,6a3b87267259ec86eff52f3d,ORD-000082,,,,,,not_found,YarnCone not found,,,
6485,6a3b87267259ec86eff52f3e,ORD-000082,,,,,,not_found,YarnCone not found,,,
6486,6a3b87267259ec86eff52f3f,ORD-000082,,,,,,not_found,YarnCone not found,,,
6487,6a3b87267259ec86eff52f40,ORD-000082,,,,,,not_found,YarnCone not found,,,
6488,6a3b87267259ec86eff52f41,ORD-000082,,,,,,not_found,YarnCone not found,,,
6489,6a3b87267259ec86eff52f42,ORD-000079,,,,,,not_found,YarnCone not found,,,
6490,6a3b87267259ec86eff52f43,ORD-000079,,,,,,not_found,YarnCone not found,,,
6491,6a3b87267259ec86eff52f44,ORD-000082,,,,,,not_found,YarnCone not found,,,
6492,6a3b87267259ec86eff52f45,ORD-000079,,,,,,not_found,YarnCone not found,,,
6493,6a3b87267259ec86eff52f46,ORD-000082,,,,,,not_found,YarnCone not found,,,
6494,6a3b87267259ec86eff52f47,ORD-000082,,,,,,not_found,YarnCone not found,,,
6495,6a3b87267259ec86eff52f48,ORD-000082,,,,,,not_found,YarnCone not found,,,
6496,6a3b88b17259ec86eff535a5,ORD-000082,,,,,,not_found,YarnCone not found,,,
6497,6a3b88b17259ec86eff535a6,ORD-000082,,,,,,not_found,YarnCone not found,,,
6498,6a3b88b17259ec86eff535a8,ORD-000080,,,,,,not_found,YarnCone not found,,,
6499,6a3b88b17259ec86eff535a9,ORD-000080,,,,,,not_found,YarnCone not found,,,
6500,6a3b88b17259ec86eff535aa,ORD-000082,,,,,,not_found,YarnCone not found,,,
6501,6a3b88b17259ec86eff535ab,ORD-000080,,,,,,not_found,YarnCone not found,,,
6502,6a3b88b17259ec86eff535ac,ORD-000080,,,,,,not_found,YarnCone not found,,,
6503,6a3b88b17259ec86eff535ad,ORD-000080,,,,,,not_found,YarnCone not found,,,
6504,6a3b88b17259ec86eff535af,ORD-000082,,,,,,not_found,YarnCone not found,,,
6505,6a3b88b17259ec86eff535b0,ORD-000080,,,,,,not_found,YarnCone not found,,,
6506,6a3b88b17259ec86eff535b1,ORD-000080,,,,,,not_found,YarnCone not found,,,
6507,6a3b88b17259ec86eff535b5,ORD-000082,,,,,,not_found,YarnCone not found,,,
6508,6a3b88b17259ec86eff535b6,ORD-000082,,,,,,not_found,YarnCone not found,,,
6509,6a3b88b17259ec86eff535b7,ORD-000082,,,,,,not_found,YarnCone not found,,,
6510,6a3b88e47259ec86eff537ce,ORD-000080,,,,,,not_found,YarnCone not found,,,
6511,6a3b88e47259ec86eff537cf,ORD-000084,,,,,,not_found,YarnCone not found,,,
6512,6a3b88e47259ec86eff537d0,ORD-000082,,,,,,not_found,YarnCone not found,,,
6513,6a3b88e47259ec86eff537d1,ORD-000084,,,,,,not_found,YarnCone not found,,,
6514,6a3b88e47259ec86eff537d2,ORD-000081,,,,,,not_found,YarnCone not found,,,
6515,6a3b88e47259ec86eff537d3,ORD-000084,,,,,,not_found,YarnCone not found,,,
6516,6a3b88e47259ec86eff537d5,ORD-000081,,,,,,not_found,YarnCone not found,,,
6517,6a3b88e47259ec86eff537d6,ORD-000082,,,,,,not_found,YarnCone not found,,,
6518,6a3b88e47259ec86eff537d7,ORD-000082,,,,,,not_found,YarnCone not found,,,
6519,6a3b88e47259ec86eff537d8,ORD-000084,,,,,,not_found,YarnCone not found,,,
6520,6a3b88e47259ec86eff537d9,ORD-000082,,,,,,not_found,YarnCone not found,,,
6521,6a3b88e47259ec86eff537da,ORD-000082,,,,,,not_found,YarnCone not found,,,
6522,6a3b88e47259ec86eff537db,ORD-000081,,,,,,not_found,YarnCone not found,,,
6523,6a3b88e47259ec86eff537dc,ORD-000080,,,,,,not_found,YarnCone not found,,,
6524,6a3b88e47259ec86eff537dd,ORD-000082,,,,,,not_found,YarnCone not found,,,
6525,6a3b88e47259ec86eff537de,ORD-000082,,,,,,not_found,YarnCone not found,,,
6526,6a3b88e47259ec86eff537df,ORD-000081,,,,,,not_found,YarnCone not found,,,
6527,6a3b88e47259ec86eff537e0,ORD-000081,,,,,,not_found,YarnCone not found,,,
6528,6a3b94547259ec86eff55236,ORD-000082,,,,,,not_found,YarnCone not found,,,
6529,6a3b94547259ec86eff55237,ORD-000082,,,,,,not_found,YarnCone not found,,,
6530,6a3b94547259ec86eff55238,ORD-000082,,,,,,not_found,YarnCone not found,,,
6531,6a3b94547259ec86eff55239,ORD-000082,,,,,,not_found,YarnCone not found,,,
6532,6a3b94547259ec86eff5523a,ORD-000082,,,,,,not_found,YarnCone not found,,,
6533,6a3b94547259ec86eff5523b,ORD-000082,,,,,,not_found,YarnCone not found,,,
6534,6a3b94547259ec86eff5523c,ORD-000082,,,,,,not_found,YarnCone not found,,,
6535,6a3b94547259ec86eff5523f,ORD-000082,,,,,,not_found,YarnCone not found,,,
6536,6a3b94547259ec86eff55241,ORD-000082,,,,,,not_found,YarnCone not found,,,
6537,6a3b94547259ec86eff55242,ORD-000082,,,,,,not_found,YarnCone not found,,,
6538,6a3b94547259ec86eff55243,ORD-000082,,,,,,not_found,YarnCone not found,,,
6539,6a3b94547259ec86eff55248,ORD-000082,,,,,,not_found,YarnCone not found,,,
6540,6a3ba0f57259ec86eff56ee2,ORD-000083,,,,,,not_found,YarnCone not found,,,
6541,6a3ba0f57259ec86eff56ee3,ORD-000083,,,,,,not_found,YarnCone not found,,,
6542,6a3ba0f57259ec86eff56ee6,ORD-000083,,,,,,not_found,YarnCone not found,,,
6543,6a3ba0f57259ec86eff56ee7,ORD-000084,,,,,,not_found,YarnCone not found,,,
6544,6a3ba0f57259ec86eff56ee9,ORD-000082,,,,,,not_found,YarnCone not found,,,
6545,6a3ba0f57259ec86eff56eeb,ORD-000084,,,,,,not_found,YarnCone not found,,,
6546,6a3ba0f57259ec86eff56eec,ORD-000084,,,,,,not_found,YarnCone not found,,,
6547,6a3ba0f57259ec86eff56eed,ORD-000084,,,,,,not_found,YarnCone not found,,,
6548,6a3ba0f57259ec86eff56eee,ORD-000082,,,,,,not_found,YarnCone not found,,,
6549,6a3ba0f57259ec86eff56ef1,ORD-000084,,,,,,not_found,YarnCone not found,,,
6550,6a3ba0f57259ec86eff56ef3,ORD-000084,,,,,,not_found,YarnCone not found,,,
6551,6a3ba0f57259ec86eff56ef4,ORD-000084,,,,,,not_found,YarnCone not found,,,
6552,6a3ba0f57259ec86eff56ef7,ORD-000083,,,,,,not_found,YarnCone not found,,,
6553,6a3ba0f57259ec86eff56ef8,ORD-000084,,,,,,not_found,YarnCone not found,,,
6554,6a3ba0f57259ec86eff56ef9,ORD-000080,,,,,,not_found,YarnCone not found,,,
6555,6a3ba0f57259ec86eff56efa,ORD-000082,,,,,,not_found,YarnCone not found,,,
6556,6a3ba0f57259ec86eff56efc,ORD-000084,,,,,,not_found,YarnCone not found,,,
6557,6a3ba0f57259ec86eff56efd,ORD-000083,,,,,,not_found,YarnCone not found,,,
6558,6a3ba0f57259ec86eff56efe,ORD-000084,,,,,,not_found,YarnCone not found,,,
6559,6a3ba0f57259ec86eff56eff,ORD-000083,,,,,,not_found,YarnCone not found,,,
6560,6a3ba0f57259ec86eff56f02,ORD-000084,,,,,,not_found,YarnCone not found,,,
6561,6a3ba0f57259ec86eff56f03,ORD-000084,,,,,,not_found,YarnCone not found,,,
6562,6a3ba0f57259ec86eff56f04,ORD-000084,,,,,,not_found,YarnCone not found,,,
6563,6a3ba0f57259ec86eff56f05,ORD-000083,,,,,,not_found,YarnCone not found,,,
6564,6a3ba0f57259ec86eff56f06,ORD-000084,,,,,,not_found,YarnCone not found,,,
6565,6a3ba0f57259ec86eff56f07,ORD-000082,,,,,,not_found,YarnCone not found,,,
6566,6a3ba0f57259ec86eff56f08,ORD-000080,,,,,,not_found,YarnCone not found,,,
6567,6a3ba0f57259ec86eff56f09,ORD-000084,,,,,,not_found,YarnCone not found,,,
6568,6a3ba0f57259ec86eff56f0a,ORD-000084,,,,,,not_found,YarnCone not found,,,
6569,6a3ba0f57259ec86eff56f0c,ORD-000084,,,,,,not_found,YarnCone not found,,,
6570,6a3ba0f57259ec86eff56f0d,ORD-000080,,,,,,not_found,YarnCone not found,,,
6571,6a3ba0f57259ec86eff56f0e,ORD-000084,,,,,,not_found,YarnCone not found,,,
6572,6a3ba0f57259ec86eff56f0f,ORD-000084,,,,,,not_found,YarnCone not found,,,
6573,6a3ba0f57259ec86eff56f10,ORD-000083,,,,,,not_found,YarnCone not found,,,
6574,6a3ba0f57259ec86eff56f11,ORD-000080,,,,,,not_found,YarnCone not found,,,
6575,6a3ba1927259ec86eff570f2,ORD-000082,,,,,,not_found,YarnCone not found,,,
6576,6a3ba1927259ec86eff570f3,ORD-000080,,,,,,not_found,YarnCone not found,,,
6577,6a3ba1927259ec86eff570f4,ORD-000080,,,,,,not_found,YarnCone not found,,,
6578,6a3ba1927259ec86eff570f5,ORD-000082,,,,,,not_found,YarnCone not found,,,
6579,6a3ba1927259ec86eff570f6,ORD-000080,,,,,,not_found,YarnCone not found,,,
6580,6a3ba1927259ec86eff570f7,ORD-000084,,,,,,not_found,YarnCone not found,,,
6581,6a3ba1927259ec86eff570f8,ORD-000083,,,,,,not_found,YarnCone not found,,,
6582,6a3ba1927259ec86eff570f9,ORD-000080,,,,,,not_found,YarnCone not found,,,
6583,6a3ba1927259ec86eff570fa,ORD-000082,,,,,,not_found,YarnCone not found,,,
6584,6a3ba1927259ec86eff570fb,ORD-000080,,,,,,not_found,YarnCone not found,,,
6585,6a3ba1927259ec86eff570fc,ORD-000084,,,,,,not_found,YarnCone not found,,,
6586,6a3ba1927259ec86eff570fd,ORD-000084,,,,,,not_found,YarnCone not found,,,
6587,6a3ba1927259ec86eff570fe,ORD-000084,,,,,,not_found,YarnCone not found,,,
6588,6a3ba1927259ec86eff570ff,ORD-000084,,,,,,not_found,YarnCone not found,,,
6589,6a3ba1927259ec86eff57100,ORD-000084,,,,,,not_found,YarnCone not found,,,
6590,6a3ba1927259ec86eff57102,ORD-000075,,,,,,not_found,YarnCone not found,,,
6591,6a3ba1fe7259ec86eff57242,ORD-000084,,,,,,not_found,YarnCone not found,,,
6592,6a3ba1fe7259ec86eff57243,ORD-000082,,,,,,not_found,YarnCone not found,,,
6593,6a3ba1fe7259ec86eff57244,ORD-000082,,,,,,not_found,YarnCone not found,,,
6594,6a3ba1fe7259ec86eff57245,ORD-000082,,,,,,not_found,YarnCone not found,,,
6595,6a3ba1fe7259ec86eff57246,ORD-000083,,,,,,not_found,YarnCone not found,,,
6596,6a3ba1fe7259ec86eff57247,ORD-000084,,,,,,not_found,YarnCone not found,,,
6597,6a3ba1fe7259ec86eff57248,ORD-000082,,,,,,not_found,YarnCone not found,,,
6598,6a3ba1fe7259ec86eff57249,ORD-000084,,,,,,not_found,YarnCone not found,,,
6599,6a3ba1fe7259ec86eff5724a,ORD-000083,,,,,,not_found,YarnCone not found,,,
6600,6a3ba1fe7259ec86eff5724b,ORD-000083,,,,,,not_found,YarnCone not found,,,
6601,6a3ba1fe7259ec86eff5724c,ORD-000082,,,,,,not_found,YarnCone not found,,,
6602,6a3ba1fe7259ec86eff5724d,ORD-000083,,,,,,not_found,YarnCone not found,,,
6603,6a3ba1fe7259ec86eff5724e,ORD-000084,,,,,,not_found,YarnCone not found,,,
6604,6a3ba1fe7259ec86eff5724f,ORD-000084,,,,,,not_found,YarnCone not found,,,
6605,6a3ba1fe7259ec86eff57250,ORD-000084,,,,,,not_found,YarnCone not found,,,
6606,6a3ba1fe7259ec86eff57251,ORD-000084,,,,,,not_found,YarnCone not found,,,
6607,6a3ba2be7259ec86eff57584,ORD-000089,,,,,,not_found,YarnCone not found,,,
6608,6a3ba2be7259ec86eff57585,ORD-000082,,,,,,not_found,YarnCone not found,,,
6609,6a3ba2be7259ec86eff57586,ORD-000082,,,,,,not_found,YarnCone not found,,,
6610,6a3ba2be7259ec86eff57587,ORD-000082,,,,,,not_found,YarnCone not found,,,
6611,6a3ba2be7259ec86eff57588,ORD-000082,,,,,,not_found,YarnCone not found,,,
6612,6a3ba2be7259ec86eff57589,ORD-000082,,,,,,not_found,YarnCone not found,,,
6613,6a3ba2be7259ec86eff5758b,ORD-000082,,,,,,not_found,YarnCone not found,,,
6614,6a3ba2be7259ec86eff5758c,ORD-000082,,,,,,not_found,YarnCone not found,,,
6615,6a3ba2be7259ec86eff5758e,ORD-000082,,,,,,not_found,YarnCone not found,,,
6616,6a3ba2be7259ec86eff5758f,ORD-000082,,,,,,not_found,YarnCone not found,,,
6617,6a3ba2be7259ec86eff57591,ORD-000089,,,,,,not_found,YarnCone not found,,,
6618,6a3ba2be7259ec86eff57592,ORD-000082,,,,,,not_found,YarnCone not found,,,
6619,6a3ba2be7259ec86eff57593,ORD-000082,,,,,,not_found,YarnCone not found,,,
6620,6a3ba2be7259ec86eff57594,ORD-000082,,,,,,not_found,YarnCone not found,,,
6621,6a3ba2be7259ec86eff57596,ORD-000082,,,,,,not_found,YarnCone not found,,,
6622,6a3ba2be7259ec86eff5759a,ORD-000082,,,,,,not_found,YarnCone not found,,,
6623,6a3ba2be7259ec86eff5759c,ORD-000089,,,,,,not_found,YarnCone not found,,,
6624,6a3ba2be7259ec86eff5759d,ORD-000089,,,,,,not_found,YarnCone not found,,,
6625,6a3ba2be7259ec86eff5759e,ORD-000082,,,,,,not_found,YarnCone not found,,,
6626,6a3ba2be7259ec86eff5759f,ORD-000082,,,,,,not_found,YarnCone not found,,,
6627,6a3ba2be7259ec86eff575a0,ORD-000082,,,,,,not_found,YarnCone not found,,,
6628,6a3ba2be7259ec86eff575a3,ORD-000082,,,,,,not_found,YarnCone not found,,,
6629,6a3ba2be7259ec86eff575a4,ORD-000089,,,,,,not_found,YarnCone not found,,,
6630,6a3ba2be7259ec86eff575a6,ORD-000089,,,,,,not_found,YarnCone not found,,,
6631,6a3ba3777259ec86eff5782d,ORD-000082,,,,,,not_found,YarnCone not found,,,
6632,6a3ba3777259ec86eff5782f,ORD-000082,,,,,,not_found,YarnCone not found,,,
6633,6a3ba3777259ec86eff57833,ORD-000082,,,,,,not_found,YarnCone not found,,,
6634,6a3ba3777259ec86eff57836,ORD-000082,,,,,,not_found,YarnCone not found,,,
6635,6a3ba3777259ec86eff5783c,ORD-000082,,,,,,not_found,YarnCone not found,,,
6636,6a3ba3777259ec86eff5783d,ORD-000082,,,,,,not_found,YarnCone not found,,,
6637,6a3ba3777259ec86eff5783f,ORD-000082,,,,,,not_found,YarnCone not found,,,
6638,6a3ba3777259ec86eff57840,ORD-000082,,,,,,not_found,YarnCone not found,,,
6639,6a3ba3777259ec86eff57841,ORD-000082,,,,,,not_found,YarnCone not found,,,
6640,6a3ba3777259ec86eff57843,ORD-000082,,,,,,not_found,YarnCone not found,,,
6641,6a3ba3777259ec86eff57844,ORD-000082,,,,,,not_found,YarnCone not found,,,
6642,6a3ba3777259ec86eff57846,ORD-000082,,,,,,not_found,YarnCone not found,,,
6643,6a3ba3777259ec86eff57847,ORD-000082,,,,,,not_found,YarnCone not found,,,
6644,6a3ba3777259ec86eff5784a,ORD-000082,,,,,,not_found,YarnCone not found,,,
6645,6a3ba3777259ec86eff5784b,ORD-000082,,,,,,not_found,YarnCone not found,,,
6646,6a3ba3777259ec86eff5784c,ORD-000082,,,,,,not_found,YarnCone not found,,,
6647,6a3bb5177259ec86eff59bc2,ORD-000084,,,,,,not_found,YarnCone not found,,,
6648,6a3bb5177259ec86eff59bc3,ORD-000084,,,,,,not_found,YarnCone not found,,,
6649,6a3bb5177259ec86eff59bc4,ORD-000084,,,,,,not_found,YarnCone not found,,,
6650,6a3bb5177259ec86eff59bc5,ORD-000084,,,,,,not_found,YarnCone not found,,,
6651,6a3bb5177259ec86eff59bc6,ORD-000084,,,,,,not_found,YarnCone not found,,,
6652,6a3bb5177259ec86eff59bc7,ORD-000084,,,,,,not_found,YarnCone not found,,,
6653,6a3bb5177259ec86eff59bc8,ORD-000084,,,,,,not_found,YarnCone not found,,,
6654,6a3bb5177259ec86eff59bc9,ORD-000084,,,,,,not_found,YarnCone not found,,,
6655,6a3bb5177259ec86eff59bca,ORD-000084,,,,,,not_found,YarnCone not found,,,
6656,6a3bb5177259ec86eff59bcb,ORD-000084,,,,,,not_found,YarnCone not found,,,
6657,6a3bb5177259ec86eff59bcc,ORD-000084,,,,,,not_found,YarnCone not found,,,
6658,6a3bb5177259ec86eff59bcd,ORD-000084,,,,,,not_found,YarnCone not found,,,
6659,6a3bb5177259ec86eff59bce,ORD-000084,,,,,,not_found,YarnCone not found,,,
6660,6a3bb5177259ec86eff59bcf,ORD-000084,,,,,,not_found,YarnCone not found,,,
6661,6a3bb5177259ec86eff59bd0,ORD-000084,,,,,,not_found,YarnCone not found,,,
6662,6a3bb5177259ec86eff59bd1,ORD-000084,,,,,,not_found,YarnCone not found,,,
6663,6a3bb5177259ec86eff59bd2,ORD-000084,,,,,,not_found,YarnCone not found,,,
6664,6a3bb5177259ec86eff59bd3,ORD-000084,,,,,,not_found,YarnCone not found,,,
6665,6a3bb6e77259ec86eff59f1c,ORD-000084,,,,,,not_found,YarnCone not found,,,
6666,6a3bb6e77259ec86eff59f1d,ORD-000084,,,,,,not_found,YarnCone not found,,,
6667,6a3bb6e77259ec86eff59f1e,ORD-000084,,,,,,not_found,YarnCone not found,,,
6668,6a3bb6e77259ec86eff59f1f,ORD-000084,,,,,,not_found,YarnCone not found,,,
6669,6a3bb6e77259ec86eff59f20,ORD-000084,,,,,,not_found,YarnCone not found,,,
6670,6a3bb6e77259ec86eff59f21,ORD-000084,,,,,,not_found,YarnCone not found,,,
6671,6a3bb6e77259ec86eff59f22,ORD-000084,,,,,,not_found,YarnCone not found,,,
6672,6a3bb6e77259ec86eff59f23,ORD-000084,,,,,,not_found,YarnCone not found,,,
6673,6a3bb6e77259ec86eff59f24,ORD-000084,,,,,,not_found,YarnCone not found,,,
6674,6a3bb6e77259ec86eff59f25,ORD-000084,,,,,,not_found,YarnCone not found,,,
6675,6a3bb6e77259ec86eff59f26,ORD-000084,,,,,,not_found,YarnCone not found,,,
6676,6a3bb6e77259ec86eff59f27,ORD-000084,,,,,,not_found,YarnCone not found,,,
6677,6a3bb6e77259ec86eff59f28,ORD-000084,,,,,,not_found,YarnCone not found,,,
6678,6a3bb6e77259ec86eff59f29,ORD-000084,,,,,,not_found,YarnCone not found,,,
6679,6a3bb6e77259ec86eff59f2a,ORD-000084,,,,,,not_found,YarnCone not found,,,
6680,6a3bb6e77259ec86eff59f2b,ORD-000084,,,,,,not_found,YarnCone not found,,,
6681,6a3bb6e77259ec86eff59f2c,ORD-000084,,,,,,not_found,YarnCone not found,,,
6682,6a3bb6e77259ec86eff59f2d,ORD-000084,,,,,,not_found,YarnCone not found,,,
6683,6a3bb7077259ec86eff5a023,ORD-000084,,,,,,not_found,YarnCone not found,,,
6684,6a3bb7077259ec86eff5a024,ORD-000084,,,,,,not_found,YarnCone not found,,,
6685,6a3bb7077259ec86eff5a025,ORD-000084,,,,,,not_found,YarnCone not found,,,
6686,6a3bb7077259ec86eff5a026,ORD-000084,,,,,,not_found,YarnCone not found,,,
6687,6a3bb7077259ec86eff5a027,ORD-000084,,,,,,not_found,YarnCone not found,,,
6688,6a3bb7077259ec86eff5a028,ORD-000084,,,,,,not_found,YarnCone not found,,,
6689,6a3bb7077259ec86eff5a029,ORD-000084,,,,,,not_found,YarnCone not found,,,
6690,6a3bb7077259ec86eff5a02a,ORD-000084,,,,,,not_found,YarnCone not found,,,
6691,6a3bb7077259ec86eff5a02b,ORD-000084,,,,,,not_found,YarnCone not found,,,
6692,6a3bb7077259ec86eff5a02c,ORD-000084,,,,,,not_found,YarnCone not found,,,
6693,6a3bb7077259ec86eff5a02d,ORD-000084,,,,,,not_found,YarnCone not found,,,
6694,6a3bb7077259ec86eff5a02e,ORD-000084,,,,,,not_found,YarnCone not found,,,
6695,6a3bb7077259ec86eff5a02f,ORD-000084,,,,,,not_found,YarnCone not found,,,
6696,6a3bb7077259ec86eff5a030,ORD-000084,,,,,,not_found,YarnCone not found,,,
6697,6a3bb7077259ec86eff5a031,ORD-000084,,,,,,not_found,YarnCone not found,,,
6698,6a3bb7077259ec86eff5a032,ORD-000084,,,,,,not_found,YarnCone not found,,,
6699,6a3bb7077259ec86eff5a033,ORD-000084,,,,,,not_found,YarnCone not found,,,
6700,6a3bb7077259ec86eff5a034,ORD-000084,,,,,,not_found,YarnCone not found,,,
6701,6a3bb7367259ec86eff5a164,ORD-000084,,,,,,not_found,YarnCone not found,,,
6702,6a3bb7367259ec86eff5a165,ORD-000084,,,,,,not_found,YarnCone not found,,,
6703,6a3bb7367259ec86eff5a166,ORD-000084,,,,,,not_found,YarnCone not found,,,
6704,6a3bb7367259ec86eff5a167,ORD-000084,,,,,,not_found,YarnCone not found,,,
6705,6a3bb7367259ec86eff5a169,ORD-000084,,,,,,not_found,YarnCone not found,,,
6706,6a3bb7367259ec86eff5a16a,ORD-000084,,,,,,not_found,YarnCone not found,,,
6707,6a3bb7367259ec86eff5a16b,ORD-000084,,,,,,not_found,YarnCone not found,,,
6708,6a3bb7367259ec86eff5a16c,ORD-000084,,,,,,not_found,YarnCone not found,,,
6709,6a3bb7367259ec86eff5a16d,ORD-000084,,,,,,not_found,YarnCone not found,,,
6710,6a3bb7367259ec86eff5a16e,ORD-000084,,,,,,not_found,YarnCone not found,,,
6711,6a3bb7367259ec86eff5a16f,ORD-000084,,,,,,not_found,YarnCone not found,,,
6712,6a3bb7367259ec86eff5a170,ORD-000084,,,,,,not_found,YarnCone not found,,,
6713,6a3bb7367259ec86eff5a171,ORD-000084,,,,,,not_found,YarnCone not found,,,
6714,6a3bb7367259ec86eff5a172,ORD-000084,,,,,,not_found,YarnCone not found,,,
6715,6a3bb7367259ec86eff5a173,ORD-000084,,,,,,not_found,YarnCone not found,,,
6716,6a3bb7367259ec86eff5a174,ORD-000084,,,,,,not_found,YarnCone not found,,,
6717,6a3bb7367259ec86eff5a175,ORD-000084,,,,,,not_found,YarnCone not found,,,
6718,6a3cbff07259ec86eff6318a,ORD-000082,,,,,,not_found,YarnCone not found,,,
6719,6a3cbff07259ec86eff63196,ORD-000082,,,,,,not_found,YarnCone not found,,,
6720,6a3cbff07259ec86eff63199,ORD-000082,,,,,,not_found,YarnCone not found,,,
6721,6a3cc1817259ec86eff63442,ORD-000080,,,,,,not_found,YarnCone not found,,,
6722,6a3cc1817259ec86eff63443,ORD-000080,,,,,,not_found,YarnCone not found,,,
6723,6a3cc1817259ec86eff63444,ORD-000081,,,,,,not_found,YarnCone not found,,,
6724,6a3cc1817259ec86eff63447,ORD-000080,,,,,,not_found,YarnCone not found,,,
6725,6a3cc1817259ec86eff63448,ORD-000080,,,,,,not_found,YarnCone not found,,,
6726,6a3cc1817259ec86eff63449,ORD-000081,,,,,,not_found,YarnCone not found,,,
6727,6a3cc1817259ec86eff6344a,ORD-000080,,,,,,not_found,YarnCone not found,,,
6728,6a3cc1817259ec86eff6344b,ORD-000080,,,,,,not_found,YarnCone not found,,,
6729,6a3cc1817259ec86eff6344d,ORD-000080,,,,,,not_found,YarnCone not found,,,
6730,6a3cc1817259ec86eff63451,ORD-000080,,,,,,not_found,YarnCone not found,,,
6731,6a3cc1817259ec86eff63454,ORD-000080,,,,,,not_found,YarnCone not found,,,
6732,6a3ccce37259ec86eff64e67,ORD-000084,,,,,,not_found,YarnCone not found,,,
6733,6a3ccce37259ec86eff64e68,ORD-000084,,,,,,not_found,YarnCone not found,,,
6734,6a3ccce37259ec86eff64e69,ORD-000084,,,,,,not_found,YarnCone not found,,,
6735,6a3ccce37259ec86eff64e6a,ORD-000084,,,,,,not_found,YarnCone not found,,,
6736,6a3ccce37259ec86eff64e6b,ORD-000084,,,,,,not_found,YarnCone not found,,,
6737,6a3ccce37259ec86eff64e6c,ORD-000084,,,,,,not_found,YarnCone not found,,,
6738,6a3ccce37259ec86eff64e6d,ORD-000084,,,,,,not_found,YarnCone not found,,,
6739,6a3ccce37259ec86eff64e6e,ORD-000084,,,,,,not_found,YarnCone not found,,,
6740,6a3ccce37259ec86eff64e6f,ORD-000084,,,,,,not_found,YarnCone not found,,,
6741,6a3ccce37259ec86eff64e71,ORD-000084,,,,,,not_found,YarnCone not found,,,
6742,6a3ccce37259ec86eff64e72,ORD-000084,,,,,,not_found,YarnCone not found,,,
6743,6a3ccce37259ec86eff64e73,ORD-000084,,,,,,not_found,YarnCone not found,,,
6744,6a3ccce37259ec86eff64e74,ORD-000084,,,,,,not_found,YarnCone not found,,,
6745,6a3ccce37259ec86eff64e75,ORD-000084,,,,,,not_found,YarnCone not found,,,
6746,6a3ccce37259ec86eff64e76,ORD-000084,,,,,,not_found,YarnCone not found,,,
6747,6a3ccce37259ec86eff64e77,ORD-000084,,,,,,not_found,YarnCone not found,,,
6748,6a3ccce37259ec86eff64e78,ORD-000084,,,,,,not_found,YarnCone not found,,,
6749,6a3ce4867259ec86eff676fa,ORD-000081,,,,,,not_found,YarnCone not found,,,
6750,6a3ce4867259ec86eff676fb,ORD-000069,,,,,,not_found,YarnCone not found,,,
6751,6a3ce4867259ec86eff676fc,ORD-000081,,,,,,not_found,YarnCone not found,,,
6752,6a3ce4867259ec86eff676ff,ORD-000069,,,,,,not_found,YarnCone not found,,,
6753,6a3ce4867259ec86eff67700,ORD-000081,,,,,,not_found,YarnCone not found,,,
6754,6a3ce4867259ec86eff67701,ORD-000081,,,,,,not_found,YarnCone not found,,,
6755,6a3ce4867259ec86eff67702,ORD-000081,,,,,,not_found,YarnCone not found,,,
6756,6a3ce4867259ec86eff67703,ORD-000081,,,,,,not_found,YarnCone not found,,,
6757,6a3ce4867259ec86eff67704,ORD-000081,,,,,,not_found,YarnCone not found,,,
6758,6a3ce4867259ec86eff67705,ORD-000081,,,,,,not_found,YarnCone not found,,,
6759,6a3ce4867259ec86eff67706,ORD-000081,,,,,,not_found,YarnCone not found,,,
6760,6a3ce4867259ec86eff67707,ORD-000081,,,,,,not_found,YarnCone not found,,,
6761,6a3ce4867259ec86eff67708,ORD-000081,,,,,,not_found,YarnCone not found,,,
6762,6a3ce4867259ec86eff67709,ORD-000081,,,,,,not_found,YarnCone not found,,,
6763,6a3ce4867259ec86eff6770a,ORD-000081,,,,,,not_found,YarnCone not found,,,
6764,6a3ce4867259ec86eff6770b,ORD-000081,,,,,,not_found,YarnCone not found,,,
6765,6a3ce4867259ec86eff6770c,ORD-000081,,,,,,not_found,YarnCone not found,,,
6766,6a3ce4867259ec86eff6770d,ORD-000081,,,,,,not_found,YarnCone not found,,,
6767,6a3ce4867259ec86eff6770e,ORD-000081,,,,,,not_found,YarnCone not found,,,
6768,6a3ce4867259ec86eff6770f,ORD-000081,,,,,,not_found,YarnCone not found,,,
6769,6a3ce4867259ec86eff67710,ORD-000081,,,,,,not_found,YarnCone not found,,,
6770,6a3ce4867259ec86eff67711,ORD-000081,,,,,,not_found,YarnCone not found,,,
6771,6a3ce4867259ec86eff67712,ORD-000081,,,,,,not_found,YarnCone not found,,,
6772,6a3ce4867259ec86eff67713,ORD-000081,,,,,,not_found,YarnCone not found,,,
6773,6a3ce4867259ec86eff67714,ORD-000081,,,,,,not_found,YarnCone not found,,,
6774,6a3ce4867259ec86eff67715,ORD-000081,,,,,,not_found,YarnCone not found,,,
6775,6a3ce4867259ec86eff67716,ORD-000081,,,,,,not_found,YarnCone not found,,,
6776,6a3ce4867259ec86eff67717,ORD-000081,,,,,,not_found,YarnCone not found,,,
6777,6a3ce4867259ec86eff67718,ORD-000081,,,,,,not_found,YarnCone not found,,,
6778,6a3ce4867259ec86eff67719,ORD-000081,,,,,,not_found,YarnCone not found,,,
6779,6a3ce5177259ec86eff67b4d,ORD-000080,,,,,,not_found,YarnCone not found,,,
6780,6a3ce5177259ec86eff67b4e,ORD-000080,,,,,,not_found,YarnCone not found,,,
6781,6a3ce5177259ec86eff67b4f,ORD-000080,,,,,,not_found,YarnCone not found,,,
6782,6a3ce5177259ec86eff67b50,ORD-000080,,,,,,not_found,YarnCone not found,,,
6783,6a3ce5177259ec86eff67b51,ORD-000080,,,,,,not_found,YarnCone not found,,,
6784,6a3ce5177259ec86eff67b52,ORD-000080,,,,,,not_found,YarnCone not found,,,
6785,6a3ce5177259ec86eff67b53,ORD-000080,,,,,,not_found,YarnCone not found,,,
6786,6a3ce5177259ec86eff67b54,ORD-000080,,,,,,not_found,YarnCone not found,,,
6787,6a3ce5177259ec86eff67b55,ORD-000080,,,,,,not_found,YarnCone not found,,,
6788,6a3ce5177259ec86eff67b56,ORD-000080,,,,,,not_found,YarnCone not found,,,
6789,6a3ce5177259ec86eff67b57,ORD-000080,,,,,,not_found,YarnCone not found,,,
6790,6a3ce5177259ec86eff67b58,ORD-000080,,,,,,not_found,YarnCone not found,,,
6791,6a3ce5177259ec86eff67b59,ORD-000080,,,,,,not_found,YarnCone not found,,,
6792,6a3ce5177259ec86eff67b5a,ORD-000080,,,,,,not_found,YarnCone not found,,,
6793,6a3ce5177259ec86eff67b5b,ORD-000080,,,,,,not_found,YarnCone not found,,,
6794,6a3ce5177259ec86eff67b5c,ORD-000080,,,,,,not_found,YarnCone not found,,,
6795,6a3ce5177259ec86eff67b5d,ORD-000080,,,,,,not_found,YarnCone not found,,,
6796,6a3ce5177259ec86eff67b5e,ORD-000080,,,,,,not_found,YarnCone not found,,,
6797,6a3ce5177259ec86eff67b5f,ORD-000080,,,,,,not_found,YarnCone not found,,,
6798,6a3ce5177259ec86eff67b60,ORD-000080,,,,,,not_found,YarnCone not found,,,
6799,6a3ce5177259ec86eff67b61,ORD-000082,,,,,,not_found,YarnCone not found,,,
6800,6a3ce5177259ec86eff67b63,ORD-000082,,,,,,not_found,YarnCone not found,,,
6801,6a3ce5177259ec86eff67b64,ORD-000082,,,,,,not_found,YarnCone not found,,,
6802,6a3ce5177259ec86eff67b65,ORD-000082,,,,,,not_found,YarnCone not found,,,
6803,6a3ce5177259ec86eff67b66,ORD-000082,,,,,,not_found,YarnCone not found,,,
6804,6a3ce5177259ec86eff67b67,ORD-000082,,,,,,not_found,YarnCone not found,,,
6805,6a3ce5177259ec86eff67b68,ORD-000082,,,,,,not_found,YarnCone not found,,,
6806,6a3ce5177259ec86eff67b69,ORD-000082,,,,,,not_found,YarnCone not found,,,
6807,6a3ce5177259ec86eff67b6a,ORD-000082,,,,,,not_found,YarnCone not found,,,
6808,6a3ce5177259ec86eff67b6b,ORD-000082,,,,,,not_found,YarnCone not found,,,
6809,6a3ce5177259ec86eff67b6c,ORD-000082,,,,,,not_found,YarnCone not found,,,
6810,6a3ce5177259ec86eff67b6d,ORD-000082,,,,,,not_found,YarnCone not found,,,
6811,6a3ce5177259ec86eff67b6e,ORD-000082,,,,,,not_found,YarnCone not found,,,
6812,6a3ce5177259ec86eff67b6f,ORD-000082,,,,,,not_found,YarnCone not found,,,
6813,6a3ce5177259ec86eff67b70,ORD-000082,,,,,,not_found,YarnCone not found,,,
6814,6a3ce5177259ec86eff67b71,ORD-000082,,,,,,not_found,YarnCone not found,,,
6815,6a3ce5177259ec86eff67b72,ORD-000082,,,,,,not_found,YarnCone not found,,,
6816,6a3ce5177259ec86eff67b73,ORD-000082,,,,,,not_found,YarnCone not found,,,
6817,6a3ce5177259ec86eff67b74,ORD-000082,,,,,,not_found,YarnCone not found,,,
6818,6a3ce55b7259ec86eff67e21,ORD-000082,,,,,,not_found,YarnCone not found,,,
6819,6a3ce55b7259ec86eff67e22,ORD-000082,,,,,,not_found,YarnCone not found,,,
6820,6a3ce55b7259ec86eff67e23,ORD-000082,,,,,,not_found,YarnCone not found,,,
6821,6a3ce55b7259ec86eff67e24,ORD-000082,,,,,,not_found,YarnCone not found,,,
6822,6a3ce55b7259ec86eff67e25,ORD-000082,,,,,,not_found,YarnCone not found,,,
6823,6a3ce55b7259ec86eff67e26,ORD-000082,,,,,,not_found,YarnCone not found,,,
6824,6a3ce55b7259ec86eff67e27,ORD-000082,,,,,,not_found,YarnCone not found,,,
6825,6a3ce55b7259ec86eff67e29,ORD-000082,,,,,,not_found,YarnCone not found,,,
6826,6a3ce55b7259ec86eff67e2b,ORD-000082,,,,,,not_found,YarnCone not found,,,
6827,6a3ce55b7259ec86eff67e2f,ORD-000082,,,,,,not_found,YarnCone not found,,,
6828,6a3ce55b7259ec86eff67e30,ORD-000082,,,,,,not_found,YarnCone not found,,,
6829,6a3ce55b7259ec86eff67e31,ORD-000082,,,,,,not_found,YarnCone not found,,,
6830,6a3ce55b7259ec86eff67e32,ORD-000082,,,,,,not_found,YarnCone not found,,,
6831,6a3ce55b7259ec86eff67e33,ORD-000082,,,,,,not_found,YarnCone not found,,,
6832,6a3ce55b7259ec86eff67e35,ORD-000082,,,,,,not_found,YarnCone not found,,,
6833,6a3ce55b7259ec86eff67e36,ORD-000080,,,,,,not_found,YarnCone not found,,,
6834,6a3ce55b7259ec86eff67e37,ORD-000082,,,,,,not_found,YarnCone not found,,,
6835,6a3ce55b7259ec86eff67e38,ORD-000082,,,,,,not_found,YarnCone not found,,,
6836,6a3ce55b7259ec86eff67e3a,ORD-000080,,,,,,not_found,YarnCone not found,,,
6837,6a3ce55b7259ec86eff67e3b,ORD-000082,,,,,,not_found,YarnCone not found,,,
6838,6a3ce55b7259ec86eff67e3c,ORD-000080,,,,,,not_found,YarnCone not found,,,
6839,6a3ce55b7259ec86eff67e3d,ORD-000080,,,,,,not_found,YarnCone not found,,,
6840,6a3ce55b7259ec86eff67e3e,ORD-000080,,,,,,not_found,YarnCone not found,,,
6841,6a3ce6d0e79a7ba666a4df73,ORD-000080,,,,,,not_found,YarnCone not found,,,
6842,6a3ce6d0e79a7ba666a4df77,ORD-000081,,,,,,not_found,YarnCone not found,,,
6843,6a3d0c584af719a8356d3a67,ORD-000080,,,,,,not_found,YarnCone not found,,,
6844,6a3d0c584af719a8356d3a68,ORD-000080,,,,,,not_found,YarnCone not found,,,
6845,6a3d0c584af719a8356d3a6a,ORD-000080,,,,,,not_found,YarnCone not found,,,
6846,6a3d0c584af719a8356d3a6b,ORD-000080,,,,,,not_found,YarnCone not found,,,
6847,6a3d0c584af719a8356d3a6c,ORD-000080,,,,,,not_found,YarnCone not found,,,
6848,6a3d0c584af719a8356d3a6d,ORD-000080,,,,,,not_found,YarnCone not found,,,
6849,6a3d0c584af719a8356d3a6e,ORD-000080,,,,,,not_found,YarnCone not found,,,
6850,6a3d0c584af719a8356d3a6f,ORD-000080,,,,,,not_found,YarnCone not found,,,
6851,6a3d0c584af719a8356d3a70,ORD-000080,,,,,,not_found,YarnCone not found,,,
6852,6a3d0c584af719a8356d3a71,ORD-000080,,,,,,not_found,YarnCone not found,,,
6853,6a3d0c584af719a8356d3a72,ORD-000080,,,,,,not_found,YarnCone not found,,,
6854,6a3d0c584af719a8356d3a73,ORD-000080,,,,,,not_found,YarnCone not found,,,
6855,6a3d0c584af719a8356d3a74,ORD-000080,,,,,,not_found,YarnCone not found,,,
6856,6a3d0c584af719a8356d3a75,ORD-000080,,,,,,not_found,YarnCone not found,,,
6857,6a3d0c584af719a8356d3a76,ORD-000080,,,,,,not_found,YarnCone not found,,,
6858,6a3d0c584af719a8356d3a77,ORD-000080,,,,,,not_found,YarnCone not found,,,
6859,6a3d0c584af719a8356d3a78,ORD-000080,,,,,,not_found,YarnCone not found,,,
6860,6a3d0c584af719a8356d3a79,ORD-000080,,,,,,not_found,YarnCone not found,,,
6861,6a3d0cd14af719a8356d3b82,ORD-000084,,,,,,not_found,YarnCone not found,,,
6862,6a3d0cd14af719a8356d3b84,ORD-000084,,,,,,not_found,YarnCone not found,,,
6863,6a3d0cd14af719a8356d3b85,ORD-000084,,,,,,not_found,YarnCone not found,,,
6864,6a3d0cd14af719a8356d3b87,ORD-000084,,,,,,not_found,YarnCone not found,,,
6865,6a3d0cd14af719a8356d3b88,ORD-000084,,,,,,not_found,YarnCone not found,,,
6866,6a3d0cd14af719a8356d3b8a,ORD-000084,,,,,,not_found,YarnCone not found,,,
6867,6a3d0cd14af719a8356d3b8b,ORD-000084,,,,,,not_found,YarnCone not found,,,
6868,6a44927c5012602f18f3653c,ORD-000082,,,,,,not_found,YarnCone not found,,,
6869,6a44927c5012602f18f36549,ORD-000082,,,,,,not_found,YarnCone not found,,,
6870,6a449a6f5012602f18f377c3,ORD-000082,,,,,,not_found,YarnCone not found,,,
6871,6a449a6f5012602f18f377c8,ORD-000082,,,,,,not_found,YarnCone not found,,,
6872,6a449a6f5012602f18f377ca,ORD-000082,,,,,,not_found,YarnCone not found,,,
6873,6a449a6f5012602f18f377cd,ORD-000082,,,,,,not_found,YarnCone not found,,,
6874,6a449a6f5012602f18f377d4,ORD-000082,,,,,,not_found,YarnCone not found,,,
6875,6a449aa75012602f18f37909,ORD-000082,,,,,,not_found,YarnCone not found,,,
6876,6a449aa75012602f18f3790c,ORD-000082,,,,,,not_found,YarnCone not found,,,
6877,6a44a4de5012602f18f3ed94,ORD-000080,,,,,,not_found,YarnCone not found,,,
6878,6a44a4de5012602f18f3ed96,ORD-000080,,,,,,not_found,YarnCone not found,,,
6879,6a44a4de5012602f18f3ed9f,ORD-000080,,,,,,not_found,YarnCone not found,,,
6880,6a44a4de5012602f18f3eda1,ORD-000081,,,,,,not_found,YarnCone not found,,,
6881,6a44acc62534844badea587d,ORD-000085,,,,,,not_found,YarnCone not found,,,
6882,6a44acc62534844badea5885,ORD-000085,,,,,,not_found,YarnCone not found,,,
6883,6a44acc62534844badea588b,ORD-000085,,,,,,not_found,YarnCone not found,,,
6884,6a44acc62534844badea588d,ORD-000085,,,,,,not_found,YarnCone not found,,,
6885,6a44acc62534844badea588e,ORD-000085,,,,,,not_found,YarnCone not found,,,
6886,6a44acc62534844badea5891,ORD-000085,,,,,,not_found,YarnCone not found,,,
6887,6a44acc62534844badea5893,ORD-000085,,,,,,not_found,YarnCone not found,,,
6888,6a44afa52534844badea61ac,ORD-000083,,,,,,not_found,YarnCone not found,,,
6889,6a44afa52534844badea61ad,ORD-000087,,,,,,not_found,YarnCone not found,,,
6890,6a44afa52534844badea61b4,ORD-000088,,,,,,not_found,YarnCone not found,,,
6891,6a44afa52534844badea61b6,ORD-000087,,,,,,not_found,YarnCone not found,,,
6892,6a44afa52534844badea61ba,ORD-000088,,,,,,not_found,YarnCone not found,,,
6893,6a44b05f2534844badea641b,ORD-000085,,,,,,not_found,YarnCone not found,,,
6894,6a44b05f2534844badea6421,ORD-000085,,,,,,not_found,YarnCone not found,,,
6895,6a44b05f2534844badea6424,ORD-000085,,,,,,not_found,YarnCone not found,,,
6896,6a44b05f2534844badea6427,ORD-000085,,,,,,not_found,YarnCone not found,,,
6897,6a44b57c2534844badea808f,ORD-000082,,,,,,not_found,YarnCone not found,,,
6898,6a44b57c2534844badea8096,ORD-000076,,,,,,not_found,YarnCone not found,,,
6899,6a44b57c2534844badea809a,ORD-000082,,,,,,not_found,YarnCone not found,,,
6900,6a44b7742534844badea9216,ORD-000082,,,,,,not_found,YarnCone not found,,,
6901,6a44b7742534844badea9217,ORD-000082,,,,,,not_found,YarnCone not found,,,
6902,6a44b7742534844badea9219,ORD-000082,,,,,,not_found,YarnCone not found,,,
6903,6a44b7742534844badea921a,ORD-000082,,,,,,not_found,YarnCone not found,,,
6904,6a44b7742534844badea921b,ORD-000082,,,,,,not_found,YarnCone not found,,,
6905,6a44b7742534844badea921d,ORD-000082,,,,,,not_found,YarnCone not found,,,
6906,6a44b7742534844badea921e,ORD-000082,,,,,,not_found,YarnCone not found,,,
6907,6a44b7742534844badea9220,ORD-000082,,,,,,not_found,YarnCone not found,,,
6908,6a44b7742534844badea9221,ORD-000082,,,,,,not_found,YarnCone not found,,,
6909,6a44b7742534844badea9223,ORD-000082,,,,,,not_found,YarnCone not found,,,
6910,6a44b7742534844badea9224,ORD-000082,,,,,,not_found,YarnCone not found,,,
6911,6a44b7742534844badea9225,ORD-000082,,,,,,not_found,YarnCone not found,,,
6912,6a44b7742534844badea9227,ORD-000082,,,,,,not_found,YarnCone not found,,,
6913,6a44c9fa2534844badeac5e5,ORD-000088,,,,,,not_found,YarnCone not found,,,
6914,6a44c9fa2534844badeac5e7,ORD-000077,,,,,,not_found,YarnCone not found,,,
6915,6a44ccd32534844badeacdc1,ORD-000083,,,,,,not_found,YarnCone not found,,,
6916,6a44ccd32534844badeacdc2,ORD-000083,,,,,,not_found,YarnCone not found,,,
6917,6a44ccd32534844badeacdc5,ORD-000083,,,,,,not_found,YarnCone not found,,,
6918,6a44ccd32534844badeacdc7,ORD-000083,,,,,,not_found,YarnCone not found,,,
6919,6a44ccd32534844badeacdcd,ORD-000083,,,,,,not_found,YarnCone not found,,,
6920,6a44ccd32534844badeacdce,ORD-000083,,,,,,not_found,YarnCone not found,,,
6921,6a44ccd32534844badeacdcf,ORD-000083,,,,,,not_found,YarnCone not found,,,
6922,6a44ccd32534844badeacdd3,ORD-000088,,,,,,not_found,YarnCone not found,,,
6923,6a44ccd32534844badeacdd6,ORD-000083,,,,,,not_found,YarnCone not found,,,
6924,6a44cd012534844badeacf3c,ORD-000085,,,,,,not_found,YarnCone not found,,,
6925,6a44cd012534844badeacf3e,ORD-000085,,,,,,not_found,YarnCone not found,,,
6926,6a44cd012534844badeacf3f,ORD-000082,,,,,,not_found,YarnCone not found,,,
6927,6a44cd012534844badeacf40,ORD-000085,,,,,,not_found,YarnCone not found,,,
6928,6a44cd012534844badeacf46,ORD-000082,,,,,,not_found,YarnCone not found,,,
6929,6a44cd012534844badeacf4c,ORD-000082,,,,,,not_found,YarnCone not found,,,
6930,6a44cd392534844badead002,ORD-000080,,,,,,not_found,YarnCone not found,,,
6931,6a44cd392534844badead012,ORD-000091,,,,,,not_found,YarnCone not found,,,
6932,6a44cd8a2534844badead1af,ORD-000080,,,,,,not_found,YarnCone not found,,,
6933,6a44cd8a2534844badead1b0,ORD-000080,,,,,,not_found,YarnCone not found,,,
6934,6a44cd8a2534844badead1b2,ORD-000080,,,,,,not_found,YarnCone not found,,,
6935,6a44cd8a2534844badead1b8,ORD-000080,,,,,,not_found,YarnCone not found,,,
6936,6a44cd8a2534844badead1b9,ORD-000080,,,,,,not_found,YarnCone not found,,,
6937,6a44cd8a2534844badead1ba,ORD-000082,,,,,,not_found,YarnCone not found,,,
6938,6a44cd8a2534844badead1bb,ORD-000080,,,,,,not_found,YarnCone not found,,,
6939,6a44cd8a2534844badead1be,ORD-000080,,,,,,not_found,YarnCone not found,,,
6940,6a44cd8a2534844badead1c0,ORD-000080,,,,,,not_found,YarnCone not found,,,
6941,6a44cd8a2534844badead1c1,ORD-000082,,,,,,not_found,YarnCone not found,,,
6942,6a44cd8a2534844badead1c2,ORD-000080,,,,,,not_found,YarnCone not found,,,
6943,6a44cdc02534844badead32a,ORD-000082,,,,,,not_found,YarnCone not found,,,
6944,6a44cee02534844badead59c,ORD-000083,,,,,,not_found,YarnCone not found,,,
6945,6a44cee02534844badead59d,ORD-000083,,,,,,not_found,YarnCone not found,,,
6946,6a44cee02534844badead59f,ORD-000083,,,,,,not_found,YarnCone not found,,,
6947,6a44cee02534844badead5a1,ORD-000083,,,,,,not_found,YarnCone not found,,,
6948,6a44cee02534844badead5a2,ORD-000083,,,,,,not_found,YarnCone not found,,,
6949,6a44cee02534844badead5a4,ORD-000083,,,,,,not_found,YarnCone not found,,,
6950,6a44cee02534844badead5a5,ORD-000083,,,,,,not_found,YarnCone not found,,,
6951,6a44d42d2534844badeaea55,ORD-000083,,,,,,not_found,YarnCone not found,,,
6952,6a44d42d2534844badeaea5c,ORD-000083,,,,,,not_found,YarnCone not found,,,
6953,6a44d42d2534844badeaea60,ORD-000083,,,,,,not_found,YarnCone not found,,,
6954,6a44d42d2534844badeaea6c,ORD-000083,,,,,,not_found,YarnCone not found,,,
6955,6a44d42d2534844badeaea6f,ORD-000083,,,,,,not_found,YarnCone not found,,,
6956,6a44d42d2534844badeaea71,ORD-000083,,,,,,not_found,YarnCone not found,,,
6957,6a44d42d2534844badeaea72,ORD-000083,,,,,,not_found,YarnCone not found,,,
6958,6a44d42d2534844badeaea74,ORD-000083,,,,,,not_found,YarnCone not found,,,
6959,6a44ed32deec0554e697de97,ORD-000087,,,,,,not_found,YarnCone not found,,,
6960,6a44ed32deec0554e697de99,ORD-000084,,,,,,not_found,YarnCone not found,,,
6961,6a44ed32deec0554e697de9e,ORD-000084,,,,,,not_found,YarnCone not found,,,
6962,6a44ed32deec0554e697de9f,ORD-000085,,,,,,not_found,YarnCone not found,,,
6963,6a44ed32deec0554e697dea0,ORD-000083,,,,,,not_found,YarnCone not found,,,
6964,6a44ed32deec0554e697dea1,ORD-000086,,,,,,not_found,YarnCone not found,,,
6965,6a44ed32deec0554e697deab,ORD-000083,,,,,,not_found,YarnCone not found,,,
6966,6a44ed32deec0554e697deb1,ORD-000083,,,,,,not_found,YarnCone not found,,,
6967,6a44ed32deec0554e697deb5,ORD-000083,,,,,,not_found,YarnCone not found,,,
6968,6a44ed32deec0554e697deb7,ORD-000083,,,,,,not_found,YarnCone not found,,,
6969,6a44f17edeec0554e697e8c0,ORD-000080,,,,,,not_found,YarnCone not found,,,
6970,6a44f17edeec0554e697e8c1,ORD-000080,,,,,,not_found,YarnCone not found,,,
6971,6a44f17edeec0554e697e8c3,ORD-000080,,,,,,not_found,YarnCone not found,,,
6972,6a44f17edeec0554e697e8c4,ORD-000081,,,,,,not_found,YarnCone not found,,,
6973,6a44f17edeec0554e697e8c5,ORD-000080,,,,,,not_found,YarnCone not found,,,
6974,6a44f17edeec0554e697e8c7,ORD-000080,,,,,,not_found,YarnCone not found,,,
6975,6a44f17edeec0554e697e8c9,ORD-000080,,,,,,not_found,YarnCone not found,,,
6976,6a44f17edeec0554e697e8ca,ORD-000080,,,,,,not_found,YarnCone not found,,,
6977,6a44f17edeec0554e697e8cb,ORD-000080,,,,,,not_found,YarnCone not found,,,
6978,6a44f17edeec0554e697e8cc,ORD-000080,,,,,,not_found,YarnCone not found,,,
6979,6a44f17edeec0554e697e8cd,ORD-000081,,,,,,not_found,YarnCone not found,,,
6980,6a44f17edeec0554e697e8ce,ORD-000081,,,,,,not_found,YarnCone not found,,,
6981,6a44f17edeec0554e697e8d1,ORD-000080,,,,,,not_found,YarnCone not found,,,
6982,6a44f17edeec0554e697e8d2,ORD-000080,,,,,,not_found,YarnCone not found,,,
6983,6a44f1a5deec0554e697e9d1,ORD-000081,,,,,,not_found,YarnCone not found,,,
6984,6a44f1a5deec0554e697e9d2,ORD-000081,,,,,,not_found,YarnCone not found,,,
6985,6a44f1a5deec0554e697e9d3,ORD-000082,,,,,,not_found,YarnCone not found,,,
6986,6a44f1a5deec0554e697e9d5,ORD-000081,,,,,,not_found,YarnCone not found,,,
6987,6a44f1a5deec0554e697e9d6,ORD-000081,,,,,,not_found,YarnCone not found,,,
6988,6a44f1a5deec0554e697e9d7,ORD-000081,,,,,,not_found,YarnCone not found,,,
6989,6a44f1a5deec0554e697e9d8,ORD-000081,,,,,,not_found,YarnCone not found,,,
6990,6a44f1a5deec0554e697e9d9,ORD-000085,,,,,,not_found,YarnCone not found,,,
6991,6a44f1a5deec0554e697e9da,ORD-000081,,,,,,not_found,YarnCone not found,,,
6992,6a44f1a5deec0554e697e9db,ORD-000085,,,,,,not_found,YarnCone not found,,,
6993,6a44f1a5deec0554e697e9dc,ORD-000085,,,,,,not_found,YarnCone not found,,,
6994,6a44f1a5deec0554e697e9de,ORD-000080,,,,,,not_found,YarnCone not found,,,
6995,6a44f1a5deec0554e697e9df,ORD-000081,,,,,,not_found,YarnCone not found,,,
6996,6a44f1a5deec0554e697e9e0,ORD-000081,,,,,,not_found,YarnCone not found,,,
6997,6a44f1a5deec0554e697e9e3,ORD-000081,,,,,,not_found,YarnCone not found,,,
6998,6a44f4e9deec0554e697f7cb,ORD-000083,,,,,,not_found,YarnCone not found,,,
6999,6a44f4e9deec0554e697f7cd,ORD-000083,,,,,,not_found,YarnCone not found,,,
7000,6a44f4e9deec0554e697f7cf,ORD-000087,,,,,,not_found,YarnCone not found,,,
7001,6a44f4e9deec0554e697f7d0,ORD-000084,,,,,,not_found,YarnCone not found,,,
7002,6a44f4e9deec0554e697f7d2,ORD-000083,,,,,,not_found,YarnCone not found,,,
7003,6a44f4e9deec0554e697f7d3,ORD-000087,,,,,,not_found,YarnCone not found,,,
7004,6a44f4e9deec0554e697f7d8,ORD-000087,,,,,,not_found,YarnCone not found,,,
7005,6a44f4e9deec0554e697f7d9,ORD-000087,,,,,,not_found,YarnCone not found,,,
7006,6a44f4e9deec0554e697f7da,ORD-000083,,,,,,not_found,YarnCone not found,,,
7007,6a44f6afdeec0554e697fd95,ORD-000083,,,,,,not_found,YarnCone not found,,,
7008,6a44f6afdeec0554e697fd99,ORD-000083,,,,,,not_found,YarnCone not found,,,
7009,6a44f6afdeec0554e697fd9b,ORD-000083,,,,,,not_found,YarnCone not found,,,
7010,6a44f6afdeec0554e697fd9c,ORD-000083,,,,,,not_found,YarnCone not found,,,
7011,6a44f6afdeec0554e697fda1,ORD-000083,,,,,,not_found,YarnCone not found,,,
7012,6a45e1ecdeec0554e69856c8,ORD-000084,,,,,,not_found,YarnCone not found,,,
7013,6a45e1ecdeec0554e69856c9,ORD-000084,,,,,,not_found,YarnCone not found,,,
7014,6a45e1ecdeec0554e69856ca,ORD-000084,,,,,,not_found,YarnCone not found,,,
7015,6a45e1ecdeec0554e69856cd,ORD-000084,,,,,,not_found,YarnCone not found,,,
7016,6a45e1ecdeec0554e69856ce,ORD-000084,,,,,,not_found,YarnCone not found,,,
7017,6a45e1ecdeec0554e69856cf,ORD-000084,,,,,,not_found,YarnCone not found,,,
7018,6a45e1ecdeec0554e69856d0,ORD-000084,,,,,,not_found,YarnCone not found,,,
7019,6a45e1ecdeec0554e69856d1,ORD-000084,,,,,,not_found,YarnCone not found,,,
7020,6a45e1ecdeec0554e69856d2,ORD-000084,,,,,,not_found,YarnCone not found,,,
7021,6a45e1ecdeec0554e69856d3,ORD-000084,,,,,,not_found,YarnCone not found,,,
7022,6a45e1ecdeec0554e69856d4,ORD-000084,,,,,,not_found,YarnCone not found,,,
7023,6a45e1ecdeec0554e69856d5,ORD-000084,,,,,,not_found,YarnCone not found,,,
7024,6a45e1ecdeec0554e69856d6,ORD-000084,,,,,,not_found,YarnCone not found,,,
7025,6a45e1ecdeec0554e69856d7,ORD-000084,,,,,,not_found,YarnCone not found,,,
7026,6a45e1ecdeec0554e69856d8,ORD-000084,,,,,,not_found,YarnCone not found,,,
7027,6a45e1ecdeec0554e69856d9,ORD-000084,,,,,,not_found,YarnCone not found,,,
7028,6a45e1ecdeec0554e69856da,ORD-000084,,,,,,not_found,YarnCone not found,,,
7029,6a45e1ecdeec0554e69856db,ORD-000084,,,,,,not_found,YarnCone not found,,,
7030,6a45e1ecdeec0554e69856dc,ORD-000084,,,,,,not_found,YarnCone not found,,,
7031,6a45e1ecdeec0554e69856dd,ORD-000084,,,,,,not_found,YarnCone not found,,,
7032,6a45e1ecdeec0554e69856de,ORD-000084,,,,,,not_found,YarnCone not found,,,
7033,6a45e1ecdeec0554e69856df,ORD-000061,,,,,,not_found,YarnCone not found,,,
7034,6a45e1ecdeec0554e69856e0,ORD-000084,,,,,,not_found,YarnCone not found,,,
7035,6a45e1ecdeec0554e69856e1,ORD-000084,,,,,,not_found,YarnCone not found,,,
7036,6a45e1ecdeec0554e69856e2,ORD-000084,,,,,,not_found,YarnCone not found,,,
7037,6a45e1ecdeec0554e69856e3,ORD-000084,,,,,,not_found,YarnCone not found,,,
7038,6a45e1ecdeec0554e69856e4,ORD-000084,,,,,,not_found,YarnCone not found,,,
7039,6a45e1ecdeec0554e69856e5,ORD-000084,,,,,,not_found,YarnCone not found,,,
7040,6a45e1ecdeec0554e69856e6,ORD-000061,,,,,,not_found,YarnCone not found,,,
7041,6a45e1ecdeec0554e69856e7,ORD-000084,,,,,,not_found,YarnCone not found,,,
7042,6a45e1ecdeec0554e69856e8,ORD-000061,,,,,,not_found,YarnCone not found,,,
7043,6a45e1ecdeec0554e69856e9,ORD-000084,,,,,,not_found,YarnCone not found,,,
7044,6a45e1ecdeec0554e69856ea,ORD-000084,,,,,,not_found,YarnCone not found,,,
7045,6a45e1ecdeec0554e69856eb,ORD-000061,,,,,,not_found,YarnCone not found,,,
7046,6a45e1ecdeec0554e69856ec,ORD-000084,,,,,,not_found,YarnCone not found,,,
7047,6a45e1ecdeec0554e69856ed,ORD-000084,,,,,,not_found,YarnCone not found,,,
7048,6a45e1ecdeec0554e69856ee,ORD-000084,,,,,,not_found,YarnCone not found,,,
7049,6a45e299deec0554e6985e81,ORD-000083,,,,,,not_found,YarnCone not found,,,
7050,6a45e2b9deec0554e6985ffe,ORD-000091,,,,,,not_found,YarnCone not found,,,
7051,6a45e2b9deec0554e6986000,ORD-000083,,,,,,not_found,YarnCone not found,,,
7052,6a45e2b9deec0554e6986002,ORD-000083,,,,,,not_found,YarnCone not found,,,
7053,6a45ef1ddeec0554e6988dbd,ORD-000087,,,,,,not_found,YarnCone not found,,,
7054,6a45effcdeec0554e6989298,ORD-000083,,,,,,not_found,YarnCone not found,,,
7055,6a45effcdeec0554e6989299,ORD-000083,,,,,,not_found,YarnCone not found,,,
7056,6a45effcdeec0554e698929a,ORD-000083,,,,,,not_found,YarnCone not found,,,
7057,6a45effcdeec0554e698929c,ORD-000083,,,,,,not_found,YarnCone not found,,,
7058,6a45effcdeec0554e698929d,ORD-000083,,,,,,not_found,YarnCone not found,,,
7059,6a45effcdeec0554e698929e,ORD-000083,,,,,,not_found,YarnCone not found,,,
7060,6a45effcdeec0554e698929f,ORD-000083,,,,,,not_found,YarnCone not found,,,
7061,6a45effcdeec0554e69892a0,ORD-000083,,,,,,not_found,YarnCone not found,,,
7062,6a45effcdeec0554e69892a1,ORD-000083,,,,,,not_found,YarnCone not found,,,
7063,6a45effcdeec0554e69892a2,ORD-000083,,,,,,not_found,YarnCone not found,,,
7064,6a45effcdeec0554e69892a3,ORD-000083,,,,,,not_found,YarnCone not found,,,
7065,6a45effcdeec0554e69892a4,ORD-000083,,,,,,not_found,YarnCone not found,,,
7066,6a45effcdeec0554e69892a5,ORD-000030,,,,,,not_found,YarnCone not found,,,
7067,6a45effcdeec0554e69892a8,ORD-000083,,,,,,not_found,YarnCone not found,,,
7068,6a45effcdeec0554e69892ab,ORD-000083,,,,,,not_found,YarnCone not found,,,
7069,6a45effcdeec0554e69892ac,ORD-000078,,,,,,not_found,YarnCone not found,,,
7070,6a45effcdeec0554e69892ad,ORD-000078,,,,,,not_found,YarnCone not found,,,
7071,6a45effcdeec0554e69892af,ORD-000089,,,,,,not_found,YarnCone not found,,,
7072,6a45effcdeec0554e69892b0,ORD-000083,,,,,,not_found,YarnCone not found,,,
7073,6a45f50ddeec0554e698a10e,ORD-000083,,,,,,not_found,YarnCone not found,,,
7074,6a45f50ddeec0554e698a10f,ORD-000083,,,,,,not_found,YarnCone not found,,,
7075,6a45f50ddeec0554e698a111,ORD-000083,,,,,,not_found,YarnCone not found,,,
7076,6a45f50ddeec0554e698a112,ORD-000083,,,,,,not_found,YarnCone not found,,,
7077,6a45f50ddeec0554e698a113,ORD-000083,,,,,,not_found,YarnCone not found,,,
7078,6a45f60ddeec0554e698a62e,ORD-000083,,,,,,not_found,YarnCone not found,,,
7079,6a45f60ddeec0554e698a62f,ORD-000083,,,,,,not_found,YarnCone not found,,,
7080,6a45f60ddeec0554e698a632,ORD-000083,,,,,,not_found,YarnCone not found,,,
7081,6a45f60ddeec0554e698a634,ORD-000083,,,,,,not_found,YarnCone not found,,,
7082,6a45f60ddeec0554e698a635,ORD-000083,,,,,,not_found,YarnCone not found,,,
7083,6a45f60ddeec0554e698a636,ORD-000083,,,,,,not_found,YarnCone not found,,,
7084,6a45f60ddeec0554e698a639,ORD-000083,,,,,,not_found,YarnCone not found,,,
7085,6a45f60ddeec0554e698a63b,ORD-000083,,,,,,not_found,YarnCone not found,,,
7086,6a45f60ddeec0554e698a63c,ORD-000083,,,,,,not_found,YarnCone not found,,,
7087,6a45f60ddeec0554e698a63d,ORD-000083,,,,,,not_found,YarnCone not found,,,
7088,6a45f60ddeec0554e698a63e,ORD-000083,,,,,,not_found,YarnCone not found,,,
7089,6a45f60ddeec0554e698a63f,ORD-000083,,,,,,not_found,YarnCone not found,,,
7090,6a45fe06deec0554e698cac1,ORD-000075,,,,,,not_found,YarnCone not found,,,
7091,6a45fe06deec0554e698cac2,ORD-000075,,,,,,not_found,YarnCone not found,,,
7092,6a45fe06deec0554e698cac4,ORD-000075,,,,,,not_found,YarnCone not found,,,
7093,6a45fe06deec0554e698cac7,ORD-000075,,,,,,not_found,YarnCone not found,,,
7094,6a45fe06deec0554e698caca,ORD-000075,,,,,,not_found,YarnCone not found,,,
7095,6a45fe06deec0554e698cacc,ORD-000075,,,,,,not_found,YarnCone not found,,,
7096,6a45fe06deec0554e698cacf,ORD-000075,,,,,,not_found,YarnCone not found,,,
7097,6a45fe06deec0554e698cad0,ORD-000075,,,,,,not_found,YarnCone not found,,,
7098,6a45fe06deec0554e698cad2,ORD-000075,,,,,,not_found,YarnCone not found,,,
7099,6a45fe06deec0554e698cad3,ORD-000075,,,,,,not_found,YarnCone not found,,,
7100,6a45fe06deec0554e698cad6,ORD-000075,,,,,,not_found,YarnCone not found,,,
7101,6a45fe06deec0554e698cada,ORD-000075,,,,,,not_found,YarnCone not found,,,
7102,6a460722deec0554e69932d5,ORD-000083,,,,,,not_found,YarnCone not found,,,
7103,6a460722deec0554e69932d7,ORD-000083,,,,,,not_found,YarnCone not found,,,
7104,6a460722deec0554e69932ed,ORD-000083,,,,,,not_found,YarnCone not found,,,
7105,6a460722deec0554e69932ee,ORD-000083,,,,,,not_found,YarnCone not found,,,
7106,6a460796deec0554e69935a0,ORD-000080,,,,,,not_found,YarnCone not found,,,
7107,6a460796deec0554e69935a3,ORD-000080,,,,,,not_found,YarnCone not found,,,
7108,6a460796deec0554e69935a4,ORD-000080,,,,,,not_found,YarnCone not found,,,
7109,6a460796deec0554e69935a5,ORD-000080,,,,,,not_found,YarnCone not found,,,
7110,6a460796deec0554e69935a6,ORD-000090,,,,,,not_found,YarnCone not found,,,
7111,6a460796deec0554e69935a7,ORD-000080,,,,,,not_found,YarnCone not found,,,
7112,6a460796deec0554e69935a9,ORD-000083,,,,,,not_found,YarnCone not found,,,
7113,6a460796deec0554e69935aa,ORD-000083,,,,,,not_found,YarnCone not found,,,
7114,6a460796deec0554e69935ad,ORD-000080,,,,,,not_found,YarnCone not found,,,
7115,6a460796deec0554e69935af,ORD-000083,,,,,,not_found,YarnCone not found,,,
7116,6a460796deec0554e69935b0,ORD-000083,,,,,,not_found,YarnCone not found,,,
7117,6a460796deec0554e69935b1,ORD-000083,,,,,,not_found,YarnCone not found,,,
7118,6a460796deec0554e69935b2,ORD-000080,,,,,,not_found,YarnCone not found,,,
7119,6a460796deec0554e69935b3,ORD-000083,,,,,,not_found,YarnCone not found,,,
7120,6a460796deec0554e69935b6,ORD-000083,,,,,,not_found,YarnCone not found,,,
7121,6a460796deec0554e69935b7,ORD-000083,,,,,,not_found,YarnCone not found,,,
7122,6a460796deec0554e69935bb,ORD-000083,,,,,,not_found,YarnCone not found,,,
7123,6a460796deec0554e69935bd,ORD-000083,,,,,,not_found,YarnCone not found,,,
7124,6a460796deec0554e69935be,ORD-000080,,,,,,not_found,YarnCone not found,,,
7125,6a460796deec0554e69935bf,ORD-000083,,,,,,not_found,YarnCone not found,,,
7126,6a460796deec0554e69935c0,ORD-000083,,,,,,not_found,YarnCone not found,,,
7127,6a460796deec0554e69935c1,ORD-000083,,,,,,not_found,YarnCone not found,,,
7128,6a460796deec0554e69935c4,ORD-000083,,,,,,not_found,YarnCone not found,,,
7129,6a4607d3deec0554e6993736,ORD-000082,,,,,,not_found,YarnCone not found,,,
7130,6a4607d3deec0554e6993737,ORD-000082,,,,,,not_found,YarnCone not found,,,
7131,6a4607d3deec0554e6993738,ORD-000082,,,,,,not_found,YarnCone not found,,,
7132,6a4607d3deec0554e6993739,ORD-000082,,,,,,not_found,YarnCone not found,,,
7133,6a4607d3deec0554e699373a,ORD-000077,,,,,,not_found,YarnCone not found,,,
7134,6a4607d3deec0554e699373b,ORD-000082,,,,,,not_found,YarnCone not found,,,
7135,6a4607d3deec0554e699373c,ORD-000082,,,,,,not_found,YarnCone not found,,,
7136,6a4607d3deec0554e699373d,ORD-000082,,,,,,not_found,YarnCone not found,,,
7137,6a4607d3deec0554e699373f,ORD-000082,,,,,,not_found,YarnCone not found,,,
7138,6a4607d3deec0554e6993741,ORD-000082,,,,,,not_found,YarnCone not found,,,
7139,6a4607d3deec0554e6993742,ORD-000078,,,,,,not_found,YarnCone not found,,,
7140,6a4607d3deec0554e6993743,ORD-000079,,,,,,not_found,YarnCone not found,,,
7141,6a4607d3deec0554e6993744,ORD-000078,,,,,,not_found,YarnCone not found,,,
7142,6a4607d3deec0554e6993745,ORD-000079,,,,,,not_found,YarnCone not found,,,
7143,6a4607d3deec0554e6993746,ORD-000077,,,,,,not_found,YarnCone not found,,,
7144,6a4607d3deec0554e6993747,ORD-000079,,,,,,not_found,YarnCone not found,,,
7145,6a461bf5deec0554e699a7b5,ORD-000083,,,,,,not_found,YarnCone not found,,,
7146,6a461bf5deec0554e699a7b7,ORD-000083,,,,,,not_found,YarnCone not found,,,
7147,6a461bf5deec0554e699a7b8,ORD-000083,,,,,,not_found,YarnCone not found,,,
7148,6a461fb8deec0554e699b991,ORD-000083,,,,,,not_found,YarnCone not found,,,
7149,6a461fb8deec0554e699b992,ORD-000083,,,,,,not_found,YarnCone not found,,,
7150,6a461fb8deec0554e699b993,ORD-000083,,,,,,not_found,YarnCone not found,,,
7151,6a461fb8deec0554e699b994,ORD-000083,,,,,,not_found,YarnCone not found,,,
7152,6a461fb8deec0554e699b995,ORD-000083,,,,,,not_found,YarnCone not found,,,
7153,6a461fb8deec0554e699b996,ORD-000083,,,,,,not_found,YarnCone not found,,,
7154,6a461fb8deec0554e699b997,ORD-000083,,,,,,not_found,YarnCone not found,,,
7155,6a461fb8deec0554e699b99b,ORD-000083,,,,,,not_found,YarnCone not found,,,
7156,6a461fb8deec0554e699b99c,ORD-000083,,,,,,not_found,YarnCone not found,,,
7157,6a461fb8deec0554e699b99d,ORD-000083,,,,,,not_found,YarnCone not found,,,
7158,6a461fb8deec0554e699b99e,ORD-000083,,,,,,not_found,YarnCone not found,,,
7159,6a461fb8deec0554e699b99f,ORD-000083,,,,,,not_found,YarnCone not found,,,
7160,6a461fb8deec0554e699b9a0,ORD-000083,,,,,,not_found,YarnCone not found,,,
7161,6a461fb8deec0554e699b9a1,ORD-000083,,,,,,not_found,YarnCone not found,,,
7162,6a461fb8deec0554e699b9a2,ORD-000083,,,,,,not_found,YarnCone not found,,,
7163,6a461fb8deec0554e699b9a3,ORD-000083,,,,,,not_found,YarnCone not found,,,
7164,6a461fb8deec0554e699b9a4,ORD-000083,,,,,,not_found,YarnCone not found,,,
7165,6a461fb8deec0554e699b9a9,ORD-000083,,,,,,not_found,YarnCone not found,,,
7166,6a461fb8deec0554e699b9b0,ORD-000083,,,,,,not_found,YarnCone not found,,,
7167,6a461fb8deec0554e699b9b5,ORD-000083,,,,,,not_found,YarnCone not found,,,
7168,6a461fb8deec0554e699b9b7,ORD-000083,,,,,,not_found,YarnCone not found,,,
7169,6a461fb8deec0554e699b9b8,ORD-000083,,,,,,not_found,YarnCone not found,,,
7170,6a462578deec0554e699de1f,ORD-000081,,,,,,not_found,YarnCone not found,,,
7171,6a462578deec0554e699de20,ORD-000072,,,,,,not_found,YarnCone not found,,,
7172,6a462578deec0554e699de24,ORD-000072,,,,,,not_found,YarnCone not found,,,
7173,6a462578deec0554e699de26,ORD-000081,,,,,,not_found,YarnCone not found,,,
7174,6a462578deec0554e699de2b,ORD-000081,,,,,,not_found,YarnCone not found,,,
7175,6a462578deec0554e699de32,ORD-000080,,,,,,not_found,YarnCone not found,,,
7176,6a462578deec0554e699de33,ORD-000080,,,,,,not_found,YarnCone not found,,,
7177,6a462578deec0554e699de34,ORD-000080,,,,,,not_found,YarnCone not found,,,
7178,6a462578deec0554e699de35,ORD-000080,,,,,,not_found,YarnCone not found,,,
7179,6a462578deec0554e699de36,ORD-000080,,,,,,not_found,YarnCone not found,,,
7180,6a462578deec0554e699de38,ORD-000080,,,,,,not_found,YarnCone not found,,,
7181,6a462578deec0554e699de3f,ORD-000080,,,,,,not_found,YarnCone not found,,,
7182,6a462578deec0554e699de40,ORD-000081,,,,,,not_found,YarnCone not found,,,
7183,6a462d0a8fda2c726424f68c,ORD-000081,,,,,,not_found,YarnCone not found,,,
7184,6a462d0a8fda2c726424f690,ORD-000082,,,,,,not_found,YarnCone not found,,,
7185,6a462d0a8fda2c726424f692,ORD-000081,,,,,,not_found,YarnCone not found,,,
7186,6a462d0a8fda2c726424f695,ORD-000081,,,,,,not_found,YarnCone not found,,,
7187,6a462d0a8fda2c726424f697,ORD-000081,,,,,,not_found,YarnCone not found,,,
7188,6a462d0a8fda2c726424f698,ORD-000081,,,,,,not_found,YarnCone not found,,,
7189,6a462d0a8fda2c726424f69b,ORD-000081,,,,,,not_found,YarnCone not found,,,
7190,6a462d0a8fda2c726424f69c,ORD-000081,,,,,,not_found,YarnCone not found,,,
7191,6a462d0a8fda2c726424f69e,ORD-000081,,,,,,not_found,YarnCone not found,,,
7192,6a462d0a8fda2c726424f6a0,ORD-000081,,,,,,not_found,YarnCone not found,,,
7193,6a462d0a8fda2c726424f6a1,ORD-000081,,,,,,not_found,YarnCone not found,,,
7194,6a462d0a8fda2c726424f6a3,ORD-000081,,,,,,not_found,YarnCone not found,,,
7195,6a462d0a8fda2c726424f6a4,ORD-000081,,,,,,not_found,YarnCone not found,,,
7196,6a462d0a8fda2c726424f6a5,ORD-000081,,,,,,not_found,YarnCone not found,,,
7197,6a462d0a8fda2c726424f6a8,ORD-000081,,,,,,not_found,YarnCone not found,,,
7198,6a4635b08fda2c7264251b73,ORD-000083,,,,,,not_found,YarnCone not found,,,
7199,6a4635b08fda2c7264251b74,ORD-000083,,,,,,not_found,YarnCone not found,,,
7200,6a4635b08fda2c7264251b7c,ORD-000083,,,,,,not_found,YarnCone not found,,,
7201,6a4635b08fda2c7264251b7f,ORD-000083,,,,,,not_found,YarnCone not found,,,
7202,6a4635b08fda2c7264251b86,ORD-000083,,,,,,not_found,YarnCone not found,,,
7203,6a4635b08fda2c7264251b89,ORD-000083,,,,,,not_found,YarnCone not found,,,
7204,6a4638138fda2c72642538f5,ORD-000080,,,,,,not_found,YarnCone not found,,,
7205,6a4638138fda2c72642538f7,ORD-000080,,,,,,not_found,YarnCone not found,,,
7206,6a4638138fda2c72642538f8,ORD-000080,,,,,,not_found,YarnCone not found,,,
7207,6a4638138fda2c72642538fa,ORD-000080,,,,,,not_found,YarnCone not found,,,
7208,6a4638138fda2c72642538fb,ORD-000080,,,,,,not_found,YarnCone not found,,,
7209,6a4638138fda2c72642538fc,ORD-000080,,,,,,not_found,YarnCone not found,,,
7210,6a4638138fda2c72642538fd,ORD-000080,,,,,,not_found,YarnCone not found,,,
7211,6a4638138fda2c72642538fe,ORD-000080,,,,,,not_found,YarnCone not found,,,
7212,6a4638138fda2c7264253903,ORD-000080,,,,,,not_found,YarnCone not found,,,
7213,6a4638138fda2c7264253904,ORD-000080,,,,,,not_found,YarnCone not found,,,
7214,6a4638138fda2c7264253906,ORD-000080,,,,,,not_found,YarnCone not found,,,
7215,6a463ab28fda2c7264255ad1,ORD-000081,,,,,,not_found,YarnCone not found,,,
7216,6a463ab28fda2c7264255ad4,ORD-000076,,,,,,not_found,YarnCone not found,,,
7217,6a463ab28fda2c7264255ad5,ORD-000076,,,,,,not_found,YarnCone not found,,,
7218,6a463ab28fda2c7264255ad6,ORD-000030,,,,,,not_found,YarnCone not found,,,
7219,6a463ab28fda2c7264255adc,ORD-000081,,,,,,not_found,YarnCone not found,,,
7220,6a463ab28fda2c7264255add,ORD-000030,,,,,,not_found,YarnCone not found,,,
7221,6a463ab28fda2c7264255ae0,ORD-000076,,,,,,not_found,YarnCone not found,,,
7222,6a463ab28fda2c7264255ae3,ORD-000030,,,,,,not_found,YarnCone not found,,,
7223,6a463ab28fda2c7264255ae5,ORD-000030,,,,,,not_found,YarnCone not found,,,
7224,6a463ab28fda2c7264255ae9,ORD-000030,,,,,,not_found,YarnCone not found,,,
7225,6a463ba08fda2c7264255f2a,ORD-000083,,,,,,not_found,YarnCone not found,,,
7226,6a463ba08fda2c7264255f2d,ORD-000087,,,,,,not_found,YarnCone not found,,,
7227,6a463ba08fda2c7264255f30,ORD-000083,,,,,,not_found,YarnCone not found,,,
7228,6a463ba08fda2c7264255f32,ORD-000083,,,,,,not_found,YarnCone not found,,,
7229,6a463ba08fda2c7264255f34,ORD-000083,,,,,,not_found,YarnCone not found,,,
7230,6a463ba08fda2c7264255f36,ORD-000083,,,,,,not_found,YarnCone not found,,,
7231,6a463ba08fda2c7264255f3a,ORD-000083,,,,,,not_found,YarnCone not found,,,
7232,6a463ba08fda2c7264255f3c,ORD-000083,,,,,,not_found,YarnCone not found,,,
7233,6a463ba08fda2c7264255f3d,ORD-000087,,,,,,not_found,YarnCone not found,,,
7234,6a463ba08fda2c7264255f3f,ORD-000083,,,,,,not_found,YarnCone not found,,,
7235,6a463ba08fda2c7264255f40,ORD-000083,,,,,,not_found,YarnCone not found,,,
7236,6a46425c8fda2c726425ad09,ORD-000083,,,,,,not_found,YarnCone not found,,,
7237,6a46425c8fda2c726425ad0b,ORD-000083,,,,,,not_found,YarnCone not found,,,
7238,6a46425c8fda2c726425ad0e,ORD-000083,,,,,,not_found,YarnCone not found,,,
7239,6a46425c8fda2c726425ad0f,ORD-000083,,,,,,not_found,YarnCone not found,,,
7240,6a46425c8fda2c726425ad10,ORD-000083,,,,,,not_found,YarnCone not found,,,
7241,6a46425c8fda2c726425ad11,ORD-000083,,,,,,not_found,YarnCone not found,,,
7242,6a46425c8fda2c726425ad12,ORD-000083,,,,,,not_found,YarnCone not found,,,
7243,6a46425c8fda2c726425ad13,ORD-000083,,,,,,not_found,YarnCone not found,,,
7244,6a46425c8fda2c726425ad14,ORD-000083,,,,,,not_found,YarnCone not found,,,
7245,6a46425c8fda2c726425ad1c,ORD-000083,,,,,,not_found,YarnCone not found,,,
7246,6a46425c8fda2c726425ad1d,ORD-000083,,,,,,not_found,YarnCone not found,,,
7247,6a46425c8fda2c726425ad1e,ORD-000083,,,,,,not_found,YarnCone not found,,,
7248,6a4883e08fda2c7264276b63,ORD-000083,,,,,,not_found,YarnCone not found,,,
7249,6a4883e08fda2c7264276b67,ORD-000083,,,,,,not_found,YarnCone not found,,,
7250,6a4883e08fda2c7264276b69,ORD-000083,,,,,,not_found,YarnCone not found,,,
7251,6a4883e08fda2c7264276b74,ORD-000083,,,,,,not_found,YarnCone not found,,,
7252,6a4883e08fda2c7264276b76,ORD-000083,,,,,,not_found,YarnCone not found,,,
7253,6a4883e08fda2c7264276b7c,ORD-000083,,,,,,not_found,YarnCone not found,,,
7254,6a4883e08fda2c7264276b7d,ORD-000083,,,,,,not_found,YarnCone not found,,,
7255,6a489bf48fda2c726427ac4d,ORD-000083,,,,,,not_found,YarnCone not found,,,
7256,6a489c6d8fda2c726427aed6,ORD-000083,,,,,,not_found,YarnCone not found,,,
7257,6a489cce8fda2c726427b09a,ORD-000083,,,,,,not_found,YarnCone not found,,,
7258,6a489cce8fda2c726427b09e,ORD-000083,,,,,,not_found,YarnCone not found,,,
7259,6a489cce8fda2c726427b0b1,ORD-000083,,,,,,not_found,YarnCone not found,,,
7260,6a489cce8fda2c726427b0b2,ORD-000083,,,,,,not_found,YarnCone not found,,,
7261,6a489cce8fda2c726427b0b5,ORD-000083,,,,,,not_found,YarnCone not found,,,
7262,6a489cce8fda2c726427b0bd,ORD-000083,,,,,,not_found,YarnCone not found,,,
7263,6a489cce8fda2c726427b0c0,ORD-000083,,,,,,not_found,YarnCone not found,,,
7264,6a489cce8fda2c726427b0c1,ORD-000083,,,,,,not_found,YarnCone not found,,,
7265,6a489cce8fda2c726427b0c6,ORD-000083,,,,,,not_found,YarnCone not found,,,
7266,6a48a5d58fda2c726427cf73,ORD-000081,,,,,,not_found,YarnCone not found,,,
7267,6a48a5d58fda2c726427cf81,ORD-000081,,,,,,not_found,YarnCone not found,,,
7268,6a48a5d58fda2c726427cf82,ORD-000081,,,,,,not_found,YarnCone not found,,,
7269,6a48a5d58fda2c726427cf83,ORD-000081,,,,,,not_found,YarnCone not found,,,
7270,6a48a6948fda2c726427d182,ORD-000082,,,,,,not_found,YarnCone not found,,,
7271,6a48a6948fda2c726427d18d,ORD-000082,,,,,,not_found,YarnCone not found,,,
7272,6a48a6b48fda2c726427d2b1,ORD-000083,,,,,,not_found,YarnCone not found,,,
7273,6a48a6b48fda2c726427d2b6,ORD-000089,,,,,,not_found,YarnCone not found,,,
7274,6a48a6b48fda2c726427d2b7,ORD-000087,,,,,,not_found,YarnCone not found,,,
7275,6a48a7118fda2c726427d457,ORD-000091,,,,,,not_found,YarnCone not found,,,
7276,6a48a7118fda2c726427d45a,ORD-000087,,,,,,not_found,YarnCone not found,,,
7277,6a48a7118fda2c726427d45e,ORD-000088,,,,,,not_found,YarnCone not found,,,
7278,6a48a7118fda2c726427d45f,ORD-000087,,,,,,not_found,YarnCone not found,,,
7279,6a48a7118fda2c726427d465,ORD-000081,,,,,,not_found,YarnCone not found,,,
7280,6a48a7118fda2c726427d468,ORD-000081,,,,,,not_found,YarnCone not found,,,
7281,6a48a7118fda2c726427d469,ORD-000081,,,,,,not_found,YarnCone not found,,,
7282,6a48a7118fda2c726427d46b,ORD-000087,,,,,,not_found,YarnCone not found,,,
7283,6a48a7118fda2c726427d46c,ORD-000081,,,,,,not_found,YarnCone not found,,,
7284,6a48a7118fda2c726427d46d,ORD-000076,,,,,,not_found,YarnCone not found,,,
7285,6a48a72f8fda2c726427d5d3,ORD-000089,,,,,,not_found,YarnCone not found,,,
7286,6a48a72f8fda2c726427d5d4,ORD-000086,,,,,,not_found,YarnCone not found,,,
7287,6a48a72f8fda2c726427d5d6,ORD-000089,,,,,,not_found,YarnCone not found,,,
7288,6a48a72f8fda2c726427d5de,ORD-000087,,,,,,not_found,YarnCone not found,,,
7289,6a48a72f8fda2c726427d5e3,ORD-000087,,,,,,not_found,YarnCone not found,,,
7290,6a48a72f8fda2c726427d5e5,ORD-000087,,,,,,not_found,YarnCone not found,,,
7291,6a48a72f8fda2c726427d5ec,ORD-000091,,,,,,not_found,YarnCone not found,,,
7292,6a48a72f8fda2c726427d5ed,ORD-000083,,,,,,not_found,YarnCone not found,,,
7293,6a48a72f8fda2c726427d5ef,ORD-000086,,,,,,not_found,YarnCone not found,,,
7294,6a48a72f8fda2c726427d5f1,ORD-000087,,,,,,not_found,YarnCone not found,,,
7295,6a48bf9b8fda2c72642822b4,ORD-000085,,,,,,not_found,YarnCone not found,,,
7296,6a48bf9b8fda2c72642822b5,ORD-000027,,,,,,not_found,YarnCone not found,,,
7297,6a48bf9b8fda2c72642822b6,ORD-000082,,,,,,not_found,YarnCone not found,,,
7298,6a48bf9b8fda2c72642822b7,ORD-000085,,,,,,not_found,YarnCone not found,,,
7299,6a48bf9b8fda2c72642822bb,ORD-000085,,,,,,not_found,YarnCone not found,,,
7300,6a48bf9b8fda2c72642822c2,ORD-000085,,,,,,not_found,YarnCone not found,,,
7301,6a48bf9b8fda2c72642822c4,ORD-000085,,,,,,not_found,YarnCone not found,,,
7302,6a48bf9b8fda2c72642822c7,ORD-000085,,,,,,not_found,YarnCone not found,,,
7303,6a48c63f8fda2c7264283fad,ORD-000082,,,,,,not_found,YarnCone not found,,,
7304,6a48c63f8fda2c7264283fae,ORD-000061,,,,,,not_found,YarnCone not found,,,
7305,6a48c63f8fda2c7264283faf,ORD-000061,,,,,,not_found,YarnCone not found,,,
7306,6a48c63f8fda2c7264283fb0,ORD-000030,,,,,,not_found,YarnCone not found,,,
7307,6a48c63f8fda2c7264283fb1,ORD-000030,,,,,,not_found,YarnCone not found,,,
7308,6a48c63f8fda2c7264283fb2,ORD-000030,,,,,,not_found,YarnCone not found,,,
7309,6a48c63f8fda2c7264283fb4,ORD-000030,,,,,,not_found,YarnCone not found,,,
7310,6a48c63f8fda2c7264283fb6,ORD-000030,,,,,,not_found,YarnCone not found,,,
7311,6a48c63f8fda2c7264283fb8,ORD-000030,,,,,,not_found,YarnCone not found,,,
7312,6a48c63f8fda2c7264283fbb,ORD-000030,,,,,,not_found,YarnCone not found,,,
7313,6a48c63f8fda2c7264283fbc,ORD-000030,,,,,,not_found,YarnCone not found,,,
7314,6a48c63f8fda2c7264283fbd,ORD-000030,,,,,,not_found,YarnCone not found,,,
7315,6a48c63f8fda2c7264283fbe,ORD-000030,,,,,,not_found,YarnCone not found,,,
7316,6a48c63f8fda2c7264283fbf,ORD-000030,,,,,,not_found,YarnCone not found,,,
7317,6a48c63f8fda2c7264283fc0,ORD-000061,,,,,,not_found,YarnCone not found,,,
7318,6a48c63f8fda2c7264283fc1,ORD-000082,,,,,,not_found,YarnCone not found,,,
7319,6a48c8538fda2c7264284ba1,ORD-000088,,,,,,not_found,YarnCone not found,,,
7320,6a48c8538fda2c7264284ba5,ORD-000085,,,,,,not_found,YarnCone not found,,,
7321,6a48c8538fda2c7264284ba6,ORD-000088,,,,,,not_found,YarnCone not found,,,
7322,6a48c8538fda2c7264284ba7,ORD-000076,,,,,,not_found,YarnCone not found,,,
7323,6a48c8538fda2c7264284bab,ORD-000076,,,,,,not_found,YarnCone not found,,,
7324,6a48c8538fda2c7264284bac,ORD-000088,,,,,,not_found,YarnCone not found,,,
7325,6a48c8538fda2c7264284bb1,ORD-000076,,,,,,not_found,YarnCone not found,,,
7326,6a48c8538fda2c7264284bba,ORD-000085,,,,,,not_found,YarnCone not found,,,
7327,6a48d06c8fda2c7264286ac9,ORD-000083,,,,,,not_found,YarnCone not found,,,
7328,6a48d06c8fda2c7264286acd,ORD-000083,,,,,,not_found,YarnCone not found,,,
7329,6a48d06c8fda2c7264286ace,ORD-000091,,,,,,not_found,YarnCone not found,,,
7330,6a48d06c8fda2c7264286ad1,ORD-000083,,,,,,not_found,YarnCone not found,,,
7331,6a48d06c8fda2c7264286ad4,ORD-000083,,,,,,not_found,YarnCone not found,,,
7332,6a48d06c8fda2c7264286ad5,ORD-000083,,,,,,not_found,YarnCone not found,,,
7333,6a48d06c8fda2c7264286ad6,ORD-000091,,,,,,not_found,YarnCone not found,,,
7334,6a48d06c8fda2c7264286ad7,ORD-000083,,,,,,not_found,YarnCone not found,,,
7335,6a48d06c8fda2c7264286ad8,ORD-000083,,,,,,not_found,YarnCone not found,,,
7336,6a48d06c8fda2c7264286ada,ORD-000083,,,,,,not_found,YarnCone not found,,,
7337,6a48d06c8fda2c7264286adc,ORD-000083,,,,,,not_found,YarnCone not found,,,
7338,6a48d06c8fda2c7264286add,ORD-000083,,,,,,not_found,YarnCone not found,,,
7339,6a48d06c8fda2c7264286ade,ORD-000083,,,,,,not_found,YarnCone not found,,,
7340,6a48d06c8fda2c7264286ae0,ORD-000083,,,,,,not_found,YarnCone not found,,,
7341,6a48d0a88fda2c7264286d84,ORD-000083,,,,,,not_found,YarnCone not found,,,
7342,6a48d0a88fda2c7264286d8a,ORD-000083,,,,,,not_found,YarnCone not found,,,
7343,6a48d0a88fda2c7264286d8d,ORD-000080,,,,,,not_found,YarnCone not found,,,
7344,6a48d0a88fda2c7264286d8f,ORD-000083,,,,,,not_found,YarnCone not found,,,
7345,6a48d0a88fda2c7264286d90,ORD-000083,,,,,,not_found,YarnCone not found,,,
7346,6a48d0a88fda2c7264286d92,ORD-000083,,,,,,not_found,YarnCone not found,,,
7347,6a48d0a88fda2c7264286d94,ORD-000083,,,,,,not_found,YarnCone not found,,,
7348,6a48d3458fda2c72642879ee,ORD-000061,,,,,,not_found,YarnCone not found,,,
7349,6a48d3458fda2c72642879ef,ORD-000085,,,,,,not_found,YarnCone not found,,,
7350,6a48d3458fda2c72642879f1,ORD-000085,,,,,,not_found,YarnCone not found,,,
7351,6a48d3458fda2c72642879f8,ORD-000085,,,,,,not_found,YarnCone not found,,,
7352,6a48d3458fda2c72642879fd,ORD-000030,,,,,,not_found,YarnCone not found,,,
7353,6a48d3458fda2c72642879fe,ORD-000030,,,,,,not_found,YarnCone not found,,,
7354,6a48d3458fda2c72642879ff,ORD-000030,,,,,,not_found,YarnCone not found,,,
7355,6a48d3458fda2c7264287a00,ORD-000030,,,,,,not_found,YarnCone not found,,,
7356,6a48d3458fda2c7264287a01,ORD-000030,,,,,,not_found,YarnCone not found,,,
7357,6a48d3458fda2c7264287a02,ORD-000030,,,,,,not_found,YarnCone not found,,,
7358,6a48d3458fda2c7264287a04,ORD-000030,,,,,,not_found,YarnCone not found,,,
7359,6a48d3458fda2c7264287a05,ORD-000085,,,,,,not_found,YarnCone not found,,,
7360,6a48d3458fda2c7264287a07,ORD-000085,,,,,,not_found,YarnCone not found,,,
7361,6a48d3458fda2c7264287a08,ORD-000085,,,,,,not_found,YarnCone not found,,,
7362,6a48d3458fda2c7264287a09,ORD-000085,,,,,,not_found,YarnCone not found,,,
7363,6a48d3458fda2c7264287a0b,ORD-000085,,,,,,not_found,YarnCone not found,,,
7364,6a48d3c68fda2c7264287d59,ORD-000085,,,,,,not_found,YarnCone not found,,,
7365,6a48d3c68fda2c7264287d5f,ORD-000030,,,,,,not_found,YarnCone not found,,,
7366,6a48d3c68fda2c7264287d61,ORD-000085,,,,,,not_found,YarnCone not found,,,
7367,6a48d3c68fda2c7264287d63,ORD-000030,,,,,,not_found,YarnCone not found,,,
7368,6a48d3c68fda2c7264287d64,ORD-000085,,,,,,not_found,YarnCone not found,,,
7369,6a48d3c68fda2c7264287d65,ORD-000085,,,,,,not_found,YarnCone not found,,,
7370,6a48d3c68fda2c7264287d68,ORD-000030,,,,,,not_found,YarnCone not found,,,
7371,6a48d3c68fda2c7264287d6a,ORD-000030,,,,,,not_found,YarnCone not found,,,
7372,6a48d3c68fda2c7264287d6b,ORD-000085,,,,,,not_found,YarnCone not found,,,
7373,6a48d3c68fda2c7264287d6d,ORD-000030,,,,,,not_found,YarnCone not found,,,
7374,6a48d3c68fda2c7264287d6e,ORD-000085,,,,,,not_found,YarnCone not found,,,
7375,6a48d3c68fda2c7264287d6f,ORD-000030,,,,,,not_found,YarnCone not found,,,
7376,6a48db178fda2c726428a19f,ORD-000085,,,,,,not_found,YarnCone not found,,,
7377,6a48db178fda2c726428a1a0,ORD-000085,,,,,,not_found,YarnCone not found,,,
7378,6a48db178fda2c726428a1a1,ORD-000085,,,,,,not_found,YarnCone not found,,,
7379,6a48db178fda2c726428a1a2,ORD-000085,,,,,,not_found,YarnCone not found,,,
7380,6a48db178fda2c726428a1a5,ORD-000085,,,,,,not_found,YarnCone not found,,,
7381,6a48db178fda2c726428a1a6,ORD-000085,,,,,,not_found,YarnCone not found,,,
7382,6a48db178fda2c726428a1a9,ORD-000085,,,,,,not_found,YarnCone not found,,,
7383,6a48db178fda2c726428a1aa,ORD-000085,,,,,,not_found,YarnCone not found,,,
7384,6a48db178fda2c726428a1ab,ORD-000085,,,,,,not_found,YarnCone not found,,,
7385,6a48db178fda2c726428a1ac,ORD-000085,,,,,,not_found,YarnCone not found,,,
7386,6a48db178fda2c726428a1ad,ORD-000082,,,,,,not_found,YarnCone not found,,,
7387,6a48db178fda2c726428a1af,ORD-000082,,,,,,not_found,YarnCone not found,,,
7388,6a48db178fda2c726428a1b0,ORD-000082,,,,,,not_found,YarnCone not found,,,
7389,6a48db178fda2c726428a1b1,ORD-000082,,,,,,not_found,YarnCone not found,,,
7390,6a48db178fda2c726428a1b2,ORD-000082,,,,,,not_found,YarnCone not found,,,
7391,6a48db178fda2c726428a1b5,ORD-000085,,,,,,not_found,YarnCone not found,,,
7392,6a48db9f8fda2c726428a505,ORD-000030,,,,,,not_found,YarnCone not found,,,
7393,6a48db9f8fda2c726428a506,ORD-000061,,,,,,not_found,YarnCone not found,,,
7394,6a48db9f8fda2c726428a507,ORD-000082,,,,,,not_found,YarnCone not found,,,
7395,6a48db9f8fda2c726428a508,ORD-000061,,,,,,not_found,YarnCone not found,,,
7396,6a48db9f8fda2c726428a509,ORD-000085,,,,,,not_found,YarnCone not found,,,
7397,6a48db9f8fda2c726428a50a,ORD-000061,,,,,,not_found,YarnCone not found,,,
7398,6a48db9f8fda2c726428a50c,ORD-000030,,,,,,not_found,YarnCone not found,,,
7399,6a48db9f8fda2c726428a50e,ORD-000030,,,,,,not_found,YarnCone not found,,,
7400,6a48db9f8fda2c726428a511,ORD-000030,,,,,,not_found,YarnCone not found,,,
7401,6a48db9f8fda2c726428a513,ORD-000030,,,,,,not_found,YarnCone not found,,,
7402,6a48db9f8fda2c726428a514,ORD-000082,,,,,,not_found,YarnCone not found,,,
7403,6a48db9f8fda2c726428a515,ORD-000061,,,,,,not_found,YarnCone not found,,,
7404,6a48db9f8fda2c726428a516,ORD-000082,,,,,,not_found,YarnCone not found,,,
7405,6a48db9f8fda2c726428a517,ORD-000061,,,,,,not_found,YarnCone not found,,,
7406,6a48db9f8fda2c726428a519,ORD-000030,,,,,,not_found,YarnCone not found,,,
7407,6a48db9f8fda2c726428a51a,ORD-000074,,,,,,not_found,YarnCone not found,,,
7408,6a48db9f8fda2c726428a51c,ORD-000030,,,,,,not_found,YarnCone not found,,,
7409,6a48e0768fda2c726428bb48,ORD-000082,,,,,,not_found,YarnCone not found,,,
7410,6a48e0768fda2c726428bb4a,ORD-000030,,,,,,not_found,YarnCone not found,,,
7411,6a48e0768fda2c726428bb4e,ORD-000076,,,,,,not_found,YarnCone not found,,,
7412,6a48e0768fda2c726428bb4f,ORD-000082,,,,,,not_found,YarnCone not found,,,
7413,6a48e0768fda2c726428bb51,ORD-000076,,,,,,not_found,YarnCone not found,,,
7414,6a48e0768fda2c726428bb53,ORD-000082,,,,,,not_found,YarnCone not found,,,
7415,6a48e0768fda2c726428bb55,ORD-000082,,,,,,not_found,YarnCone not found,,,
7416,6a48e0768fda2c726428bb57,ORD-000082,,,,,,not_found,YarnCone not found,,,
7417,6a48e0768fda2c726428bb59,ORD-000030,,,,,,not_found,YarnCone not found,,,
7418,6a48e0768fda2c726428bb5b,ORD-000076,,,,,,not_found,YarnCone not found,,,
7419,6a48e0768fda2c726428bb5c,ORD-000082,,,,,,not_found,YarnCone not found,,,
7420,6a48e0768fda2c726428bb5e,ORD-000076,,,,,,not_found,YarnCone not found,,,
7421,6a48e0768fda2c726428bb5f,ORD-000082,,,,,,not_found,YarnCone not found,,,
7422,6a48e0768fda2c726428bb60,ORD-000075,,,,,,not_found,YarnCone not found,,,
7423,6a48e0768fda2c726428bb62,ORD-000082,,,,,,not_found,YarnCone not found,,,
7424,6a48e0768fda2c726428bb63,ORD-000082,,,,,,not_found,YarnCone not found,,,
7425,6a48e0768fda2c726428bb64,ORD-000030,,,,,,not_found,YarnCone not found,,,
7426,6a48e0768fda2c726428bb66,ORD-000030,,,,,,not_found,YarnCone not found,,,
7427,6a48e0768fda2c726428bb67,ORD-000030,,,,,,not_found,YarnCone not found,,,
7428,6a48e0768fda2c726428bb68,ORD-000030,,,,,,not_found,YarnCone not found,,,
7429,6a48e0768fda2c726428bb6a,ORD-000082,,,,,,not_found,YarnCone not found,,,
7430,6a48e6678fda2c726428ced7,ORD-000082,,,,,,not_found,YarnCone not found,,,
7431,6a48e6808fda2c726428d003,ORD-000082,,,,,,not_found,YarnCone not found,,,
7432,6a48e8f18fda2c726428dce7,ORD-000085,,,,,,not_found,YarnCone not found,,,
7433,6a48e8f18fda2c726428dce8,ORD-000085,,,,,,not_found,YarnCone not found,,,
7434,6a48e8f18fda2c726428dced,ORD-000085,,,,,,not_found,YarnCone not found,,,
7435,6a48e8f18fda2c726428dcf6,ORD-000088,,,,,,not_found,YarnCone not found,,,
7436,6a48e8f18fda2c726428dcf7,ORD-000082,,,,,,not_found,YarnCone not found,,,
7437,6a48e8f18fda2c726428dcf8,ORD-000076,,,,,,not_found,YarnCone not found,,,
7438,6a48e8f18fda2c726428dcf9,ORD-000082,,,,,,not_found,YarnCone not found,,,
7439,6a48e8f18fda2c726428dcfa,ORD-000076,,,,,,not_found,YarnCone not found,,,
7440,6a48e8f18fda2c726428dcfe,ORD-000062,,,,,,not_found,YarnCone not found,,,
7441,6a48ec1a8fda2c726428fab6,ORD-000081,,,,,,not_found,YarnCone not found,,,
7442,6a48ec1a8fda2c726428fab7,ORD-000081,,,,,,not_found,YarnCone not found,,,
7443,6a48ec1a8fda2c726428fab9,ORD-000088,,,,,,not_found,YarnCone not found,,,
7444,6a48ec1a8fda2c726428faba,ORD-000088,,,,,,not_found,YarnCone not found,,,
7445,6a48ec1a8fda2c726428fabc,ORD-000088,,,,,,not_found,YarnCone not found,,,
7446,6a48ec1a8fda2c726428fac0,ORD-000087,,,,,,not_found,YarnCone not found,,,
7447,6a48ec1a8fda2c726428fac1,ORD-000082,,,,,,not_found,YarnCone not found,,,
7448,6a48ec1a8fda2c726428fac4,ORD-000089,,,,,,not_found,YarnCone not found,,,
7449,6a48ec1a8fda2c726428fac5,ORD-000081,,,,,,not_found,YarnCone not found,,,
7450,6a48edce8fda2c72642905fc,ORD-000082,,,,,,not_found,YarnCone not found,,,
7451,6a48edce8fda2c72642905fd,ORD-000082,,,,,,not_found,YarnCone not found,,,
7452,6a48edce8fda2c72642905fe,ORD-000082,,,,,,not_found,YarnCone not found,,,
7453,6a48edce8fda2c72642905ff,ORD-000085,,,,,,not_found,YarnCone not found,,,
7454,6a48edce8fda2c7264290601,ORD-000082,,,,,,not_found,YarnCone not found,,,
7455,6a48edce8fda2c7264290602,ORD-000082,,,,,,not_found,YarnCone not found,,,
7456,6a48edce8fda2c7264290603,ORD-000085,,,,,,not_found,YarnCone not found,,,
7457,6a48edce8fda2c7264290604,ORD-000082,,,,,,not_found,YarnCone not found,,,
7458,6a48edce8fda2c7264290605,ORD-000085,,,,,,not_found,YarnCone not found,,,
7459,6a48edce8fda2c7264290606,ORD-000085,,,,,,not_found,YarnCone not found,,,
7460,6a48edce8fda2c7264290607,ORD-000082,,,,,,not_found,YarnCone not found,,,
7461,6a48edce8fda2c7264290608,ORD-000082,,,,,,not_found,YarnCone not found,,,
7462,6a48edce8fda2c7264290609,ORD-000082,,,,,,not_found,YarnCone not found,,,
7463,6a48edce8fda2c726429060b,ORD-000085,,,,,,not_found,YarnCone not found,,,
7464,6a48edce8fda2c726429060d,ORD-000085,,,,,,not_found,YarnCone not found,,,
7465,6a48edce8fda2c726429060e,ORD-000085,,,,,,not_found,YarnCone not found,,,
7466,6a48edce8fda2c726429060f,ORD-000085,,,,,,not_found,YarnCone not found,,,
7467,6a48edce8fda2c7264290612,ORD-000082,,,,,,not_found,YarnCone not found,,,
7468,6a48edce8fda2c7264290614,ORD-000082,,,,,,not_found,YarnCone not found,,,
7469,6a48edce8fda2c7264290618,ORD-000082,,,,,,not_found,YarnCone not found,,,
7470,6a48edce8fda2c7264290619,ORD-000085,,,,,,not_found,YarnCone not found,,,
7471,6a48edce8fda2c726429061a,ORD-000082,,,,,,not_found,YarnCone not found,,,
7472,6a48edce8fda2c726429061b,ORD-000082,,,,,,not_found,YarnCone not found,,,
7473,6a48edce8fda2c726429061d,ORD-000082,,,,,,not_found,YarnCone not found,,,
7474,6a48edce8fda2c726429061e,ORD-000085,,,,,,not_found,YarnCone not found,,,
7475,6a48edce8fda2c7264290620,ORD-000085,,,,,,not_found,YarnCone not found,,,
7476,6a48edce8fda2c7264290621,ORD-000082,,,,,,not_found,YarnCone not found,,,
7477,6a48edce8fda2c7264290622,ORD-000085,,,,,,not_found,YarnCone not found,,,
7478,6a48f7688fda2c7264292e97,ORD-000087,,,,,,not_found,YarnCone not found,,,
7479,6a48f7688fda2c7264292e98,ORD-000086,,,,,,not_found,YarnCone not found,,,
7480,6a48f7688fda2c7264292e99,ORD-000086,,,,,,not_found,YarnCone not found,,,
7481,6a48f7688fda2c7264292e9a,ORD-000086,,,,,,not_found,YarnCone not found,,,
7482,6a48f7688fda2c7264292e9c,ORD-000086,,,,,,not_found,YarnCone not found,,,
7483,6a48f7688fda2c7264292e9f,ORD-000086,,,,,,not_found,YarnCone not found,,,
7484,6a48f7688fda2c7264292ea3,ORD-000086,,,,,,not_found,YarnCone not found,,,
7485,6a48f7688fda2c7264292ea4,ORD-000086,,,,,,not_found,YarnCone not found,,,
7486,6a48f7688fda2c7264292eaa,ORD-000086,,,,,,not_found,YarnCone not found,,,
7487,6a48f7688fda2c7264292eac,ORD-000087,,,,,,not_found,YarnCone not found,,,
7488,6a48f7688fda2c7264292ead,ORD-000086,,,,,,not_found,YarnCone not found,,,
7489,6a48f7688fda2c7264292eaf,ORD-000084,,,,,,not_found,YarnCone not found,,,
7490,6a48f7688fda2c7264292eb1,ORD-000087,,,,,,not_found,YarnCone not found,,,
7491,6a48f7688fda2c7264292eb2,ORD-000087,,,,,,not_found,YarnCone not found,,,
7492,6a48f7688fda2c7264292eb3,ORD-000087,,,,,,not_found,YarnCone not found,,,
7493,6a48f7688fda2c7264292eb4,ORD-000087,,,,,,not_found,YarnCone not found,,,
7494,6a48f7688fda2c7264292eb6,ORD-000087,,,,,,not_found,YarnCone not found,,,
7495,6a4b225a8fda2c726429b04b,ORD-000084,,,,,,not_found,YarnCone not found,,,
7496,6a4b225a8fda2c726429b04c,ORD-000084,,,,,,not_found,YarnCone not found,,,
7497,6a4b225a8fda2c726429b04e,ORD-000084,,,,,,not_found,YarnCone not found,,,
7498,6a4b225a8fda2c726429b04f,ORD-000084,,,,,,not_found,YarnCone not found,,,
7499,6a4b225a8fda2c726429b050,ORD-000072,,,,,,not_found,YarnCone not found,,,
7500,6a4b225a8fda2c726429b052,ORD-000072,,,,,,not_found,YarnCone not found,,,
7501,6a4b225a8fda2c726429b053,ORD-000072,,,,,,not_found,YarnCone not found,,,
7502,6a4b225a8fda2c726429b054,ORD-000084,,,,,,not_found,YarnCone not found,,,
7503,6a4b225a8fda2c726429b058,ORD-000084,,,,,,not_found,YarnCone not found,,,
7504,6a4b225a8fda2c726429b059,ORD-000084,,,,,,not_found,YarnCone not found,,,
7505,6a4b225a8fda2c726429b05a,ORD-000084,,,,,,not_found,YarnCone not found,,,
7506,6a4b225a8fda2c726429b05b,ORD-000084,,,,,,not_found,YarnCone not found,,,
7507,6a4b225a8fda2c726429b05f,ORD-000084,,,,,,not_found,YarnCone not found,,,
7508,6a4b225a8fda2c726429b060,ORD-000072,,,,,,not_found,YarnCone not found,,,
7509,6a4b225a8fda2c726429b061,ORD-000072,,,,,,not_found,YarnCone not found,,,
7510,6a4b225a8fda2c726429b062,ORD-000072,,,,,,not_found,YarnCone not found,,,
7511,6a4b225a8fda2c726429b065,ORD-000084,,,,,,not_found,YarnCone not found,,,
7512,6a4b225a8fda2c726429b067,ORD-000084,,,,,,not_found,YarnCone not found,,,
7513,6a4b225a8fda2c726429b06c,ORD-000084,,,,,,not_found,YarnCone not found,,,
7514,6a4b225a8fda2c726429b06d,ORD-000084,,,,,,not_found,YarnCone not found,,,
7515,6a4b225a8fda2c726429b06e,ORD-000084,,,,,,not_found,YarnCone not found,,,
7516,6a4b225a8fda2c726429b06f,ORD-000084,,,,,,not_found,YarnCone not found,,,
7517,6a4b28ed8fda2c726429c242,ORD-000082,,,,,,not_found,YarnCone not found,,,
7518,6a4b28ed8fda2c726429c243,ORD-000082,,,,,,not_found,YarnCone not found,,,
7519,6a4b28ed8fda2c726429c245,ORD-000082,,,,,,not_found,YarnCone not found,,,
7520,6a4b28ed8fda2c726429c248,ORD-000083,,,,,,not_found,YarnCone not found,,,
7521,6a4b28ed8fda2c726429c24b,ORD-000082,,,,,,not_found,YarnCone not found,,,
7522,6a4b28ed8fda2c726429c24c,ORD-000082,,,,,,not_found,YarnCone not found,,,
7523,6a4b28ed8fda2c726429c24d,ORD-000082,,,,,,not_found,YarnCone not found,,,
7524,6a4b28ed8fda2c726429c24f,ORD-000085,,,,,,not_found,YarnCone not found,,,
7525,6a4b28ed8fda2c726429c250,ORD-000082,,,,,,not_found,YarnCone not found,,,
7526,6a4b28ed8fda2c726429c251,ORD-000079,,,,,,not_found,YarnCone not found,,,
7527,6a4b28ed8fda2c726429c252,ORD-000061,,,,,,not_found,YarnCone not found,,,
7528,6a4b28ed8fda2c726429c259,ORD-000030,,,,,,not_found,YarnCone not found,,,
7529,6a4b28ed8fda2c726429c25a,ORD-000030,,,,,,not_found,YarnCone not found,,,
7530,6a4b28ed8fda2c726429c25c,ORD-000079,,,,,,not_found,YarnCone not found,,,
7531,6a4b28ed8fda2c726429c260,ORD-000083,,,,,,not_found,YarnCone not found,,,
7532,6a4b28ed8fda2c726429c261,ORD-000083,,,,,,not_found,YarnCone not found,,,
7533,6a4b28ed8fda2c726429c262,ORD-000061,,,,,,not_found,YarnCone not found,,,
7534,6a4b30db8fda2c726429e3ce,ORD-000075,,,,,,not_found,YarnCone not found,,,
7535,6a4b30db8fda2c726429e3d0,ORD-000084,,,,,,not_found,YarnCone not found,,,
7536,6a4b30db8fda2c726429e3d1,ORD-000084,,,,,,not_found,YarnCone not found,,,
7537,6a4b30db8fda2c726429e3d2,ORD-000084,,,,,,not_found,YarnCone not found,,,
7538,6a4b30db8fda2c726429e3d3,ORD-000061,,,,,,not_found,YarnCone not found,,,
7539,6a4b30db8fda2c726429e3d4,ORD-000084,,,,,,not_found,YarnCone not found,,,
7540,6a4b30db8fda2c726429e3d5,ORD-000084,,,,,,not_found,YarnCone not found,,,
7541,6a4b30db8fda2c726429e3d6,ORD-000084,,,,,,not_found,YarnCone not found,,,
7542,6a4b30db8fda2c726429e3d7,ORD-000084,,,,,,not_found,YarnCone not found,,,
7543,6a4b30db8fda2c726429e3d8,ORD-000084,,,,,,not_found,YarnCone not found,,,
7544,6a4b30db8fda2c726429e3d9,ORD-000061,,,,,,not_found,YarnCone not found,,,
7545,6a4b30db8fda2c726429e3da,ORD-000072,,,,,,not_found,YarnCone not found,,,
7546,6a4b30db8fda2c726429e3dc,ORD-000075,,,,,,not_found,YarnCone not found,,,
7547,6a4b30db8fda2c726429e3dd,ORD-000072,,,,,,not_found,YarnCone not found,,,
7548,6a4b30db8fda2c726429e3df,ORD-000084,,,,,,not_found,YarnCone not found,,,
7549,6a4b38a38fda2c726429fce1,ORD-000042,,,,,,not_found,YarnCone not found,,,
7550,6a4b38a38fda2c726429fce2,ORD-000085,,,,,,not_found,YarnCone not found,,,
7551,6a4b38a38fda2c726429fce4,ORD-000085,,,,,,not_found,YarnCone not found,,,
7552,6a4b38a38fda2c726429fce6,ORD-000030,,,,,,not_found,YarnCone not found,,,
7553,6a4b38a38fda2c726429fced,ORD-000085,,,,,,not_found,YarnCone not found,,,
7554,6a4b38a38fda2c726429fcee,ORD-000085,,,,,,not_found,YarnCone not found,,,
7555,6a4b38a38fda2c726429fcef,ORD-000085,,,,,,not_found,YarnCone not found,,,
7556,6a4b38a38fda2c726429fcf1,ORD-000081,,,,,,not_found,YarnCone not found,,,
7557,6a4b3f148fda2c72642a0481,ORD-000076,,,,,,not_found,YarnCone not found,,,
7558,6a4b3f148fda2c72642a0488,ORD-000089,,,,,,not_found,YarnCone not found,,,
7559,6a4b3f148fda2c72642a048b,ORD-000076,,,,,,not_found,YarnCone not found,,,
7560,6a4b3f148fda2c72642a048c,ORD-000076,,,,,,not_found,YarnCone not found,,,
7561,6a4b3f148fda2c72642a048e,ORD-000076,,,,,,not_found,YarnCone not found,,,
7562,6a4b3f148fda2c72642a0491,ORD-000076,,,,,,not_found,YarnCone not found,,,
7563,6a4b3f148fda2c72642a0492,ORD-000076,,,,,,not_found,YarnCone not found,,,
7564,6a4b3f148fda2c72642a0494,ORD-000076,,,,,,not_found,YarnCone not found,,,
7565,6a4b3f148fda2c72642a0496,ORD-000076,,,,,,not_found,YarnCone not found,,,
7566,6a4b3f148fda2c72642a0498,ORD-000076,,,,,,not_found,YarnCone not found,,,
7567,6a4b3f148fda2c72642a049b,ORD-000076,,,,,,not_found,YarnCone not found,,,
7568,6a4b3f148fda2c72642a049c,ORD-000076,,,,,,not_found,YarnCone not found,,,
7569,6a4b3f148fda2c72642a049e,ORD-000076,,,,,,not_found,YarnCone not found,,,
7570,6a4b3f148fda2c72642a04a2,ORD-000076,,,,,,not_found,YarnCone not found,,,
7571,6a4b3f148fda2c72642a04a3,ORD-000076,,,,,,not_found,YarnCone not found,,,
7572,6a4b3f148fda2c72642a04a4,ORD-000076,,,,,,not_found,YarnCone not found,,,
7573,6a4b3f3c8fda2c72642a0699,ORD-000081,,,,,,not_found,YarnCone not found,,,
7574,6a4b3f3c8fda2c72642a069a,ORD-000081,,,,,,not_found,YarnCone not found,,,
7575,6a4b3f3c8fda2c72642a069b,ORD-000081,,,,,,not_found,YarnCone not found,,,
7576,6a4b3f3c8fda2c72642a069c,ORD-000081,,,,,,not_found,YarnCone not found,,,
7577,6a4b3f3c8fda2c72642a069d,ORD-000081,,,,,,not_found,YarnCone not found,,,
7578,6a4b3f3c8fda2c72642a06a0,ORD-000089,,,,,,not_found,YarnCone not found,,,
7579,6a4b3f3c8fda2c72642a06a4,ORD-000076,,,,,,not_found,YarnCone not found,,,
7580,6a4b3f3c8fda2c72642a06a6,ORD-000081,,,,,,not_found,YarnCone not found,,,
7581,6a4b3f3c8fda2c72642a06aa,ORD-000076,,,,,,not_found,YarnCone not found,,,
7582,6a4b3f3c8fda2c72642a06ab,ORD-000081,,,,,,not_found,YarnCone not found,,,
7583,6a4b3f3c8fda2c72642a06ac,ORD-000081,,,,,,not_found,YarnCone not found,,,
7584,6a4b3f3c8fda2c72642a06ad,ORD-000081,,,,,,not_found,YarnCone not found,,,
7585,6a4b3f3c8fda2c72642a06ae,ORD-000081,,,,,,not_found,YarnCone not found,,,
7586,6a4b3f3c8fda2c72642a06b1,ORD-000076,,,,,,not_found,YarnCone not found,,,
7587,6a4b3f3c8fda2c72642a06b3,ORD-000081,,,,,,not_found,YarnCone not found,,,
7588,6a4b3f3c8fda2c72642a06b5,ORD-000076,,,,,,not_found,YarnCone not found,,,
7589,6a4b3f3c8fda2c72642a06b6,ORD-000076,,,,,,not_found,YarnCone not found,,,
7590,6a4b3f3c8fda2c72642a06b9,ORD-000076,,,,,,not_found,YarnCone not found,,,
7591,6a4b3f3c8fda2c72642a06ba,ORD-000076,,,,,,not_found,YarnCone not found,,,
7592,6a4b3f3c8fda2c72642a06bb,ORD-000076,,,,,,not_found,YarnCone not found,,,
7593,6a4b3f3c8fda2c72642a06bc,ORD-000081,,,,,,not_found,YarnCone not found,,,
7594,6a4b3f9e8fda2c72642a085c,ORD-000088,,,,,,not_found,YarnCone not found,,,
7595,6a4b3f9e8fda2c72642a085d,ORD-000083,,,,,,not_found,YarnCone not found,,,
7596,6a4b40188fda2c72642a0989,ORD-000082,,,,,,not_found,YarnCone not found,,,
7597,6a4b40188fda2c72642a098a,ORD-000082,,,,,,not_found,YarnCone not found,,,
7598,6a4b40188fda2c72642a098b,ORD-000082,,,,,,not_found,YarnCone not found,,,
7599,6a4b40188fda2c72642a098c,ORD-000085,,,,,,not_found,YarnCone not found,,,
7600,6a4b40188fda2c72642a098e,ORD-000082,,,,,,not_found,YarnCone not found,,,
7601,6a4b40188fda2c72642a0990,ORD-000082,,,,,,not_found,YarnCone not found,,,
7602,6a4b40188fda2c72642a0997,ORD-000061,,,,,,not_found,YarnCone not found,,,
7603,6a4b40188fda2c72642a099d,ORD-000085,,,,,,not_found,YarnCone not found,,,
7604,6a4b4aee8fda2c72642a3458,ORD-000088,,,,,,not_found,YarnCone not found,,,
7605,6a4b4aee8fda2c72642a346c,ORD-000082,,,,,,not_found,YarnCone not found,,,
7606,6a4b4aee8fda2c72642a346d,ORD-000082,,,,,,not_found,YarnCone not found,,,
7607,6a4b4b8b8fda2c72642a379a,ORD-000082,,,,,,not_found,YarnCone not found,,,
7608,6a4b4b8b8fda2c72642a379e,ORD-000082,,,,,,not_found,YarnCone not found,,,
7609,6a4b4b8b8fda2c72642a379f,ORD-000082,,,,,,not_found,YarnCone not found,,,
7610,6a4b4b8b8fda2c72642a37a0,ORD-000082,,,,,,not_found,YarnCone not found,,,
7611,6a4b6b2858d136bf2724f539,ORD-000082,,,,,,not_found,YarnCone not found,,,
7612,6a4b6b2858d136bf2724f544,ORD-000083,,,,,,not_found,YarnCone not found,,,
7613,6a4b6b2858d136bf2724f545,ORD-000083,,,,,,not_found,YarnCone not found,,,
7614,6a4b6b2858d136bf2724f548,ORD-000083,,,,,,not_found,YarnCone not found,,,
7615,6a4b80ad58d136bf27253b51,ORD-000080,,,,,,not_found,YarnCone not found,,,
7616,6a4b80ad58d136bf27253b55,ORD-000080,,,,,,not_found,YarnCone not found,,,
7617,6a4b80ad58d136bf27253b59,ORD-000080,,,,,,not_found,YarnCone not found,,,
7618,6a4b886258d136bf27255a33,ORD-000079,,,,,,not_found,YarnCone not found,,,
7619,6a4b886258d136bf27255a3e,ORD-000079,,,,,,not_found,YarnCone not found,,,
7620,6a4c7773dd1345ca37a53b79,ORD-000082,,,,,,not_found,YarnCone not found,,,
7621,6a4c7773dd1345ca37a53b7d,ORD-000082,,,,,,not_found,YarnCone not found,,,
7622,6a4c7773dd1345ca37a53b7f,ORD-000082,,,,,,not_found,YarnCone not found,,,
7623,6a4c7773dd1345ca37a53b81,ORD-000082,,,,,,not_found,YarnCone not found,,,
7624,6a4c7773dd1345ca37a53b82,ORD-000082,,,,,,not_found,YarnCone not found,,,
7625,6a4c7773dd1345ca37a53b85,ORD-000082,,,,,,not_found,YarnCone not found,,,
7626,6a4c7773dd1345ca37a53b86,ORD-000082,,,,,,not_found,YarnCone not found,,,
7627,6a4c7773dd1345ca37a53b88,ORD-000082,,,,,,not_found,YarnCone not found,,,
7628,6a4c7773dd1345ca37a53b89,ORD-000082,,,,,,not_found,YarnCone not found,,,
7629,6a4c7773dd1345ca37a53b8a,ORD-000082,,,,,,not_found,YarnCone not found,,,
7630,6a4c7773dd1345ca37a53b8b,ORD-000082,,,,,,not_found,YarnCone not found,,,
7631,6a4c77b1dd1345ca37a53ceb,ORD-000088,,,,,,not_found,YarnCone not found,,,
7632,6a4c77b1dd1345ca37a53ced,ORD-000087,,,,,,not_found,YarnCone not found,,,
7633,6a4c77b1dd1345ca37a53cf5,ORD-000087,,,,,,not_found,YarnCone not found,,,
7634,6a4c77b1dd1345ca37a53cf7,ORD-000088,,,,,,not_found,YarnCone not found,,,
7635,6a4c77b1dd1345ca37a53cfc,ORD-000087,,,,,,not_found,YarnCone not found,,,
7636,6a4c77b1dd1345ca37a53cfe,ORD-000087,,,,,,not_found,YarnCone not found,,,
7637,6a4c77b1dd1345ca37a53d05,ORD-000087,,,,,,not_found,YarnCone not found,,,
7638,6a4c81f1dd1345ca37a54f6e,ORD-000088,,,,,,not_found,YarnCone not found,,,
7639,6a4c81f1dd1345ca37a54f70,ORD-000087,,,,,,not_found,YarnCone not found,,,
7640,6a4c81f1dd1345ca37a54f7c,ORD-000087,,,,,,not_found,YarnCone not found,,,
7641,6a4c81f1dd1345ca37a54f7e,ORD-000087,,,,,,not_found,YarnCone not found,,,
7642,6a4c81f1dd1345ca37a54f80,ORD-000088,,,,,,not_found,YarnCone not found,,,
7643,6a4c81f1dd1345ca37a54f81,ORD-000087,,,,,,not_found,YarnCone not found,,,
7644,6a4c81f1dd1345ca37a54f86,ORD-000087,,,,,,not_found,YarnCone not found,,,
7645,6a4c81f1dd1345ca37a54f88,ORD-000091,,,,,,not_found,YarnCone not found,,,
7646,6a4c81f1dd1345ca37a54f8b,ORD-000087,,,,,,not_found,YarnCone not found,,,
7647,6a4c8783dd1345ca37a567d2,ORD-000082,,,,,,not_found,YarnCone not found,,,
7648,6a4c90bfdd1345ca37a5797f,ORD-000086,,,,,,not_found,YarnCone not found,,,
7649,6a4c90bfdd1345ca37a57980,ORD-000086,,,,,,not_found,YarnCone not found,,,
7650,6a4c90bfdd1345ca37a57982,ORD-000089,,,,,,not_found,YarnCone not found,,,
7651,6a4c90bfdd1345ca37a5798a,ORD-000086,,,,,,not_found,YarnCone not found,,,
7652,6a4c90bfdd1345ca37a5798f,ORD-000086,,,,,,not_found,YarnCone not found,,,
7653,6a4c90bfdd1345ca37a57990,ORD-000083,,,,,,not_found,YarnCone not found,,,
7654,6a4c90f8dd1345ca37a57a75,ORD-000087,,,,,,not_found,YarnCone not found,,,
7655,6a4c90f8dd1345ca37a57a82,ORD-000087,,,,,,not_found,YarnCone not found,,,
7656,6a4c98bfdd1345ca37a58884,ORD-000083,,,,,,not_found,YarnCone not found,,,
7657,6a4c98bfdd1345ca37a58886,ORD-000083,,,,,,not_found,YarnCone not found,,,
7658,6a4c98bfdd1345ca37a58888,ORD-000083,,,,,,not_found,YarnCone not found,,,
7659,6a4c98bfdd1345ca37a5888a,ORD-000083,,,,,,not_found,YarnCone not found,,,
7660,6a4c98bfdd1345ca37a5888e,ORD-000083,,,,,,not_found,YarnCone not found,,,
7661,6a4c98bfdd1345ca37a58891,ORD-000083,,,,,,not_found,YarnCone not found,,,
7662,6a4c98bfdd1345ca37a58894,ORD-000082,,,,,,not_found,YarnCone not found,,,
7663,6a4c98bfdd1345ca37a58895,ORD-000083,,,,,,not_found,YarnCone not found,,,
7664,6a4c98bfdd1345ca37a58896,ORD-000083,,,,,,not_found,YarnCone not found,,,
7665,6a4c98bfdd1345ca37a58898,ORD-000083,,,,,,not_found,YarnCone not found,,,
7666,6a4c98bfdd1345ca37a58899,ORD-000083,,,,,,not_found,YarnCone not found,,,
7667,6a4c98bfdd1345ca37a5889a,ORD-000082,,,,,,not_found,YarnCone not found,,,
7668,6a4c98bfdd1345ca37a5889f,ORD-000083,,,,,,not_found,YarnCone not found,,,
7669,6a4c98bfdd1345ca37a588a0,ORD-000083,,,,,,not_found,YarnCone not found,,,
7670,6a4c98bfdd1345ca37a588a3,ORD-000083,,,,,,not_found,YarnCone not found,,,
7671,6a4c98bfdd1345ca37a588a4,ORD-000083,,,,,,not_found,YarnCone not found,,,
7672,6a4c98bfdd1345ca37a588a5,ORD-000083,,,,,,not_found,YarnCone not found,,,
7673,6a4c98bfdd1345ca37a588a6,ORD-000083,,,,,,not_found,YarnCone not found,,,
7674,6a4c9cefdd1345ca37a593dc,ORD-000079,,,,,,not_found,YarnCone not found,,,
7675,6a4ca45bdd1345ca37a5a4b2,ORD-000088,,,,,,not_found,YarnCone not found,,,
7676,6a4ca45bdd1345ca37a5a4b4,ORD-000087,,,,,,not_found,YarnCone not found,,,
7677,6a4ca45bdd1345ca37a5a4b5,ORD-000087,,,,,,not_found,YarnCone not found,,,
7678,6a4ca45bdd1345ca37a5a4b9,ORD-000087,,,,,,not_found,YarnCone not found,,,
7679,6a4ca45bdd1345ca37a5a4ba,ORD-000087,,,,,,not_found,YarnCone not found,,,
7680,6a4ce06344c0cce033d575ba,ORD-000083,,,,,,not_found,YarnCone not found,,,
7681,6a4ce06344c0cce033d575bc,ORD-000083,,,,,,not_found,YarnCone not found,,,
7682,6a4ce06344c0cce033d575bd,ORD-000083,,,,,,not_found,YarnCone not found,,,
7683,6a4ce06344c0cce033d575be,ORD-000087,,,,,,not_found,YarnCone not found,,,
7684,6a4ce06344c0cce033d575c0,ORD-000083,,,,,,not_found,YarnCone not found,,,
7685,6a4ce06344c0cce033d575c4,ORD-000083,,,,,,not_found,YarnCone not found,,,
7686,6a4ce06344c0cce033d575ca,ORD-000083,,,,,,not_found,YarnCone not found,,,
7687,6a4ce06344c0cce033d575cd,ORD-000083,,,,,,not_found,YarnCone not found,,,
7688,6a4ce06344c0cce033d575ce,ORD-000083,,,,,,not_found,YarnCone not found,,,
7689,6a4ce06344c0cce033d575d0,ORD-000083,,,,,,not_found,YarnCone not found,,,
7690,6a4ce06344c0cce033d575d4,ORD-000083,,,,,,not_found,YarnCone not found,,,
7691,6a4ce06344c0cce033d575d5,ORD-000083,,,,,,not_found,YarnCone not found,,,
7692,6a4dc65d44c0cce033d5fbb2,ORD-000088,,,,,,not_found,YarnCone not found,,,
7693,6a4dc65d44c0cce033d5fbbb,ORD-000087,,,,,,not_found,YarnCone not found,,,
7694,6a4dc69044c0cce033d5fc76,ORD-000088,,,,,,not_found,YarnCone not found,,,
7695,6a4dc69044c0cce033d5fc77,ORD-000087,,,,,,not_found,YarnCone not found,,,
7696,6a4dc69044c0cce033d5fc79,ORD-000088,,,,,,not_found,YarnCone not found,,,
7697,6a4dc69044c0cce033d5fc7a,ORD-000087,,,,,,not_found,YarnCone not found,,,
7698,6a4dc69044c0cce033d5fc7d,ORD-000087,,,,,,not_found,YarnCone not found,,,
7699,6a4dc69044c0cce033d5fc80,ORD-000088,,,,,,not_found,YarnCone not found,,,
7700,6a4dc69044c0cce033d5fc82,ORD-000087,,,,,,not_found,YarnCone not found,,,
7701,6a4dd6b744c0cce033d6124d,ORD-000087,,,,,,not_found,YarnCone not found,,,
7702,6a4de46ba8e070ea610b06a3,ORD-000087,,,,,,not_found,YarnCone not found,,,
7703,6a4de46ba8e070ea610b06a5,ORD-000087,,,,,,not_found,YarnCone not found,,,
7704,6a4de46ba8e070ea610b06a6,ORD-000087,,,,,,not_found,YarnCone not found,,,
7705,6a4de495a8e070ea610b074a,ORD-000087,,,,,,not_found,YarnCone not found,,,
7706,6a4de495a8e070ea610b074d,ORD-000087,,,,,,not_found,YarnCone not found,,,
7707,6a4df9dc3e1e6feb7f6af99a,ORD-000081,,,,,,not_found,YarnCone not found,,,
7708,6a4df9dc3e1e6feb7f6af99b,ORD-000081,,,,,,not_found,YarnCone not found,,,
7709,6a4e0c353e1e6feb7f6b1d8a,ORD-000087,,,,,,not_found,YarnCone not found,,,
7710,6a4e0c353e1e6feb7f6b1d8c,ORD-000087,,,,,,not_found,YarnCone not found,,,
7711,6a4e0c353e1e6feb7f6b1d8e,ORD-000088,,,,,,not_found,YarnCone not found,,,
7712,6a4e0c353e1e6feb7f6b1d8f,ORD-000088,,,,,,not_found,YarnCone not found,,,
7713,6a4e0c353e1e6feb7f6b1d90,ORD-000087,,,,,,not_found,YarnCone not found,,,
7714,6a4e0c353e1e6feb7f6b1d92,ORD-000087,,,,,,not_found,YarnCone not found,,,
7715,6a4e0c353e1e6feb7f6b1d93,ORD-000088,,,,,,not_found,YarnCone not found,,,
7716,6a4e0c353e1e6feb7f6b1d94,ORD-000088,,,,,,not_found,YarnCone not found,,,
7717,6a4e0c353e1e6feb7f6b1d95,ORD-000087,,,,,,not_found,YarnCone not found,,,
7718,6a4e0c353e1e6feb7f6b1d98,ORD-000088,,,,,,not_found,YarnCone not found,,,
7719,6a4e0c353e1e6feb7f6b1d9a,ORD-000088,,,,,,not_found,YarnCone not found,,,
7720,6a4e0c353e1e6feb7f6b1d9b,ORD-000088,,,,,,not_found,YarnCone not found,,,
7721,6a4e0c353e1e6feb7f6b1d9e,ORD-000088,,,,,,not_found,YarnCone not found,,,
7722,6a4e0c353e1e6feb7f6b1d9f,ORD-000088,,,,,,not_found,YarnCone not found,,,
7723,6a4e0c353e1e6feb7f6b1da0,ORD-000088,,,,,,not_found,YarnCone not found,,,
7724,6a4e0c353e1e6feb7f6b1da1,ORD-000088,,,,,,not_found,YarnCone not found,,,
7725,6a4e0c353e1e6feb7f6b1da2,ORD-000088,,,,,,not_found,YarnCone not found,,,
7726,6a4e0c353e1e6feb7f6b1da3,ORD-000088,,,,,,not_found,YarnCone not found,,,
7727,6a4e0c353e1e6feb7f6b1da4,ORD-000087,,,,,,not_found,YarnCone not found,,,
7728,6a4e0c353e1e6feb7f6b1da5,ORD-000088,,,,,,not_found,YarnCone not found,,,
7729,6a4e0c353e1e6feb7f6b1da6,ORD-000088,,,,,,not_found,YarnCone not found,,,
7730,6a4e0c353e1e6feb7f6b1da7,ORD-000088,,,,,,not_found,YarnCone not found,,,
7731,6a4e0c353e1e6feb7f6b1da8,ORD-000088,,,,,,not_found,YarnCone not found,,,
7732,6a4e0c353e1e6feb7f6b1da9,ORD-000088,,,,,,not_found,YarnCone not found,,,
7733,6a4e0c353e1e6feb7f6b1daa,ORD-000088,,,,,,not_found,YarnCone not found,,,
7734,6a4e0c353e1e6feb7f6b1dab,ORD-000087,,,,,,not_found,YarnCone not found,,,
7735,6a4e0c353e1e6feb7f6b1dac,ORD-000088,,,,,,not_found,YarnCone not found,,,
7736,6a4e0c353e1e6feb7f6b1dad,ORD-000087,,,,,,not_found,YarnCone not found,,,
7737,6a4e0c353e1e6feb7f6b1dae,ORD-000087,,,,,,not_found,YarnCone not found,,,
7738,6a4e0c353e1e6feb7f6b1daf,ORD-000088,,,,,,not_found,YarnCone not found,,,
7739,6a4e0c353e1e6feb7f6b1db0,ORD-000088,,,,,,not_found,YarnCone not found,,,
7740,6a4e0c353e1e6feb7f6b1db1,ORD-000088,,,,,,not_found,YarnCone not found,,,
7741,6a4e1e7e3e1e6feb7f6b4cf0,ORD-000088,,,,,,not_found,YarnCone not found,,,
7742,6a4e1e7e3e1e6feb7f6b4cf1,ORD-000088,,,,,,not_found,YarnCone not found,,,
7743,6a4e1e7e3e1e6feb7f6b4cf8,ORD-000088,,,,,,not_found,YarnCone not found,,,
7744,6a4e1e7e3e1e6feb7f6b4cf9,ORD-000088,,,,,,not_found,YarnCone not found,,,
7745,6a4e1e7e3e1e6feb7f6b4cfb,ORD-000088,,,,,,not_found,YarnCone not found,,,
7746,6a4e1e7e3e1e6feb7f6b4cfe,ORD-000088,,,,,,not_found,YarnCone not found,,,
7747,6a4e1e7e3e1e6feb7f6b4d00,ORD-000088,,,,,,not_found,YarnCone not found,,,
7748,6a4e1e7e3e1e6feb7f6b4d01,ORD-000088,,,,,,not_found,YarnCone not found,,,
7749,6a4e1e7e3e1e6feb7f6b4d02,ORD-000088,,,,,,not_found,YarnCone not found,,,
7750,6a4e1e7e3e1e6feb7f6b4d03,ORD-000088,,,,,,not_found,YarnCone not found,,,
7751,6a4e1e7e3e1e6feb7f6b4d04,ORD-000088,,,,,,not_found,YarnCone not found,,,
7752,6a4e1e7e3e1e6feb7f6b4d05,ORD-000088,,,,,,not_found,YarnCone not found,,,
7753,6a4e1e7e3e1e6feb7f6b4d06,ORD-000088,,,,,,not_found,YarnCone not found,,,
7754,6a4e1e7e3e1e6feb7f6b4d07,ORD-000088,,,,,,not_found,YarnCone not found,,,
7755,6a4e1e7e3e1e6feb7f6b4d08,ORD-000088,,,,,,not_found,YarnCone not found,,,
7756,6a4e1e7e3e1e6feb7f6b4d09,ORD-000088,,,,,,not_found,YarnCone not found,,,
7757,6a4e1e7e3e1e6feb7f6b4d0a,ORD-000088,,,,,,not_found,YarnCone not found,,,
7758,6a4e1e7e3e1e6feb7f6b4d0b,ORD-000088,,,,,,not_found,YarnCone not found,,,
7759,6a4e1e7e3e1e6feb7f6b4d0c,ORD-000088,,,,,,not_found,YarnCone not found,,,
7760,6a4e1e7e3e1e6feb7f6b4d0d,ORD-000088,,,,,,not_found,YarnCone not found,,,
7761,6a4e1e7e3e1e6feb7f6b4d0e,ORD-000088,,,,,,not_found,YarnCone not found,,,
7762,6a4e1e7e3e1e6feb7f6b4d0f,ORD-000088,,,,,,not_found,YarnCone not found,,,
7763,6a4e1e7e3e1e6feb7f6b4d10,ORD-000088,,,,,,not_found,YarnCone not found,,,
7764,6a4e1e7e3e1e6feb7f6b4d11,ORD-000088,,,,,,not_found,YarnCone not found,,,
7765,6a4e1e7e3e1e6feb7f6b4d12,ORD-000088,,,,,,not_found,YarnCone not found,,,
7766,6a4e1e7e3e1e6feb7f6b4d14,ORD-000088,,,,,,not_found,YarnCone not found,,,
7767,6a4e1e7e3e1e6feb7f6b4d15,ORD-000088,,,,,,not_found,YarnCone not found,,,
7768,6a4e1e7e3e1e6feb7f6b4d16,ORD-000088,,,,,,not_found,YarnCone not found,,,
7769,6a4e40103e1e6feb7f6ba680,ORD-000088,,,,,,not_found,YarnCone not found,,,
7770,6a4e40103e1e6feb7f6ba681,ORD-000088,,,,,,not_found,YarnCone not found,,,
7771,6a4e40103e1e6feb7f6ba685,ORD-000088,,,,,,not_found,YarnCone not found,,,
7772,6a4e43d53e1e6feb7f6baf52,ORD-000088,,,,,,not_found,YarnCone not found,,,
7773,6a4e43d53e1e6feb7f6baf54,ORD-000090,,,,,,not_found,YarnCone not found,,,
7774,6a4e43d53e1e6feb7f6baf56,ORD-000088,,,,,,not_found,YarnCone not found,,,
7775,6a4e43d53e1e6feb7f6baf57,ORD-000088,,,,,,not_found,YarnCone not found,,,
7776,6a4e43d53e1e6feb7f6baf5a,ORD-000088,,,,,,not_found,YarnCone not found,,,
7777,6a4e43d53e1e6feb7f6baf5d,ORD-000088,,,,,,not_found,YarnCone not found,,,
7778,6a4e43d53e1e6feb7f6baf64,ORD-000085,,,,,,not_found,YarnCone not found,,,
7779,6a4e43d53e1e6feb7f6baf65,ORD-000088,,,,,,not_found,YarnCone not found,,,
7780,6a4e43d53e1e6feb7f6baf66,ORD-000085,,,,,,not_found,YarnCone not found,,,
7781,6a4e43d53e1e6feb7f6baf68,ORD-000083,,,,,,not_found,YarnCone not found,,,
7782,6a4e43d53e1e6feb7f6baf6d,ORD-000088,,,,,,not_found,YarnCone not found,,,
7783,6a4e43d53e1e6feb7f6baf71,ORD-000085,,,,,,not_found,YarnCone not found,,,
7784,6a4f18c63e1e6feb7f6c0758,ORD-000088,,,,,,not_found,YarnCone not found,,,
7785,6a4f18c63e1e6feb7f6c0759,ORD-000088,,,,,,not_found,YarnCone not found,,,
7786,6a4f18c63e1e6feb7f6c075b,ORD-000088,,,,,,not_found,YarnCone not found,,,
7787,6a4f18c63e1e6feb7f6c075d,ORD-000088,,,,,,not_found,YarnCone not found,,,
7788,6a4f18c63e1e6feb7f6c075e,ORD-000088,,,,,,not_found,YarnCone not found,,,
7789,6a4f18c63e1e6feb7f6c0761,ORD-000088,,,,,,not_found,YarnCone not found,,,
7790,6a4f18c63e1e6feb7f6c0762,ORD-000088,,,,,,not_found,YarnCone not found,,,
7791,6a4f18c63e1e6feb7f6c0763,ORD-000088,,,,,,not_found,YarnCone not found,,,
7792,6a4f18c63e1e6feb7f6c0765,ORD-000088,,,,,,not_found,YarnCone not found,,,
7793,6a4f18c63e1e6feb7f6c0766,ORD-000088,,,,,,not_found,YarnCone not found,,,
7794,6a4f18c63e1e6feb7f6c0767,ORD-000088,,,,,,not_found,YarnCone not found,,,
7795,6a4f18c63e1e6feb7f6c0768,ORD-000088,,,,,,not_found,YarnCone not found,,,
7796,6a4f18c63e1e6feb7f6c0769,ORD-000088,,,,,,not_found,YarnCone not found,,,
7797,6a4f18c63e1e6feb7f6c076a,ORD-000088,,,,,,not_found,YarnCone not found,,,
7798,6a4f18c63e1e6feb7f6c076b,ORD-000088,,,,,,not_found,YarnCone not found,,,
7799,6a4f18c63e1e6feb7f6c076d,ORD-000088,,,,,,not_found,YarnCone not found,,,
7800,6a4f18c63e1e6feb7f6c076e,ORD-000088,,,,,,not_found,YarnCone not found,,,
7801,6a4f18c63e1e6feb7f6c076f,ORD-000083,,,,,,not_found,YarnCone not found,,,
7802,6a4f18c63e1e6feb7f6c0771,ORD-000088,,,,,,not_found,YarnCone not found,,,
7803,6a4f18c63e1e6feb7f6c0772,ORD-000088,,,,,,not_found,YarnCone not found,,,
7804,6a4f28033e1e6feb7f6c2a54,ORD-000088,,,,,,not_found,YarnCone not found,,,
7805,6a4f28033e1e6feb7f6c2a55,ORD-000087,,,,,,not_found,YarnCone not found,,,
7806,6a4f28033e1e6feb7f6c2a57,ORD-000088,,,,,,not_found,YarnCone not found,,,
7807,6a4f28033e1e6feb7f6c2a59,ORD-000086,,,,,,not_found,YarnCone not found,,,
7808,6a4f3b89745990fe538ecb03,ORD-000088,,,,,,not_found,YarnCone not found,,,
7809,6a4f3b89745990fe538ecb07,ORD-000085,,,,,,not_found,YarnCone not found,,,
7810,6a4f3b89745990fe538ecb0d,ORD-000085,,,,,,not_found,YarnCone not found,,,
7811,6a4f3be2745990fe538ecdb8,ORD-000081,,,,,,not_found,YarnCone not found,,,
7812,6a4f3be2745990fe538ecdbd,ORD-000088,,,,,,not_found,YarnCone not found,,,
7813,6a4f580f745990fe538f1030,ORD-000088,,,,,,not_found,YarnCone not found,,,
7814,6a4f580f745990fe538f1033,ORD-000088,,,,,,not_found,YarnCone not found,,,
7815,6a4f580f745990fe538f1035,ORD-000088,,,,,,not_found,YarnCone not found,,,
7816,6a4f580f745990fe538f1036,ORD-000088,,,,,,not_found,YarnCone not found,,,
7817,6a4f66d9745990fe538f3ce7,ORD-000088,,,,,,not_found,YarnCone not found,,,
7818,6a4f66d9745990fe538f3ce8,ORD-000088,,,,,,not_found,YarnCone not found,,,
7819,6a4f66d9745990fe538f3ce9,ORD-000088,,,,,,not_found,YarnCone not found,,,
7820,6a4f66d9745990fe538f3ceb,ORD-000085,,,,,,not_found,YarnCone not found,,,
7821,6a4f66d9745990fe538f3cec,ORD-000088,,,,,,not_found,YarnCone not found,,,
7822,6a4f66d9745990fe538f3cf0,ORD-000088,,,,,,not_found,YarnCone not found,,,
7823,6a4f66d9745990fe538f3cf1,ORD-000088,,,,,,not_found,YarnCone not found,,,
7824,6a4f66d9745990fe538f3cf3,ORD-000085,,,,,,not_found,YarnCone not found,,,
7825,6a4f66d9745990fe538f3cf4,ORD-000085,,,,,,not_found,YarnCone not found,,,
7826,6a4f66d9745990fe538f3cf5,ORD-000088,,,,,,not_found,YarnCone not found,,,
7827,6a4f66d9745990fe538f3cf6,ORD-000085,,,,,,not_found,YarnCone not found,,,
7828,6a4f66d9745990fe538f3cf7,ORD-000088,,,,,,not_found,YarnCone not found,,,
7829,6a4f66d9745990fe538f3cf8,ORD-000085,,,,,,not_found,YarnCone not found,,,
7830,6a4f66d9745990fe538f3cf9,ORD-000085,,,,,,not_found,YarnCone not found,,,
7831,6a4f66d9745990fe538f3cfb,ORD-000085,,,,,,not_found,YarnCone not found,,,
7832,6a4f66d9745990fe538f3cfc,ORD-000085,,,,,,not_found,YarnCone not found,,,
7833,6a4f66d9745990fe538f3cfd,ORD-000088,,,,,,not_found,YarnCone not found,,,
7834,6a4f8226745990fe538fa206,ORD-000089,,,,,,not_found,YarnCone not found,,,
7835,6a4f8226745990fe538fa20c,ORD-000087,,,,,,not_found,YarnCone not found,,,
7836,6a4f8226745990fe538fa210,ORD-000087,,,,,,not_found,YarnCone not found,,,
7837,6a506c57745990fe53900aeb,ORD-000087,,,,,,not_found,YarnCone not found,,,
7838,6a506c57745990fe53900aee,ORD-000086,,,,,,not_found,YarnCone not found,,,
7839,6a5078c4745990fe53901e13,ORD-000076,,,,,,not_found,YarnCone not found,,,
7840,6a5078c4745990fe53901e14,ORD-000076,,,,,,not_found,YarnCone not found,,,
7841,6a5078c4745990fe53901e15,ORD-000076,,,,,,not_found,YarnCone not found,,,
7842,6a507b38745990fe5390249b,ORD-000089,,,,,,not_found,YarnCone not found,,,
7843,6a507b38745990fe5390249c,ORD-000087,,,,,,not_found,YarnCone not found,,,
7844,6a507b38745990fe539024a0,ORD-000087,,,,,,not_found,YarnCone not found,,,
7845,6a507b38745990fe539024a1,ORD-000089,,,,,,not_found,YarnCone not found,,,
7846,6a507b38745990fe539024a4,ORD-000089,,,,,,not_found,YarnCone not found,,,
7847,6a507b38745990fe539024a5,ORD-000087,,,,,,not_found,YarnCone not found,,,
7848,6a507b38745990fe539024a7,ORD-000089,,,,,,not_found,YarnCone not found,,,
7849,6a507b38745990fe539024a8,ORD-000089,,,,,,not_found,YarnCone not found,,,
7850,6a507b38745990fe539024aa,ORD-000089,,,,,,not_found,YarnCone not found,,,
7851,6a507b38745990fe539024ac,ORD-000089,,,,,,not_found,YarnCone not found,,,
7852,6a507b38745990fe539024ad,ORD-000089,,,,,,not_found,YarnCone not found,,,
7853,6a507b38745990fe539024ae,ORD-000089,,,,,,not_found,YarnCone not found,,,
7854,6a507b38745990fe539024b6,ORD-000089,,,,,,not_found,YarnCone not found,,,
7855,6a507b38745990fe539024b8,ORD-000089,,,,,,not_found,YarnCone not found,,,
7856,6a507b38745990fe539024b9,ORD-000089,,,,,,not_found,YarnCone not found,,,
7857,6a507b38745990fe539024ba,ORD-000087,,,,,,not_found,YarnCone not found,,,
7858,6a507b38745990fe539024bb,ORD-000089,,,,,,not_found,YarnCone not found,,,
7859,6a507b38745990fe539024bc,ORD-000087,,,,,,not_found,YarnCone not found,,,
7860,6a507b38745990fe539024be,ORD-000089,,,,,,not_found,YarnCone not found,,,
7861,6a507b38745990fe539024c0,ORD-000089,,,,,,not_found,YarnCone not found,,,
7862,6a507b38745990fe539024c1,ORD-000089,,,,,,not_found,YarnCone not found,,,
7863,6a507cae745990fe53902cae,ORD-000091,,,,,,not_found,YarnCone not found,,,
7864,6a507eb0745990fe539031ea,ORD-000087,,,,,,not_found,YarnCone not found,,,
7865,6a507eb0745990fe539031ed,ORD-000087,,,,,,not_found,YarnCone not found,,,
7866,6a507eb0745990fe539031ee,ORD-000087,,,,,,not_found,YarnCone not found,,,
7867,6a507eb0745990fe539031f0,ORD-000087,,,,,,not_found,YarnCone not found,,,
7868,6a507eb0745990fe539031f2,ORD-000087,,,,,,not_found,YarnCone not found,,,
7869,6a507eb0745990fe539031f3,ORD-000087,,,,,,not_found,YarnCone not found,,,
7870,6a507f21745990fe539032ac,ORD-000076,,,,,,not_found,YarnCone not found,,,
7871,6a507f21745990fe539032b0,ORD-000082,,,,,,not_found,YarnCone not found,,,
7872,6a507f21745990fe539032b5,ORD-000082,,,,,,not_found,YarnCone not found,,,
7873,6a507f21745990fe539032b6,ORD-000076,,,,,,not_found,YarnCone not found,,,
7874,6a507f21745990fe539032b7,ORD-000076,,,,,,not_found,YarnCone not found,,,
7875,6a507f21745990fe539032ba,ORD-000075,,,,,,not_found,YarnCone not found,,,
7876,6a508dde97f9121287ebf8c7,ORD-000076,,,,,,not_found,YarnCone not found,,,
7877,6a508e0e97f9121287ebf981,ORD-000089,,,,,,not_found,YarnCone not found,,,
7878,6a508e0e97f9121287ebf982,ORD-000089,,,,,,not_found,YarnCone not found,,,
7879,6a508e0e97f9121287ebf983,ORD-000089,,,,,,not_found,YarnCone not found,,,
7880,6a508e0e97f9121287ebf985,ORD-000089,,,,,,not_found,YarnCone not found,,,
7881,6a508e0e97f9121287ebf986,ORD-000089,,,,,,not_found,YarnCone not found,,,
7882,6a508e0e97f9121287ebf987,ORD-000089,,,,,,not_found,YarnCone not found,,,
7883,6a508e0e97f9121287ebf988,ORD-000089,,,,,,not_found,YarnCone not found,,,
7884,6a508e0e97f9121287ebf989,ORD-000089,,,,,,not_found,YarnCone not found,,,
7885,6a508e2497f9121287ebfa5f,ORD-000089,,,,,,not_found,YarnCone not found,,,
7886,6a508e2497f9121287ebfa61,ORD-000076,,,,,,not_found,YarnCone not found,,,
7887,6a508e2497f9121287ebfa68,ORD-000076,,,,,,not_found,YarnCone not found,,,
7888,6a509738889fc313d4c0fab2,ORD-000089,,,,,,not_found,YarnCone not found,,,
7889,6a509738889fc313d4c0fab3,ORD-000085,,,,,,not_found,YarnCone not found,,,
7890,6a509738889fc313d4c0fab5,ORD-000042,,,,,,not_found,YarnCone not found,,,
7891,6a509738889fc313d4c0fab6,ORD-000042,,,,,,not_found,YarnCone not found,,,
7892,6a509738889fc313d4c0fab8,ORD-000085,,,,,,not_found,YarnCone not found,,,
7893,6a509738889fc313d4c0fabb,ORD-000089,,,,,,not_found,YarnCone not found,,,
7894,6a509738889fc313d4c0fabd,ORD-000030,,,,,,not_found,YarnCone not found,,,
7895,6a509738889fc313d4c0fabe,ORD-000042,,,,,,not_found,YarnCone not found,,,
7896,6a509738889fc313d4c0fabf,ORD-000085,,,,,,not_found,YarnCone not found,,,
7897,6a509738889fc313d4c0fac3,ORD-000089,,,,,,not_found,YarnCone not found,,,
7898,6a509738889fc313d4c0fac4,ORD-000089,,,,,,not_found,YarnCone not found,,,
7899,6a509738889fc313d4c0fac6,ORD-000089,,,,,,not_found,YarnCone not found,,,
7900,6a509771889fc313d4c0fc77,ORD-000030,,,,,,not_found,YarnCone not found,,,
7901,6a509771889fc313d4c0fc78,ORD-000085,,,,,,not_found,YarnCone not found,,,
7902,6a509771889fc313d4c0fc7a,ORD-000030,,,,,,not_found,YarnCone not found,,,
7903,6a509771889fc313d4c0fc7d,ORD-000091,,,,,,not_found,YarnCone not found,,,
7904,6a509771889fc313d4c0fc86,ORD-000088,,,,,,not_found,YarnCone not found,,,
7905,6a509771889fc313d4c0fc88,ORD-000088,,,,,,not_found,YarnCone not found,,,
7906,6a50b48f4b4c341685d4f9f5,ORD-000087,,,,,,not_found,YarnCone not found,,,
7907,6a50b48f4b4c341685d4fa0a,ORD-000087,,,,,,not_found,YarnCone not found,,,
7908,6a50c0464b4c341685d5158f,ORD-000087,,,,,,not_found,YarnCone not found,,,
7909,6a50c0464b4c341685d51590,ORD-000087,,,,,,not_found,YarnCone not found,,,
7910,6a50c0464b4c341685d51591,ORD-000087,,,,,,not_found,YarnCone not found,,,
7911,6a50c0464b4c341685d51592,ORD-000088,,,,,,not_found,YarnCone not found,,,
7912,6a50c0464b4c341685d51594,ORD-000088,,,,,,not_found,YarnCone not found,,,
7913,6a50c0464b4c341685d51596,ORD-000088,,,,,,not_found,YarnCone not found,,,
7914,6a50c0464b4c341685d51597,ORD-000087,,,,,,not_found,YarnCone not found,,,
7915,6a50c0464b4c341685d51599,ORD-000088,,,,,,not_found,YarnCone not found,,,
7916,6a50c0464b4c341685d515a0,ORD-000088,,,,,,not_found,YarnCone not found,,,
7917,6a50c0464b4c341685d515a8,ORD-000088,,,,,,not_found,YarnCone not found,,,
7918,6a50c0464b4c341685d515a9,ORD-000087,,,,,,not_found,YarnCone not found,,,
7919,6a50c0464b4c341685d515ab,ORD-000088,,,,,,not_found,YarnCone not found,,,
7920,6a50c0464b4c341685d515ad,ORD-000088,,,,,,not_found,YarnCone not found,,,
7921,6a50c0464b4c341685d515af,ORD-000087,,,,,,not_found,YarnCone not found,,,
7922,6a50c0464b4c341685d515b3,ORD-000087,,,,,,not_found,YarnCone not found,,,
7923,6a50c0464b4c341685d515b5,ORD-000088,,,,,,not_found,YarnCone not found,,,
7924,6a50c0464b4c341685d515b6,ORD-000087,,,,,,not_found,YarnCone not found,,,
7925,6a50c0f64b4c341685d5185e,ORD-000087,,,,,,not_found,YarnCone not found,,,
7926,6a50c0f64b4c341685d51868,ORD-000087,,,,,,not_found,YarnCone not found,,,
7927,6a50c0f64b4c341685d5186e,ORD-000087,,,,,,not_found,YarnCone not found,,,
7928,6a50cf294b4c341685d54532,ORD-000087,,,,,,not_found,YarnCone not found,,,
7929,6a50cf294b4c341685d54534,ORD-000087,,,,,,not_found,YarnCone not found,,,
7930,6a51b9db22d3d91af324fa63,ORD-000085,,,,,,not_found,YarnCone not found,,,
7931,6a51b9db22d3d91af324fa6b,ORD-000085,,,,,,not_found,YarnCone not found,,,
7932,6a51b9db22d3d91af324fa6f,ORD-000091,,,,,,not_found,YarnCone not found,,,
7933,6a51b9db22d3d91af324fa70,ORD-000085,,,,,,not_found,YarnCone not found,,,
7934,6a51b9db22d3d91af324fa75,ORD-000091,,,,,,not_found,YarnCone not found,,,
7935,6a51b9db22d3d91af324fa79,ORD-000091,,,,,,not_found,YarnCone not found,,,
7936,6a51b9db22d3d91af324fa7c,ORD-000085,,,,,,not_found,YarnCone not found,,,
7937,6a51b9db22d3d91af324fa81,ORD-000091,,,,,,not_found,YarnCone not found,,,
7938,6a51b9db22d3d91af324fa85,ORD-000085,,,,,,not_found,YarnCone not found,,,
7939,6a51b9db22d3d91af324fa88,ORD-000085,,,,,,not_found,YarnCone not found,,,
7940,6a51b9db22d3d91af324fa8a,ORD-000085,,,,,,not_found,YarnCone not found,,,
7941,6a51baa122d3d91af324fed6,ORD-000082,,,,,,not_found,YarnCone not found,,,
7942,6a51dbc222d3d91af3253b1b,ORD-000081,,,,,,not_found,YarnCone not found,,,
7943,6a51dd3b22d3d91af3254223,ORD-000082,,,,,,not_found,YarnCone not found,,,
7944,6a51dd3b22d3d91af3254235,ORD-000082,,,,,,not_found,YarnCone not found,,,
7945,6a51ddd822d3d91af3254671,ORD-000088,,,,,,not_found,YarnCone not found,,,
7946,6a51ddd822d3d91af3254672,ORD-000089,,,,,,not_found,YarnCone not found,,,
7947,6a51ddd822d3d91af3254673,ORD-000089,,,,,,not_found,YarnCone not found,,,
7948,6a51ddd822d3d91af3254676,ORD-000089,,,,,,not_found,YarnCone not found,,,
7949,6a51ddd822d3d91af325467b,ORD-000088,,,,,,not_found,YarnCone not found,,,
7950,6a51ddd822d3d91af325467e,ORD-000089,,,,,,not_found,YarnCone not found,,,
7951,6a51ddd822d3d91af3254680,ORD-000088,,,,,,not_found,YarnCone not found,,,
7952,6a51ddd822d3d91af3254682,ORD-000088,,,,,,not_found,YarnCone not found,,,
7953,6a51ddd822d3d91af3254683,ORD-000088,,,,,,not_found,YarnCone not found,,,
7954,6a51ecb022d3d91af3256c70,ORD-000088,,,,,,not_found,YarnCone not found,,,
7955,6a51ecb022d3d91af3256c73,ORD-000087,,,,,,not_found,YarnCone not found,,,
7956,6a51ecb022d3d91af3256c7c,ORD-000075,,,,,,not_found,YarnCone not found,,,
7957,6a51ecb022d3d91af3256c89,ORD-000088,,,,,,not_found,YarnCone not found,,,
7958,6a51ecb022d3d91af3256c8a,ORD-000088,,,,,,not_found,YarnCone not found,,,
7959,6a51ecb022d3d91af3256c8b,ORD-000087,,,,,,not_found,YarnCone not found,,,
7960,6a51ecb022d3d91af3256c8c,ORD-000087,,,,,,not_found,YarnCone not found,,,
7961,6a51ecb022d3d91af3256c8d,ORD-000088,,,,,,not_found,YarnCone not found,,,
7962,6a51ecb022d3d91af3256c8e,ORD-000075,,,,,,not_found,YarnCone not found,,,
7963,6a51ecb022d3d91af3256c8f,ORD-000087,,,,,,not_found,YarnCone not found,,,
7964,6a52061c22d3d91af3259d1c,ORD-000086,,,,,,not_found,YarnCone not found,,,
7965,6a52068a22d3d91af3259e52,ORD-000089,,,,,,not_found,YarnCone not found,,,
7966,6a52068a22d3d91af3259e63,ORD-000087,,,,,,not_found,YarnCone not found,,,
7967,6a52068a22d3d91af3259e67,ORD-000089,,,,,,not_found,YarnCone not found,,,
7968,6a52068a22d3d91af3259e68,ORD-000087,,,,,,not_found,YarnCone not found,,,
7969,6a52074a22d3d91af3259f9b,ORD-000087,,,,,,not_found,YarnCone not found,,,
7970,6a52074a22d3d91af3259f9c,ORD-000087,,,,,,not_found,YarnCone not found,,,
7971,6a52074a22d3d91af3259fa4,ORD-000088,,,,,,not_found,YarnCone not found,,,
7972,6a52074a22d3d91af3259fa9,ORD-000088,,,,,,not_found,YarnCone not found,,,
7973,6a52074a22d3d91af3259faa,ORD-000088,,,,,,not_found,YarnCone not found,,,
7974,6a52074a22d3d91af3259fad,ORD-000088,,,,,,not_found,YarnCone not found,,,
7975,6a52074a22d3d91af3259fb9,ORD-000087,,,,,,not_found,YarnCone not found,,,
7976,6a52074a22d3d91af3259fba,ORD-000088,,,,,,not_found,YarnCone not found,,,
7977,6a52074a22d3d91af3259fbb,ORD-000088,,,,,,not_found,YarnCone not found,,,
7978,6a521e6c22d3d91af325dc2d,ORD-000089,,,,,,not_found,YarnCone not found,,,
7979,6a545c5c22d3d91af3266d68,ORD-000086,,,,,,not_found,YarnCone not found,,,
7980,6a5464ff22d3d91af3267f33,ORD-000086,,,,,,not_found,YarnCone not found,,,
7981,6a5487ca22d3d91af326dacf,ORD-000083,,,,,,not_found,YarnCone not found,,,
7982,6a54bbb422d3d91af3294db8,ORD-000088,,,,,,not_found,YarnCone not found,,,
7983,6a54bc9922d3d91af3295ae1,ORD-000086,,,,,,not_found,YarnCone not found,,,
7984,6a54bc9922d3d91af3295ae5,ORD-000086,,,,,,not_found,YarnCone not found,,,
7985,6a54bc9922d3d91af3295aff,ORD-000086,,,,,,not_found,YarnCone not found,,,
7986,6a54cdbe22d3d91af32a3b4f,ORD-000088,,,,,,not_found,YarnCone not found,,,
7987,6a54cdbe22d3d91af32a3b5d,ORD-000088,,,,,,not_found,YarnCone not found,,,
7988,6a54cdbe22d3d91af32a3b61,ORD-000088,,,,,,not_found,YarnCone not found,,,
7989,6a55b15d22d3d91af32aca0b,ORD-000076,,,,,,not_found,YarnCone not found,,,
7990,6a55b15d22d3d91af32aca1b,ORD-000076,,,,,,not_found,YarnCone not found,,,
7991,6a55c56822d3d91af32bead5,ORD-000091,,,,,,not_found,YarnCone not found,,,
7992,6a55c56822d3d91af32bead8,ORD-000091,,,,,,not_found,YarnCone not found,,,
7993,6a55c56822d3d91af32beada,ORD-000091,,,,,,not_found,YarnCone not found,,,
7994,6a55c56822d3d91af32beadd,ORD-000091,,,,,,not_found,YarnCone not found,,,
7995,6a55c56822d3d91af32beaf2,ORD-000088,,,,,,not_found,YarnCone not found,,,
7996,6a55c56822d3d91af32beaf4,ORD-000088,,,,,,not_found,YarnCone not found,,,
7997,6a55c56822d3d91af32beaf5,ORD-000091,,,,,,not_found,YarnCone not found,,,
7998,6a55c56822d3d91af32beaf8,ORD-000091,,,,,,not_found,YarnCone not found,,,
7999,6a55c56822d3d91af32beaf9,ORD-000091,,,,,,not_found,YarnCone not found,,,
8000,6a55c56822d3d91af32beafa,ORD-000091,,,,,,not_found,YarnCone not found,,,
8001,6a55d99d2bbbfe5385033bfe,ORD-000088,,,,,,not_found,YarnCone not found,,,
8002,6a55d99d2bbbfe5385033bff,ORD-000088,,,,,,not_found,YarnCone not found,,,
8003,6a55dd7cd4100c5740bf6817,ORD-000087,,,,,,not_found,YarnCone not found,,,
8004,6a55e5cfd4100c5740bfd135,ORD-000082,,,,,,not_found,YarnCone not found,,,
8005,6a55f2d5d4100c5740c04280,ORD-000091,,,,,,not_found,YarnCone not found,,,
8006,6a55f2d5d4100c5740c04284,ORD-000088,,,,,,not_found,YarnCone not found,,,
8007,6a55f2d5d4100c5740c04285,ORD-000086,,,,,,not_found,YarnCone not found,,,
8008,6a55f2d5d4100c5740c04286,ORD-000091,,,,,,not_found,YarnCone not found,,,
8009,6a55f2d5d4100c5740c04287,ORD-000091,,,,,,not_found,YarnCone not found,,,
8010,6a55f2d5d4100c5740c04288,ORD-000089,,,,,,not_found,YarnCone not found,,,
8011,6a55f2d5d4100c5740c0428a,ORD-000089,,,,,,not_found,YarnCone not found,,,
8012,6a55f2d5d4100c5740c0428b,ORD-000091,,,,,,not_found,YarnCone not found,,,
8013,6a55f2d5d4100c5740c0428e,ORD-000089,,,,,,not_found,YarnCone not found,,,
8014,6a55f2d5d4100c5740c04290,ORD-000086,,,,,,not_found,YarnCone not found,,,
8015,6a55f35cd4100c5740c0496c,ORD-000089,,,,,,not_found,YarnCone not found,,,
8016,6a55f35cd4100c5740c0496d,ORD-000091,,,,,,not_found,YarnCone not found,,,
8017,6a55f35cd4100c5740c04970,ORD-000091,,,,,,not_found,YarnCone not found,,,
8018,6a55f35cd4100c5740c04971,ORD-000091,,,,,,not_found,YarnCone not found,,,
8019,6a55f35cd4100c5740c04972,ORD-000091,,,,,,not_found,YarnCone not found,,,
8020,6a55f35cd4100c5740c04973,ORD-000091,,,,,,not_found,YarnCone not found,,,
8021,6a55f35cd4100c5740c04976,ORD-000091,,,,,,not_found,YarnCone not found,,,
8022,6a55f35cd4100c5740c04980,ORD-000091,,,,,,not_found,YarnCone not found,,,
8023,6a55f35cd4100c5740c04983,ORD-000089,,,,,,not_found,YarnCone not found,,,
8024,6a55f35cd4100c5740c04984,ORD-000091,,,,,,not_found,YarnCone not found,,,
8025,6a55f35cd4100c5740c04985,ORD-000091,,,,,,not_found,YarnCone not found,,,
8026,6a55f35cd4100c5740c04986,ORD-000091,,,,,,not_found,YarnCone not found,,,
8027,6a55f35cd4100c5740c04987,ORD-000091,,,,,,not_found,YarnCone not found,,,
8028,6a55f35cd4100c5740c04988,ORD-000091,,,,,,not_found,YarnCone not found,,,
8029,6a55f35cd4100c5740c0498a,ORD-000091,,,,,,not_found,YarnCone not found,,,
8030,6a55f35cd4100c5740c0498c,ORD-000091,,,,,,not_found,YarnCone not found,,,
8031,6a55fad5d4100c5740c0e2fa,ORD-000089,,,,,,not_found,YarnCone not found,,,
8032,6a55fad5d4100c5740c0e2fc,ORD-000089,,,,,,not_found,YarnCone not found,,,
8033,6a55fad5d4100c5740c0e302,ORD-000089,,,,,,not_found,YarnCone not found,,,
8034,6a55fad5d4100c5740c0e307,ORD-000091,,,,,,not_found,YarnCone not found,,,
8035,6a561472d4100c5740c2a054,ORD-000087,,,,,,not_found,YarnCone not found,,,
8036,6a561472d4100c5740c2a055,ORD-000087,,,,,,not_found,YarnCone not found,,,
8037,6a5617a4d4100c5740c2e8ba,ORD-000089,,,,,,not_found,YarnCone not found,,,
8038,6a5617a4d4100c5740c2e8be,ORD-000089,,,,,,not_found,YarnCone not found,,,
8039,6a571089d4100c5740c3febb,ORD-000086,,,,,,not_found,YarnCone not found,,,
8040,6a571089d4100c5740c3febc,ORD-000086,,,,,,not_found,YarnCone not found,,,
8041,6a571089d4100c5740c3febd,ORD-000086,,,,,,not_found,YarnCone not found,,,
8042,6a571089d4100c5740c3febf,ORD-000086,,,,,,not_found,YarnCone not found,,,
8043,6a571089d4100c5740c3fec1,ORD-000086,,,,,,not_found,YarnCone not found,,,
8044,6a571089d4100c5740c3fec2,ORD-000086,,,,,,not_found,YarnCone not found,,,
8045,6a571089d4100c5740c3fec3,ORD-000086,,,,,,not_found,YarnCone not found,,,
8046,6a571089d4100c5740c3fec4,ORD-000086,,,,,,not_found,YarnCone not found,,,
8047,6a571089d4100c5740c3fec5,ORD-000086,,,,,,not_found,YarnCone not found,,,
8048,6a571089d4100c5740c3fec6,ORD-000086,,,,,,not_found,YarnCone not found,,,
8049,6a571089d4100c5740c3fec7,ORD-000086,,,,,,not_found,YarnCone not found,,,
8050,6a571089d4100c5740c3feca,ORD-000086,,,,,,not_found,YarnCone not found,,,
8051,6a571089d4100c5740c3fecb,ORD-000086,,,,,,not_found,YarnCone not found,,,
8052,6a574f9024c689677f3e120f,ORD-000087,,,,,,not_found,YarnCone not found,,,
8053,6a574f9024c689677f3e1213,ORD-000087,,,,,,not_found,YarnCone not found,,,
8054,6a574f9024c689677f3e1214,ORD-000087,,,,,,not_found,YarnCone not found,,,
8055,6a574f9024c689677f3e121c,ORD-000087,,,,,,not_found,YarnCone not found,,,
8056,6a574f9024c689677f3e1228,ORD-000089,,,,,,not_found,YarnCone not found,,,
8057,6a57628fac168d69892e4136,ORD-000089,,,,,,not_found,YarnCone not found,,,
8058,6a576ce1ac168d69892e8c42,ORD-000089,,,,,,not_found,YarnCone not found,,,
8059,6a576ce1ac168d69892e8c45,ORD-000086,,,,,,not_found,YarnCone not found,,,
8060,6a576ce1ac168d69892e8c46,ORD-000089,,,,,,not_found,YarnCone not found,,,
8061,6a576ce1ac168d69892e8c52,ORD-000091,,,,,,not_found,YarnCone not found,,,
8062,6a577569ac168d69892e9555,ORD-000089,,,,,,not_found,YarnCone not found,,,
8063,6a577569ac168d69892e9559,ORD-000089,,,,,,not_found,YarnCone not found,,,
8064,6a586998ac168d69892fda95,ORD-000089,,,,,,not_found,YarnCone not found,,,
8065,6a586998ac168d69892fda96,ORD-000089,,,,,,not_found,YarnCone not found,,,
8066,6a586998ac168d69892fda9a,ORD-000089,,,,,,not_found,YarnCone not found,,,
8067,6a586f34ac168d6989302b6d,ORD-000091,,,,,,not_found,YarnCone not found,,,
8068,6a586f34ac168d6989302b6f,ORD-000091,,,,,,not_found,YarnCone not found,,,
8069,6a586f34ac168d6989302b71,ORD-000091,,,,,,not_found,YarnCone not found,,,
8070,6a586f34ac168d6989302b73,ORD-000082,,,,,,not_found,YarnCone not found,,,
8071,6a586f34ac168d6989302b74,ORD-000082,,,,,,not_found,YarnCone not found,,,
8072,6a586f34ac168d6989302b77,ORD-000082,,,,,,not_found,YarnCone not found,,,
8073,6a58736eac168d6989306ff1,ORD-000042,,,,,,not_found,YarnCone not found,,,
8074,6a58736eac168d6989306ff3,ORD-000042,,,,,,not_found,YarnCone not found,,,
8075,6a58736eac168d6989306ff5,ORD-000089,,,,,,not_found,YarnCone not found,,,
8076,6a58736eac168d6989306ff8,ORD-000089,,,,,,not_found,YarnCone not found,,,
8077,6a58736eac168d6989306ff9,ORD-000089,,,,,,not_found,YarnCone not found,,,
8078,6a58736eac168d6989306ffc,ORD-000085,,,,,,not_found,YarnCone not found,,,
8079,6a58736eac168d6989307007,ORD-000042,,,,,,not_found,YarnCone not found,,,
8080,6a587e72ac168d69893102ad,ORD-000089,,,,,,not_found,YarnCone not found,,,
8081,6a587e72ac168d69893102b2,ORD-000089,,,,,,not_found,YarnCone not found,,,
8082,6a587e72ac168d69893102b5,ORD-000089,,,,,,not_found,YarnCone not found,,,
8083,6a587e72ac168d69893102b6,ORD-000089,,,,,,not_found,YarnCone not found,,,
8084,6a587e72ac168d69893102b8,ORD-000089,,,,,,not_found,YarnCone not found,,,
8085,6a587e72ac168d69893102ba,ORD-000089,,,,,,not_found,YarnCone not found,,,
8086,6a587e72ac168d69893102bc,ORD-000089,,,,,,not_found,YarnCone not found,,,
8087,6a587e72ac168d69893102c3,ORD-000089,,,,,,not_found,YarnCone not found,,,
8088,6a587e72ac168d69893102c5,ORD-000089,,,,,,not_found,YarnCone not found,,,
8089,6a587e72ac168d69893102c6,ORD-000089,,,,,,not_found,YarnCone not found,,,
8090,6a587e72ac168d69893102c8,ORD-000089,,,,,,not_found,YarnCone not found,,,
8091,6a587e72ac168d69893102c9,ORD-000089,,,,,,not_found,YarnCone not found,,,
8092,6a587e72ac168d69893102cb,ORD-000089,,,,,,not_found,YarnCone not found,,,
8093,6a587e72ac168d69893102d1,ORD-000089,,,,,,not_found,YarnCone not found,,,
8094,6a5899e9ac168d698932a22e,ORD-000088,,,,,,not_found,YarnCone not found,,,
8095,6a58a574ac168d6989336484,ORD-000089,,,,,,not_found,YarnCone not found,,,
8096,6a58a574ac168d6989336485,ORD-000089,,,,,,not_found,YarnCone not found,,,
8097,6a58aa63ac168d698933781e,ORD-000089,,,,,,not_found,YarnCone not found,,,
8098,6a58b056ac168d6989338877,ORD-000089,,,,,,not_found,YarnCone not found,,,
8099,6a58b056ac168d6989338879,ORD-000089,,,,,,not_found,YarnCone not found,,,
8100,6a58b056ac168d698933887d,ORD-000089,,,,,,not_found,YarnCone not found,,,
8101,6a59a9bfac168d69893446d8,ORD-000089,,,,,,not_found,YarnCone not found,,,
8102,6a59a9bfac168d69893446dc,ORD-000089,,,,,,not_found,YarnCone not found,,,
8103,6a59a9f6ac168d6989344871,ORD-000089,,,,,,not_found,YarnCone not found,,,
8104,6a59a9f6ac168d6989344872,ORD-000089,,,,,,not_found,YarnCone not found,,,
8105,6a59a9f6ac168d6989344882,ORD-000089,,,,,,not_found,YarnCone not found,,,
8106,6a59b342ac168d6989346941,ORD-000089,,,,,,not_found,YarnCone not found,,,
8107,6a59b342ac168d6989346950,ORD-000089,,,,,,not_found,YarnCone not found,,,
8108,6a59b7a1ac168d698934742d,ORD-000089,,,,,,not_found,YarnCone not found,,,
8109,6a59b7a1ac168d698934742f,ORD-000089,,,,,,not_found,YarnCone not found,,,
8110,6a59b7a1ac168d6989347432,ORD-000089,,,,,,not_found,YarnCone not found,,,
8111,6a59b7a1ac168d6989347436,ORD-000089,,,,,,not_found,YarnCone not found,,,
8112,6a59b7a1ac168d6989347439,ORD-000089,,,,,,not_found,YarnCone not found,,,
8113,6a59b7a1ac168d698934743b,ORD-000089,,,,,,not_found,YarnCone not found,,,
8114,6a59b7a1ac168d698934743c,ORD-000089,,,,,,not_found,YarnCone not found,,,
8115,6a59b7a1ac168d698934743e,ORD-000089,,,,,,not_found,YarnCone not found,,,
8116,6a59b7a1ac168d6989347443,ORD-000089,,,,,,not_found,YarnCone not found,,,
8117,6a59b7a1ac168d6989347444,ORD-000089,,,,,,not_found,YarnCone not found,,,
8118,6a59b7a1ac168d6989347445,ORD-000089,,,,,,not_found,YarnCone not found,,,
8119,6a59b7a1ac168d6989347446,ORD-000089,,,,,,not_found,YarnCone not found,,,
8120,6a59b7a1ac168d6989347447,ORD-000089,,,,,,not_found,YarnCone not found,,,
8121,6a59b7a1ac168d6989347449,ORD-000076,,,,,,not_found,YarnCone not found,,,
8122,6a59b7a1ac168d698934744b,ORD-000089,,,,,,not_found,YarnCone not found,,,
8123,6a59b7a1ac168d6989347451,ORD-000089,,,,,,not_found,YarnCone not found,,,
8124,6a59b7a1ac168d6989347452,ORD-000089,,,,,,not_found,YarnCone not found,,,
8125,6a59b7a1ac168d6989347453,ORD-000089,,,,,,not_found,YarnCone not found,,,
8126,6a59c754ac168d698934a140,ORD-000087,,,,,,not_found,YarnCone not found,,,
8127,6a59cf4a29728c97dbc7b1bb,ORD-000091,,,,,,not_found,YarnCone not found,,,
8128,6a5b58e029728c97dbd134a5,ORD-000087,,,,,,not_found,YarnCone not found,,,
8129,6a5b58e029728c97dbd134a6,ORD-000088,,,,,,not_found,YarnCone not found,,,
8130,6a5b58e029728c97dbd134a9,ORD-000088,,,,,,not_found,YarnCone not found,,,
8131,6a5b58e029728c97dbd134aa,ORD-000088,,,,,,not_found,YarnCone not found,,,
8132,6a5b58e029728c97dbd134af,ORD-000088,,,,,,not_found,YarnCone not found,,,
8133,6a5b58e029728c97dbd134b0,ORD-000088,,,,,,not_found,YarnCone not found,,,
8134,6a5b58e029728c97dbd134b2,ORD-000087,,,,,,not_found,YarnCone not found,,,
8135,6a5b58e029728c97dbd134b3,ORD-000087,,,,,,not_found,YarnCone not found,,,
8136,6a5b58e029728c97dbd134b5,ORD-000087,,,,,,not_found,YarnCone not found,,,
8137,6a5b58e029728c97dbd134b6,ORD-000088,,,,,,not_found,YarnCone not found,,,
8138,699c44544583baeaf6e81274,ORD-000022,699c44544583baeaf6e81280,issued,ORD-000022,69d4acca2614366a5d8b8ac7,69d78e47edc59d9ec1028bb4,would_close_cone_and_create_return_txn,Empty-return cone and create 0 kg yarn_returned for latest issue order+article,true,true,
8139,699c44544583baeaf6e81275,ORD-000022,699c44544583baeaf6e81281,issued,ORD-000022,69d4acca2614366a5d8b8ac7,69d78e09edc59d9ec1028acd,would_close_cone_and_create_return_txn,Empty-return cone and create 0 kg yarn_returned for latest issue order+article,true,true,
8140,699c44544583baeaf6e81276,ORD-000022,699c44544583baeaf6e81282,issued,ORD-000022,69d4acca2614366a5d8b8ac7,69d78e2cedc59d9ec1028b5e,would_close_cone_and_create_return_txn,Empty-return cone and create 0 kg yarn_returned for latest issue order+article,true,true,
8141,699c44544583baeaf6e8127b,ORD-000022,699c44544583baeaf6e81287,issued,ORD-000022,69d4acca2614366a5d8b8ac7,69d78e03edc59d9ec1028aad,would_close_cone_and_create_return_txn,Empty-return cone and create 0 kg yarn_returned for latest issue order+article,true,true,
8142,699c44544583baeaf6e8127c,ORD-000022,699c44544583baeaf6e81288,issued,ORD-000022,69d4acca2614366a5d8b8ac7,69d78e14edc59d9ec1028b03,would_close_cone_and_create_return_txn,Empty-return cone and create 0 kg yarn_returned for latest issue order+article,true,true,
8143,699c44544583baeaf6e8127f,ORD-000022,699c44544583baeaf6e8128b,issued,ORD-000022,69d4acca2614366a5d8b8ac7,69d78e27edc59d9ec1028b3e,would_close_cone_and_create_return_txn,Empty-return cone and create 0 kg yarn_returned for latest issue order+article,true,true,
8144,69a4155b93145c5b28552f61,ORD-000083,69a4155b93145c5b28552f83,issued,ORD-000024,69d883c5edc59d9ec1046004,69de057a007e05d7e7414ce7,would_close_cone_and_create_return_txn,Empty-return cone and create 0 kg yarn_returned for latest issue order+article,true,true,
8145,69a564c693145c5b28578c06,ORD-000076,69a564c693145c5b28578c08,not_issued,,,,skip_not_issued,issueStatus is 'not_issued' (only currently issued cones are empty-returned),false,false,
8146,69a565f193145c5b28578e39,ORD-000072,69a565f193145c5b28578e4c,not_issued,,,,skip_not_issued,issueStatus is 'not_issued' (only currently issued cones are empty-returned),false,false,
8147,69c3cd6ea7819fd050b1fbf2,ORD-000079,69c3cd6ea7819fd050b1fbf6,issued,ORD-000027,69dc9fd1a19ee8d30f4a3a83,69ebac9e86f7ddd153ebaa69,would_close_cone_and_create_return_txn,Empty-return cone and create 0 kg yarn_returned for latest issue order+article,true,true,
8148,69c3e0cea7819fd050b25937,ORD-000089,69c3e0cea7819fd050b2593a,not_issued,,,,skip_not_issued,issueStatus is 'not_issued' (only currently issued cones are empty-returned),false,false,
8149,69c656b114badff1b9e6c5ee,ORD-000087,69c656b114badff1b9e6c5f2,not_issued,,,,skip_not_issued,issueStatus is 'not_issued' (only currently issued cones are empty-returned),false,false,
8150,69cb5163ff9f99209b6525df,ORD-000079,69cb5163ff9f99209b6525e0,not_issued,,,,skip_not_issued,issueStatus is 'not_issued' (only currently issued cones are empty-returned),false,false,
8151,69ce1a8cff9f99209b6cf29f,ORD-000083,69ce1a8cff9f99209b6cf2c7,not_issued,,,,skip_not_issued,issueStatus is 'not_issued' (only currently issued cones are empty-returned),false,false,
8152,69d399982614366a5d8867a2,ORD-000017,69d399982614366a5d8867b4,not_issued,,,,skip_not_issued,issueStatus is 'not_issued' (only currently issued cones are empty-returned),false,false,
8153,69d877dcedc59d9ec103e899,ORD-000074,69d877dcedc59d9ec103e8b5,not_issued,,,,skip_not_issued,issueStatus is 'not_issued' (only currently issued cones are empty-returned),false,false,
8154,69da0c03edc59d9ec10a7916,ORD-000042,69da0c03edc59d9ec10a7921,not_issued,,,,skip_not_issued,issueStatus is 'not_issued' (only currently issued cones are empty-returned),false,false,
8155,69e066fa00ca64e3cf58f37a,ORD-000061,69e066fa00ca64e3cf58f38f,not_issued,,,,skip_not_issued,issueStatus is 'not_issued' (only currently issued cones are empty-returned),false,false,
8156,69e5efd54dfe50532a16cccb,ORD-000073,69e5efd54dfe50532a16cce3,not_issued,,,,skip_not_issued,issueStatus is 'not_issued' (only currently issued cones are empty-returned),false,false,
8157,69e6037a4dfe50532a1714d2,ORD-000076,69e6037a4dfe50532a17150e,not_issued,,,,skip_not_issued,issueStatus is 'not_issued' (only currently issued cones are empty-returned),false,false,
8158,69e6037a4dfe50532a1714d5,ORD-000076,69e6037a4dfe50532a171511,not_issued,,,,skip_not_issued,issueStatus is 'not_issued' (only currently issued cones are empty-returned),false,false,
8159,69e6037a4dfe50532a1714d6,ORD-000076,69e6037a4dfe50532a171512,not_issued,,,,skip_not_issued,issueStatus is 'not_issued' (only currently issued cones are empty-returned),false,false,
8160,69e9adf2733c29bce00f0907,ORD-000072,69e9adf2733c29bce00f092f,issued,ORD-000036,69e88468733c29bce005bed6,69eb0cb786f7ddd153e478c0,would_close_cone_and_create_return_txn,Empty-return cone and create 0 kg yarn_returned for latest issue order+article,true,true,
8161,69f1fe4f2095293f7e58d8dc,ORD-000071,,,,,,not_found,YarnCone not found,,,
8162,6a266853d825f7263a0f915a,ORD-000077,,,,,,not_found,YarnCone not found,,,
8163,6a2686149fc358290d37ecdc,ORD-000080,,,,,,not_found,YarnCone not found,,,
8164,6a279d229a2d47385fbd7852,ORD-000067,,,,,,not_found,YarnCone not found,,,
8165,6a29498bbbfb24833d49a84e,ORD-000085,,,,,,not_found,YarnCone not found,,,
8166,6a29498bbbfb24833d49a852,ORD-000085,,,,,,not_found,YarnCone not found,,,
8167,6a29498bbbfb24833d49a857,ORD-000085,,,,,,not_found,YarnCone not found,,,
8168,6a2a4efcbbfb24833d4dbc8a,ORD-000080,,,,,,not_found,YarnCone not found,,,
8169,6a2b8b60bbfb24833d530206,ORD-000085,,,,,,not_found,YarnCone not found,,,
8170,6a2b8b60bbfb24833d530211,ORD-000085,,,,,,not_found,YarnCone not found,,,
8171,6a2b8b7fbbfb24833d530785,ORD-000080,,,,,,not_found,YarnCone not found,,,
8172,6a2b8b7fbbfb24833d530786,ORD-000080,,,,,,not_found,YarnCone not found,,,
8173,6a2b8b7fbbfb24833d530787,ORD-000080,,,,,,not_found,YarnCone not found,,,
8174,6a2bd95fbbfb24833d56c73a,ORD-000080,,,,,,not_found,YarnCone not found,,,
8175,6a2bd97bbbfb24833d56c811,ORD-000080,,,,,,not_found,YarnCone not found,,,
8176,6a44b05f2534844badea6419,ORD-000085,,,,,,not_found,YarnCone not found,,,
8177,6a44ed32deec0554e697deb0,ORD-000083,,,,,,not_found,YarnCone not found,,,