Yarn Name,PO Number,Supplier,PO Status,Box ID,Barcode,Lot Number,Shade Code,Cones,Box Weight (kg),Gross Weight (kg),Unallocated kg (box weight only),QC Status,Received Date,Stored Status
70/2-Deep Grey-Deep Grey-Nylon/Nylon,PO-2026-1264,WAMPUM SYNTEX PRIVATE LIMITED,goods_partially_received,BOX-PO-2026-1264-EW83507/26-18.08-1787033748498-2,6a83f894b50abef554e5f1b8,EW83507/26-18.08,WN98756,23,5.016000000000004,24.78,5.016000000000004,qc_approved,2026-08-18,Unallocated
70/2-Deep Grey-Deep Grey-Nylon/Nylon,PO-2026-1264,WAMPUM SYNTEX PRIVATE LIMITED,goods_partially_received,BOX-PO-2026-1264-EW83507/26-18.08-1787033748498-1,6a83f894b50abef554e5f1b7,EW83507/26-18.08,WN98756,23,0.6960000000000015,24.74,0.6960000000000015,qc_approved,2026-08-18,Unallocated
20s-Beige-Beige-Cotton/Compact,PO-2026-1281,SUTLEJ TEXTILES AND INDUSTRIES LIMITED,goods_received,BOX-PO-2026-1281-90562-st08.08-1786450403976-3,6a7b11e3908c389c211cf31b,90562-st08.08,SDY50144-B,1,0.006000000000000005,1.26,0.006000000000000005,qc_approved,2026-08-11,Unallocated
20/70-Black-Black-Nylon/Spandex,PO-2026-1272,VALSON POLYESTER PRIVATE LIMITED,goods_partially_received,BOX-PO-2026-1272-CN/2132-st08.08-1786347128244-8,6a797e78f8ca5b4dae002570,CN/2132-st08.08,VNY850,1,0.0010000000000000009,0.3,0.0010000000000000009,qc_approved,2026-08-10,Unallocated
70/1-Navy-Navy-Nylon/Nylon,PO-2026-1272,VALSON POLYESTER PRIVATE LIMITED,goods_partially_received,BOX-PO-2026-1272-NL62515-st10.08-1786346386717-4,6a797b92f8ca5b4daeffae65,NL62515-st10.08,VNY7340,3,0.3500000000000001,1.46,0.3500000000000001,qc_approved,2026-08-10,Unallocated
30s-Burgundy-Burgundy-Cotton/Compact,PO-2026-1263,SUTLEJ TEXTILES AND INDUSTRIES LIMITED,goods_received,BOX-PO-2026-1263-91848-08.08.2026-1786178004688-1,6a76e9d4f8ca5b4daef5c57c,91848-08.08.2026,SDY56788-C,40,0.6480000000000032,48.38,0.6480000000000032,qc_approved,2026-08-08,Unallocated
30s-Burgundy-Burgundy-Cotton/Compact,PO-2026-1263,SUTLEJ TEXTILES AND INDUSTRIES LIMITED,goods_received,BOX-PO-2026-1263-91848-08.08.2026-1786178004688-2,6a76e9d4f8ca5b4daef5c57d,91848-08.08.2026,SDY56788-C,10,0.5560000000000009,12.86,0.5560000000000009,qc_approved,2026-08-08,Unallocated
2/40s-Black-Black-Cotton/Gassed Mercerized Cotton,PO-2026-1280,VARDHMAN TEXTILES LIMITED,goods_partially_received,BOX-PO-2026-1280-MU2407209-1786011180655-6,6a745e2cd97f5223285480ab,MU2407209,WNASP47245,3,0.5909999999999997,2.86,0.5909999999999997,qc_approved,2026-08-06,Unallocated
2/40s-Navy-Navy-Cotton/Gassed Mercerized Cotton,PO-2026-1280,VARDHMAN TEXTILES LIMITED,goods_partially_received,BOX-PO-2026-1280-MU2502423-1786011180655-2,6a745e2cd97f52232854809f,MU2502423,HD47232,7,0.04799999999999999,0.8,0.04799999999999999,qc_approved,2026-08-06,Unallocated
30s-Light Grey Melange-Light Grey Melange-Cotton/Combed Melange,PO-2026-1193,RSWM LTD.,goods_received,BOX-PO-2026-1193-2652305860-03.08.2026-1785759699853-2,6a7087d3086493f116990f96,2652305860-03.08.2026,81110067,58,29.864,55.6,29.864,qc_approved,2026-08-03,Unallocated
30s-Light Grey Melange-Light Grey Melange-Cotton/Combed Melange,PO-2026-1193,RSWM LTD.,goods_received,BOX-PO-2026-1193-2652305860-03.08.2026-1785759699853-1,6a7087d3086493f116990f95,2652305860-03.08.2026,81110067,60,30.567999999999994,60.92,30.567999999999994,qc_approved,2026-08-03,Unallocated
Soft top-Raw White-Raw White-Rubber/Soft top,PO-2026-1272,VALSON POLYESTER PRIVATE LIMITED,goods_partially_received,BOX-PO-2026-1272-Nc/1516-st31.07-1785492691220-2,6a6c74d3d6f10fa6830931e2,Nc/1516-st31.07,Raw White,5,0.4,0.68,0.4,,2026-07-31,Unallocated
20/70-Light Grey Melange-Light Grey Melange-Nylon/Spandex,PO-2026-1271,WAMPUM SYNTEX PRIVATE LIMITED,goods_partially_received,BOX-PO-2026-1271-EW64238-st31.07-1785485412564-1,6a6c5864d6f10fa68305be2e,EW64238-st31.07,WN96693,1,0.04300000000000001,0.38,0.04300000000000001,qc_approved,2026-07-31,Unallocated
30s-Burgundy-Burgundy-Cotton/Compact,PO-2026-1270,SUTLEJ TEXTILES AND INDUSTRIES LIMITED,goods_received,BOX-PO-2026-1270-95335-st30.07.2026-1785408848296-1,6a6b2d50d6f10fa683fee4a1,95335-st30.07.2026,SDY56788-C,10,5.662,12.24,5.662,qc_approved,2026-07-30,Unallocated
20/70-Deep Grey-Deep Grey-Nylon/Spandex,PO-2026-1240,WAMPUM SYNTEX PRIVATE LIMITED,goods_received,BOX-PO-2026-1240-EW81589-29.07.2026-1785305836728-1,6a699aec6c92e68336b29ec7,EW81589-29.07.2026,WN98756,19,7.663000000000002,25.78,7.663000000000002,qc_approved,2026-07-29,Unallocated
20/70-Deep Grey-Deep Grey-Nylon/Spandex,PO-2026-1240,WAMPUM SYNTEX PRIVATE LIMITED,goods_received,BOX-PO-2026-1240-EW81589-29.07.2026-1785305836728-2,6a699aec6c92e68336b29ec8,EW81589-29.07.2026,WN98756,19,3.770000000000003,25.88,3.770000000000003,qc_approved,2026-07-29,Unallocated
20/70-Deep Grey-Deep Grey-Nylon/Spandex,PO-2026-1240,WAMPUM SYNTEX PRIVATE LIMITED,goods_received,BOX-PO-2026-1240-EW81589-29.07.2026-1785305836728-4,6a699aec6c92e68336b29eca,EW81589-29.07.2026,WN98756,19,5.788999999999998,25.92,5.788999999999998,qc_approved,2026-07-29,Unallocated
20/70-Deep Grey-Deep Grey-Nylon/Spandex,PO-2026-1240,WAMPUM SYNTEX PRIVATE LIMITED,goods_received,BOX-PO-2026-1240-EW81589-29.07.2026-1785305836728-5,6a699aec6c92e68336b29ecb,EW81589-29.07.2026,WN98756,19,1.6060000000000016,26.06,1.6060000000000016,qc_approved,2026-07-29,Unallocated
20/70-Deep Grey-Deep Grey-Nylon/Spandex,PO-2026-1240,WAMPUM SYNTEX PRIVATE LIMITED,goods_received,BOX-PO-2026-1240-EW81589-29.07.2026-1785305836728-6,6a699aec6c92e68336b29ecc,EW81589-29.07.2026,WN98756,19,4.192,25.98,4.192,qc_approved,2026-07-29,Unallocated
20/70-Deep Grey-Deep Grey-Nylon/Spandex,PO-2026-1240,WAMPUM SYNTEX PRIVATE LIMITED,goods_received,BOX-PO-2026-1240-EW81589-29.07.2026-1785305836728-9,6a699aec6c92e68336b29ecf,EW81589-29.07.2026,WN98756,19,12.924999999999999,25.76,12.924999999999999,qc_approved,2026-07-29,Unallocated
20/70-Deep Grey-Deep Grey-Nylon/Spandex,PO-2026-1240,WAMPUM SYNTEX PRIVATE LIMITED,goods_received,BOX-PO-2026-1240-EW81589-29.07.2026-1785305836728-10,6a699aec6c92e68336b29ed0,EW81589-29.07.2026,WN98756,19,13.133000000000001,25.98,13.133000000000001,qc_approved,2026-07-29,Unallocated
20/70-Deep Grey-Deep Grey-Nylon/Spandex,PO-2026-1195,WAMPUM SYNTEX PRIVATE LIMITED,goods_partially_received,BOX-PO-2026-1195-EW79863-29.07.2026-1785305520091-1,6a6999b06c92e68336b2758b,EW79863-29.07.2026,WN98756,19,7.486000000000001,26.3,7.486000000000001,qc_approved,2026-07-29,Unallocated
30s-Denim Blue-Denim Blue-Cotton/Compact,PO-2026-1194,SUTLEJ TEXTILES AND INDUSTRIES LIMITED,goods_partially_received,BOX-PO-2026-1194-91547-22072026-1784790923659-11,6a61bf8b16aa2226bff9d72b,91547-22072026,SDY50165-A,40,4.3840000000000074,44.58,4.3840000000000074,qc_approved,2026-07-23,Unallocated
30s-Denim Blue-Denim Blue-Cotton/Compact,PO-2026-1194,SUTLEJ TEXTILES AND INDUSTRIES LIMITED,goods_partially_received,BOX-PO-2026-1194-91547-22072026-1784790923659-16,6a61bf8b16aa2226bff9d730,91547-22072026,SDY50165-A,40,25.433,44.56,25.433,qc_approved,2026-07-23,Unallocated
30s-Denim Blue-Denim Blue-Cotton/Compact,PO-2026-1194,SUTLEJ TEXTILES AND INDUSTRIES LIMITED,goods_partially_received,BOX-PO-2026-1194-91547-22072026-1784790923659-17,6a61bf8b16aa2226bff9d731,91547-22072026,SDY50165-A,40,20.554000000000002,44.58,20.554000000000002,qc_approved,2026-07-23,Unallocated
30s-Denim Blue-Denim Blue-Cotton/Compact,PO-2026-1194,SUTLEJ TEXTILES AND INDUSTRIES LIMITED,goods_partially_received,BOX-PO-2026-1194-91547-22072026-1784790923659-18,6a61bf8b16aa2226bff9d732,91547-22072026,SDY50165-A,40,14.853000000000012,44.58,14.853000000000012,qc_approved,2026-07-23,Unallocated
30s-Denim Blue-Denim Blue-Cotton/Compact,PO-2026-1194,SUTLEJ TEXTILES AND INDUSTRIES LIMITED,goods_partially_received,BOX-PO-2026-1194-91547-22072026-1784790923659-19,6a61bf8b16aa2226bff9d733,91547-22072026,SDY50165-A,40,12.347000000000005,44.68,12.347000000000005,qc_approved,2026-07-23,Unallocated
30s-Black-Black-Cotton/Compact,PO-2026-1194,SUTLEJ TEXTILES AND INDUSTRIES LIMITED,goods_partially_received,BOX-PO-2026-1194-90623-22072026-1784790923659-21,6a61bf8b16aa2226bff9d736,90623-22072026,SDY55525,40,28.524000000000004,49.08,28.524000000000004,qc_approved,2026-07-23,Unallocated
20/70-Raw White-Raw White-Nylon/Spandex,PO-2026-1244,VALSON POLYESTER PRIVATE LIMITED,goods_partially_received,BOX-PO-2026-1244-CN/2033-23.07.2026-1784782325190-5,6a619df53ab949036e0cc539,CN/2033-23.07.2026,LT White,15,1.4350000000000023,22.6,1.4350000000000023,qc_approved,2026-07-23,Unallocated
20/70-Raw White-Raw White-Nylon/Spandex,PO-2026-1244,VALSON POLYESTER PRIVATE LIMITED,goods_partially_received,BOX-PO-2026-1244-CN/2033-23.07.2026-1784782325190-6,6a619df53ab949036e0cc53a,CN/2033-23.07.2026,LT White,15,13.754000000000001,22.48,13.754000000000001,qc_approved,2026-07-23,Unallocated
20/70-Raw White-Raw White-Nylon/Spandex,PO-2026-1244,VALSON POLYESTER PRIVATE LIMITED,goods_partially_received,BOX-PO-2026-1244-CN/2033-23.07.2026-1784782325190-7,6a619df53ab949036e0cc53b,CN/2033-23.07.2026,LT White,16,0.9100000000000001,22.28,0.9100000000000001,qc_approved,2026-07-23,Unallocated
20/70-Raw White-Raw White-Nylon/Spandex,PO-2026-1244,VALSON POLYESTER PRIVATE LIMITED,goods_partially_received,BOX-PO-2026-1244-CN/2033-23.07.2026-1784782325190-8,6a619df53ab949036e0cc53c,CN/2033-23.07.2026,LT White,12,1.7919999999999998,19.96,1.7919999999999998,qc_approved,2026-07-23,Unallocated
20/70-Raw White-Raw White-Nylon/Spandex,PO-2026-1244,VALSON POLYESTER PRIVATE LIMITED,goods_partially_received,BOX-PO-2026-1244-CN/2033-23.07.2026-1784782325190-9,6a619df53ab949036e0cc53d,CN/2033-23.07.2026,LT White,15,15.463000000000001,22.44,15.463000000000001,qc_approved,2026-07-23,Unallocated
20/70-Raw White-Raw White-Nylon/Spandex,PO-2026-1244,VALSON POLYESTER PRIVATE LIMITED,goods_partially_received,BOX-PO-2026-1244-CN/2033-23.07.2026-1784782325190-10,6a619df53ab949036e0cc53e,CN/2033-23.07.2026,LT White,15,15.860000000000003,21.56,15.860000000000003,qc_approved,2026-07-23,Unallocated
20/70-Raw White-Raw White-Nylon/Spandex,PO-2026-1244,VALSON POLYESTER PRIVATE LIMITED,goods_partially_received,BOX-PO-2026-1244-CN/2033-23.07.2026-1784782325190-11,6a619df53ab949036e0cc53f,CN/2033-23.07.2026,LT White,15,14.579,22.04,14.579,qc_approved,2026-07-23,Unallocated
20/70-Raw White-Raw White-Nylon/Spandex,PO-2026-1244,VALSON POLYESTER PRIVATE LIMITED,goods_partially_received,BOX-PO-2026-1244-CN/2033-23.07.2026-1784782325190-12,6a619df53ab949036e0cc540,CN/2033-23.07.2026,LT White,12,14.813,20.18,14.813,qc_approved,2026-07-23,Unallocated
20/70-Raw White-Raw White-Nylon/Spandex,PO-2026-1244,VALSON POLYESTER PRIVATE LIMITED,goods_partially_received,BOX-PO-2026-1244-CN/2033-23.07.2026-1784782325190-13,6a619df53ab949036e0cc541,CN/2033-23.07.2026,LT White,15,17.865000000000002,22.66,17.865000000000002,qc_approved,2026-07-23,Unallocated
20/70-Raw White-Raw White-Nylon/Spandex,PO-2026-1244,VALSON POLYESTER PRIVATE LIMITED,goods_partially_received,BOX-PO-2026-1244-CN/2033-23.07.2026-1784782325190-14,6a619df53ab949036e0cc542,CN/2033-23.07.2026,LT White,16,4.940000000000001,21.88,4.940000000000001,qc_approved,2026-07-23,Unallocated
20/70-Raw White-Raw White-Nylon/Spandex,PO-2026-1244,VALSON POLYESTER PRIVATE LIMITED,goods_partially_received,BOX-PO-2026-1244-CN/2033-23.07.2026-1784782325190-15,6a619df53ab949036e0cc543,CN/2033-23.07.2026,LT White,13,16.532,20.86,16.532,qc_approved,2026-07-23,Unallocated
20/70-Raw White-Raw White-Nylon/Spandex,PO-2026-1244,VALSON POLYESTER PRIVATE LIMITED,goods_partially_received,BOX-PO-2026-1244-CN/2033-23.07.2026-1784782325190-16,6a619df53ab949036e0cc544,CN/2033-23.07.2026,LT White,15,8.835,21.22,8.835,qc_approved,2026-07-23,Unallocated
20/70-Raw White-Raw White-Nylon/Spandex,PO-2026-1244,VALSON POLYESTER PRIVATE LIMITED,goods_partially_received,BOX-PO-2026-1244-CN/2033-23.07.2026-1784782325190-17,6a619df53ab949036e0cc545,CN/2033-23.07.2026,LT White,15,5.251999999999997,22.28,5.251999999999997,qc_approved,2026-07-23,Unallocated
70/2-Olive-Olive-Nylon/Nylon,PO-2026-1261,WAMPUM SYNTEX PRIVATE LIMITED,goods_received,BOX-PO-2026-1261-EW44324-st22072026-1784708422614-2,6a607d463ab949036e07be1a,EW44324-st22072026,WN9610,1,0.15899999999999997,0.7,0.15899999999999997,qc_approved,2026-07-22,Unallocated
20/70-Raw White-Raw White-Nylon/Spandex,PO-2026-1261,WAMPUM SYNTEX PRIVATE LIMITED,goods_received,BOX-PO-2026-1261-SP00098-1784708422614-3,6a607d463ab949036e07be1c,SP00098,Raw White,1,0.04600000000000004,1,0.04600000000000004,qc_approved,2026-07-22,Unallocated
20/70-Raw White-Raw White-Nylon/Spandex,PO-2026-1261,WAMPUM SYNTEX PRIVATE LIMITED,goods_received,BOX-PO-2026-1261-SP00098-1784708422614-4,6a607d463ab949036e07be1d,SP00098,Raw White,1,0.069,0.36,0.069,qc_approved,2026-07-22,Unallocated
20/70-Raw White-Raw White-Nylon/Spandex,PO-2026-1261,WAMPUM SYNTEX PRIVATE LIMITED,goods_received,BOX-PO-2026-1261-SP00098-1784708422614-6,6a607d463ab949036e07be1f,SP00098,Raw White,1,0.006000000000000005,0.98,0.006000000000000005,qc_approved,2026-07-22,Unallocated
20/70-Raw White-Raw White-Nylon/Spandex,PO-2026-1261,WAMPUM SYNTEX PRIVATE LIMITED,goods_received,BOX-PO-2026-1261-SP00098-1784708422614-10,6a607d463ab949036e07be23,SP00098,Raw White,1,0.698,0.3,0.698,qc_approved,2026-07-22,Unallocated
30s-Black-Black-Cotton/Compact,PO-2026-1193,RSWM LTD.,goods_received,BOX-PO-2026-1193-2654101208-16072026-1784262834640-3,6a59b0b2ac168d6989346172,2654101208-16072026,8780340 / YS26174-A,40,4.883999999999993,55.38,4.883999999999993,qc_approved,2026-07-17,Unallocated
20s-Beige-Beige-Cotton/Compact,PO-2026-1194,SUTLEJ TEXTILES AND INDUSTRIES LIMITED,goods_partially_received,BOX-PO-2026-1194-90562-16072026-1784262147254-19,6a59ae03ac168d69893455de,90562-16072026,SDY50144-B,40,10.321000000000005,50.72,10.321000000000005,qc_approved,2026-07-17,Unallocated
20s-Beige-Beige-Cotton/Compact,PO-2026-1194,SUTLEJ TEXTILES AND INDUSTRIES LIMITED,goods_partially_received,BOX-PO-2026-1194-90562-16072026-1784262147254-2,6a59ae03ac168d69893455cd,90562-16072026,SDY50144-B,40,21.726,50.88,21.726,qc_approved,2026-07-17,Unallocated
20s-Beige-Beige-Cotton/Compact,PO-2026-1194,SUTLEJ TEXTILES AND INDUSTRIES LIMITED,goods_partially_received,BOX-PO-2026-1194-90562-16072026-1784262147254-3,6a59ae03ac168d69893455ce,90562-16072026,SDY50144-B,40,36.14,51.04,36.14,qc_approved,2026-07-17,Unallocated
20s-Beige-Beige-Cotton/Compact,PO-2026-1194,SUTLEJ TEXTILES AND INDUSTRIES LIMITED,goods_partially_received,BOX-PO-2026-1194-90562-16072026-1784262147254-1,6a59ae03ac168d69893455cc,90562-16072026,SDY50144-B,40,46.504000000000005,50.76,46.504000000000005,qc_approved,2026-07-17,Unallocated
20s-Blue-Vista Blue-Cotton/Compact,PO-2026-1236,SUTLEJ TEXTILES AND INDUSTRIES LIMITED,goods_received,BOX-PO-2026-1236-91301-16.07.2026-1784259768778-1,6a59a4b8ac168d698934383f,91301-16.07.2026,SDY56116,32,20.339,37.78,20.339,qc_approved,2026-07-17,Unallocated
20s-Blue-Vista Blue-Cotton/Compact,PO-2026-1236,SUTLEJ TEXTILES AND INDUSTRIES LIMITED,goods_received,BOX-PO-2026-1236-91301-16.07.2026-1784259768778-2,6a59a4b8ac168d6989343840,91301-16.07.2026,SDY56116,40,17.692999999999998,48.24,17.692999999999998,qc_approved,2026-07-17,Unallocated
20s-White-White-Cotton/Compact,PO-2026-1249,VARDHMAN TEXTILES LIMITED,goods_partially_received,BOX-PO-2026-1249-M0116608-1784189903862-1,6a5893cfac168d6989320e75,M0116608,MRL03339,33,31.415,38.06,31.415,qc_approved,2026-07-16,Unallocated
20s-Military Green-Military Green-Cotton/Compact,PO-2026-1247,SUTLEJ TEXTILES AND INDUSTRIES LIMITED,goods_partially_received,BOX-PO-2026-1247-93498-st15.07.2026-1784103950169-12,6a57440e24c689677f3dd39c,93498-st15.07.2026,SDY53516-D,1,0.0040000000000000036,0.14,0.0040000000000000036,qc_approved,2026-07-15,Unallocated
70/1-Dark Orange-Burnt Orange-Nylon/Nylon,PO-2026-1238,VALSON POLYESTER PRIVATE LIMITED,goods_partially_received,BOX-PO-2026-1238-NL58219-st15.07.2026-1784093837717-1,6a571c8dd4100c5740c42de2,NL58219-st15.07.2026,VNY8133,2,0.496,1.9,0.496,qc_approved,2026-07-15,Unallocated
30s-Light Grey Melange-Light Grey Melange-Cotton/Combed Melange,PO-2026-1193,RSWM LTD.,goods_received,BOX-PO-2026-1193-2652305552-1784025462825-1,6a561176d4100c5740c27869,2652305552,81110067,21,47.5,55.54,47.5,qc_approved,2026-07-14,Unallocated
30s-Black-Black-Cotton/Compact,PO-2026-1194,SUTLEJ TEXTILES AND INDUSTRIES LIMITED,goods_partially_received,BOX-PO-2026-1194-90623-09072026-1784017399919-13,6a55f1f7d4100c5740c021f6,90623-09072026,SDY55525,40,10.813000000000002,48.98,10.813000000000002,qc_approved,2026-07-14,Unallocated
30s-Black-Black-Cotton/Compact,PO-2026-1194,SUTLEJ TEXTILES AND INDUSTRIES LIMITED,goods_partially_received,BOX-PO-2026-1194-90623-09072026-1784017399919-16,6a55f1f7d4100c5740c021f9,90623-09072026,SDY55525,40,10.631999999999998,49.26,10.631999999999998,qc_approved,2026-07-14,Unallocated
30s-Black-Black-Cotton/Compact,PO-2026-1194,SUTLEJ TEXTILES AND INDUSTRIES LIMITED,goods_partially_received,BOX-PO-2026-1194-90623-09072026-1784017399919-17,6a55f1f7d4100c5740c021fa,90623-09072026,SDY55525,40,36.45100000000001,49.14,36.45100000000001,qc_approved,2026-07-14,Unallocated
30s-Black-Black-Cotton/Compact,PO-2026-1194,SUTLEJ TEXTILES AND INDUSTRIES LIMITED,goods_partially_received,BOX-PO-2026-1194-90623-09072026-1784017399919-18,6a55f1f7d4100c5740c021fb,90623-09072026,SDY55525,40,14.839000000000002,48.9,14.839000000000002,qc_approved,2026-07-14,Unallocated
30s-Black-Black-Cotton/Compact,PO-2026-1194,SUTLEJ TEXTILES AND INDUSTRIES LIMITED,goods_partially_received,BOX-PO-2026-1194-90623-09072026-1784017399919-19,6a55f1f7d4100c5740c021fc,90623-09072026,SDY55525,40,0.08400000000000318,49.18,0.08400000000000318,qc_approved,2026-07-14,Unallocated
30s-Black-Black-Cotton/Compact,PO-2026-1193,RSWM LTD.,goods_received,BOX-PO-2026-1193-2654101209-09072026-1783935685857-34,6a54b2c522d3d91af32899e6,2654101209-09072026,8780340 / YS26174-A,40,4.445,57,4.445,qc_approved,2026-07-13,Unallocated
110/70-Raw White-Raw White-Rubber/Rubber,PO-2026-1243,SARLA PERFORMANCE FIBERS LIMITED,goods_partially_received,BOX-PO-2026-1243-IZRRW-8-1783928052562-8,6a5494f422d3d91af32700dd,IZRRW-8,207,1,0.29500000000000004,0.48,0.29500000000000004,qc_approved,2026-07-13,Unallocated
70/4-Light Grey-Light Grey-Nylon/Nylon,PO-2026-1242,WAMPUM SYNTEX PRIVATE LIMITED,goods_partially_received,BOX-PO-2026-1242-EW37709-ST11.07.2026-1783759578576-18,6a5202da22d3d91af325955c,EW37709-ST11.07.2026,WN1882,2,0.62,1.66,0.62,qc_approved,2026-07-11,Unallocated
70/2-Burgundy-Burgundy-Nylon/Nylon,PO-2026-1242,WAMPUM SYNTEX PRIVATE LIMITED,goods_partially_received,BOX-PO-2026-1242-EW16342-11.07.2026-1783759578576-10,6a5202da22d3d91af325954c,EW16342-11.07.2026,WN94781,1,0.657,0.98,0.657,qc_approved,2026-07-11,Unallocated
30s-Brown-Brown-Cotton/Combed,PO-2026-1241,"GOKAK TEXTILE LTD,",goods_partially_received,BOX-PO-2026-1241-1721081-ST11.07.2026-1783748267368-3,6a51d6ab22d3d91af3253616,1721081-ST11.07.2026,G00100X,1,0.518,0.98,0.518,qc_approved,2026-07-11,Unallocated
30s-Brown-Brown-Cotton/Combed,PO-2026-1241,"GOKAK TEXTILE LTD,",goods_partially_received,BOX-PO-2026-1241-1721091-1783748267368-1,6a51d6ab22d3d91af3253612,1721091,G00100X,33,22.445,34.28,22.445,qc_approved,2026-07-11,Unallocated
30s-Beige-Beige-Cotton/Compact,PO-2026-1239,RSWM LTD.,goods_partially_received,BOX-PO-2026-1239-2454104426-st10.07.2026-1783682422711-8,6a50d57a4bfc5e18bde6c9de,2454104426-st10.07.2026,8290067,1,0.008000000000000007,0.2,0.008000000000000007,qc_approved,2026-07-10,Unallocated
30s-Brown-Brown-Cotton/Compact,PO-2026-1239,RSWM LTD.,goods_partially_received,BOX-PO-2026-1239-2554106342-ST10.07.2026-1783682422711-9,6a50d57a4bfc5e18bde6c9e0,2554106342-ST10.07.2026,8590196 / YS26410-C,1,0.553,1.14,0.553,qc_approved,2026-07-10,Unallocated
20s-Light Grey Melange-Light Grey Melange-Bamboo/Bamboo Melange,PO-2026-1099,SAMBANDAM SPINNING MILLS LIMITED,goods_received,BOX-PO-2026-1099-3H1BB-03-15.06.2026-1783681265613-1,6a50d0f14bfc5e18bde6b3d7,3H1BB-03-15.06.2026,SSM-8165,40,21.845000000000006,70,21.845000000000006,qc_approved,2026-07-10,Unallocated
20s-Light Grey Melange-Light Grey Melange-Bamboo/Bamboo Melange,PO-2026-1099,SAMBANDAM SPINNING MILLS LIMITED,goods_received,BOX-PO-2026-1099-3H1BB-03-15.06.2026-1783681265613-3,6a50d0f14bfc5e18bde6b3d9,3H1BB-03-15.06.2026,SSM-8165,40,3.2890000000000157,70,3.2890000000000157,qc_approved,2026-07-10,Unallocated
2/40s-Navy-French Blue-Cotton/Giza Cotton,PO-2026-1239,RSWM LTD.,goods_partially_received,BOX-PO-2026-1239-2454101453-ST10072026-1783679219299-8,6a50c8f34b4c341685d52ecd,2454101453-ST10072026,59071-A/8670446,1,0.025,,0.025,,2026-07-10,Unallocated
20s-Anthra Melange-Anthra Melange-Cotton/Combed Melange,PO-2026-1239,RSWM LTD.,goods_partially_received,BOX-PO-2026-1239-2552307704-10.07.2026-1783679219299-10,6a50c8f34b4c341685d52ed1,2552307704-10.07.2026,86100006,1,1.854,2.56,1.854,qc_approved,2026-07-10,Unallocated
70/1-Light Grey-Light Grey-Nylon/Nylon,PO-2026-1238,VALSON POLYESTER PRIVATE LIMITED,goods_partially_received,BOX-PO-2026-1238-Nl56811-ST08.07.2026-1783581622542-1,6a4f4bb6745990fe538efacb,Nl56811-ST08.07.2026,VNY8000,1,0.23400000000000004,0.62,0.23400000000000004,qc_approved,2026-07-09,Unallocated
70/2-Beige-Beige-Nylon/Nylon,PO-2026-1238,VALSON POLYESTER PRIVATE LIMITED,goods_partially_received,BOX-PO-2026-1238-NL56903-st08.07.2026-1783519498047-47,6a4e590a3e1e6feb7f6bc316,NL56903-st08.07.2026,VNY7353,1,0.19900000000000007,0.64,0.19900000000000007,qc_approved,2026-07-08,Unallocated
Soft top-Light Grey-Light Grey-Rubber/Soft top,PO-2026-1238,VALSON POLYESTER PRIVATE LIMITED,goods_partially_received,BOX-PO-2026-1238-NC/1624-st08.07.2026-1783519498047-48,6a4e590a3e1e6feb7f6bc318,NC/1624-st08.07.2026,VNY8000,1,0.25999999999999995,0.4,0.25999999999999995,qc_approved,2026-07-08,Unallocated
Soft top-Dark Orange-Burnt Orange-Rubber/Soft top,PO-2026-1238,VALSON POLYESTER PRIVATE LIMITED,goods_partially_received,BOX-PO-2026-1238-NC/1564-1783519498047-4,6a4e590a3e1e6feb7f6bc2e2,NC/1564,VNY8133,34,0.040000000000000924,15.64,0.040000000000000924,qc_approved,2026-07-08,Unallocated
20s-Navy-Navy-Cotton/Compact,PO-2026-1237,SUTLEJ TEXTILES AND INDUSTRIES LIMITED,goods_received,BOX-PO-2026-1237-93043-ST08.07-1783490353061-5,6a4de731a8e070ea610b0fe3,93043-ST08.07,SDY53391-A,1,0.005999999999999894,0.86,0.005999999999999894,qc_approved,2026-07-08,Unallocated
30s-Denim Blue-Denim Blue-Cotton/Compact,PO-2026-1237,SUTLEJ TEXTILES AND INDUSTRIES LIMITED,goods_received,BOX-PO-2026-1237-93070-ST08.07.2026-1783490353061-7,6a4de731a8e070ea610b0fe7,93070-ST08.07.2026,SDY50165-A,40,0.2699999999999889,46.26,0.2699999999999889,qc_approved,2026-07-08,Unallocated
Soft top-Navy-Navy-Rubber/Soft top,PO-2026-1192,VALSON POLYESTER PRIVATE LIMITED,goods_partially_received,BOX-PO-2026-1192-NC/1659-06.07.2026-1783396030017-61,6a4c76bedd1345ca37a53780,NC/1659-06.07.2026,VNY7340,32,2.400999999999998,16.68,2.400999999999998,qc_approved,2026-07-07,Unallocated
20/70-Black-Black-Nylon/Spandex,PO-2026-1192,VALSON POLYESTER PRIVATE LIMITED,goods_partially_received,BOX-PO-2026-1192-CN/2186-06.07.2026-1783396030017-22,6a4c76bedd1345ca37a53757,CN/2186-06.07.2026,VNY850,19,5.782,21.02,5.782,qc_approved,2026-07-07,Unallocated
20/70-Black-Black-Nylon/Spandex,PO-2026-1192,VALSON POLYESTER PRIVATE LIMITED,goods_partially_received,BOX-PO-2026-1192-CN/2186-06.07.2026-1783396030017-25,6a4c76bedd1345ca37a5375a,CN/2186-06.07.2026,VNY850,17,4.023999999999999,19.46,4.023999999999999,qc_approved,2026-07-07,Unallocated
20/70-Black-Black-Nylon/Spandex,PO-2026-1192,VALSON POLYESTER PRIVATE LIMITED,goods_partially_received,BOX-PO-2026-1192-CN/2186-06.07.2026-1783396030017-26,6a4c76bedd1345ca37a5375b,CN/2186-06.07.2026,VNY850,18,5.925999999999998,20.14,5.925999999999998,qc_approved,2026-07-07,Unallocated
20/70-Navy-Navy-Nylon/Spandex,PO-2026-1192,VALSON POLYESTER PRIVATE LIMITED,goods_partially_received,BOX-PO-2026-1192-CN/2192-06.07.2026-1783396030017-28,6a4c76bedd1345ca37a5375e,CN/2192-06.07.2026,VNY7340,20,0.34400000000000475,21.58,0.34400000000000475,qc_approved,2026-07-07,Unallocated
20/70-Navy-Navy-Nylon/Spandex,PO-2026-1192,VALSON POLYESTER PRIVATE LIMITED,goods_partially_received,BOX-PO-2026-1192-CN/2192-06.07.2026-1783396030017-29,6a4c76bedd1345ca37a5375f,CN/2192-06.07.2026,VNY7340,20,2.772999999999996,20.7,2.772999999999996,qc_approved,2026-07-07,Unallocated
20/70-Navy-Navy-Nylon/Spandex,PO-2026-1192,VALSON POLYESTER PRIVATE LIMITED,goods_partially_received,BOX-PO-2026-1192-CN/2192-06.07.2026-1783396030017-31,6a4c76bedd1345ca37a53761,CN/2192-06.07.2026,VNY7340,20,6.103999999999997,21.28,6.103999999999997,qc_approved,2026-07-07,Unallocated
20/70-Black-Black-Nylon/Spandex,PO-2026-1192,VALSON POLYESTER PRIVATE LIMITED,goods_partially_received,BOX-PO-2026-1192-CN/2183-06.07.2026-1783396030017-3,6a4c76bedd1345ca37a53743,CN/2183-06.07.2026,VNY850,20,0.7999999999999972,20.7,0.7999999999999972,qc_approved,2026-07-07,Unallocated
20/70-Black-Black-Nylon/Spandex,PO-2026-1192,VALSON POLYESTER PRIVATE LIMITED,goods_partially_received,BOX-PO-2026-1192-CN/2186-06.07.2026-1783396030017-14,6a4c76bedd1345ca37a5374f,CN/2186-06.07.2026,VNY850,16,10.335999999999999,18.64,10.335999999999999,qc_approved,2026-07-07,Unallocated
20/70-Black-Black-Nylon/Spandex,PO-2026-1192,VALSON POLYESTER PRIVATE LIMITED,goods_partially_received,BOX-PO-2026-1192-CN/2186-06.07.2026-1783396030017-15,6a4c76bedd1345ca37a53750,CN/2186-06.07.2026,VNY850,18,7.449,19.82,7.449,qc_approved,2026-07-07,Unallocated
20/70-Black-Black-Nylon/Spandex,PO-2026-1192,VALSON POLYESTER PRIVATE LIMITED,goods_partially_received,BOX-PO-2026-1192-CN/2186-06.07.2026-1783396030017-18,6a4c76bedd1345ca37a53753,CN/2186-06.07.2026,VNY850,19,0.31599999999999895,21.28,0.31599999999999895,qc_approved,2026-07-07,Unallocated
20/70-Black-Black-Nylon/Spandex,PO-2026-1192,VALSON POLYESTER PRIVATE LIMITED,goods_partially_received,BOX-PO-2026-1192-CN/2186-06.07.2026-1783396030017-20,6a4c76bedd1345ca37a53755,CN/2186-06.07.2026,VNY850,19,7.880000000000001,21.08,7.880000000000001,qc_approved,2026-07-07,Unallocated
20/40-Black-Black-Nylon/Spandex,PO-2026-1190,VALSON POLYESTER PRIVATE LIMITED,goods_partially_received,BOX-PO-2026-1190-CN/2194-06.07.2026-1783394835347-38,6a4c7213dd1345ca37a53292,CN/2194-06.07.2026,VNY850,22,6.421999999999997,20.84,6.421999999999997,qc_approved,2026-07-07,Unallocated
20/40-Black-Black-Nylon/Spandex,PO-2026-1190,VALSON POLYESTER PRIVATE LIMITED,goods_partially_received,BOX-PO-2026-1190-CN/2194-06.07.2026-1783394835347-39,6a4c7213dd1345ca37a53293,CN/2194-06.07.2026,VNY850,20,10.661000000000001,20.62,10.661000000000001,qc_approved,2026-07-07,Unallocated
20/40-Black-Black-Nylon/Spandex,PO-2026-1190,VALSON POLYESTER PRIVATE LIMITED,goods_partially_received,BOX-PO-2026-1190-CN/2194-06.07.2026-1783394835347-40,6a4c7213dd1345ca37a53294,CN/2194-06.07.2026,VNY850,20,3.371999999999998,19.62,3.371999999999998,qc_approved,2026-07-07,Unallocated
20/70-Brown-Brown-Nylon/Spandex,PO-2026-1190,VALSON POLYESTER PRIVATE LIMITED,goods_partially_received,BOX-PO-2026-1190-CN/2190-06.07.2026-1783394835347-2,6a4c7213dd1345ca37a53268,CN/2190-06.07.2026,VNY7341,20,10.623000000000001,21.2,10.623000000000001,qc_approved,2026-07-07,Unallocated
20/70-Brown-Brown-Nylon/Spandex,PO-2026-1190,VALSON POLYESTER PRIVATE LIMITED,goods_partially_received,BOX-PO-2026-1190-CN/2190-06.07.2026-1783394835347-3,6a4c7213dd1345ca37a53269,CN/2190-06.07.2026,VNY7341,20,8.051000000000002,20.76,8.051000000000002,qc_approved,2026-07-07,Unallocated
20/70-Black-Black-Nylon/Spandex,PO-2026-1190,VALSON POLYESTER PRIVATE LIMITED,goods_partially_received,BOX-PO-2026-1190-CN/2181-06.07.2026-1783394835347-10,6a4c7213dd1345ca37a53271,CN/2181-06.07.2026,VNY850,19,9.835,20.18,9.835,qc_approved,2026-07-07,Unallocated
20/70-Black-Black-Nylon/Spandex,PO-2026-1190,VALSON POLYESTER PRIVATE LIMITED,goods_partially_received,BOX-PO-2026-1190-CN/2181-06.07.2026-1783394835347-11,6a4c7213dd1345ca37a53272,CN/2181-06.07.2026,VNY850,20,5.8980000000000015,20.62,5.8980000000000015,qc_approved,2026-07-07,Unallocated
20/70-Black-Black-Nylon/Spandex,PO-2026-1190,VALSON POLYESTER PRIVATE LIMITED,goods_partially_received,BOX-PO-2026-1190-CN/2181-06.07.2026-1783394835347-12,6a4c7213dd1345ca37a53273,CN/2181-06.07.2026,VNY850,19,7.911999999999999,20.24,7.911999999999999,qc_approved,2026-07-07,Unallocated
20/70-Beige-Beige-Nylon/Spandex,PO-2026-1190,VALSON POLYESTER PRIVATE LIMITED,goods_partially_received,BOX-PO-2026-1190-CN/2185-06.07.2026-1783394835347-15,6a4c7213dd1345ca37a53277,CN/2185-06.07.2026,VNY7353,20,16.430999999999997,20.92,16.430999999999997,qc_approved,2026-07-07,Unallocated
20/70-Navy-Navy-Nylon/Spandex,PO-2026-1190,VALSON POLYESTER PRIVATE LIMITED,goods_partially_received,BOX-PO-2026-1190-CN/2196-06.07.2026-1783394835347-18,6a4c7213dd1345ca37a5327b,CN/2196-06.07.2026,VNY7340,20,12.662,21.18,12.662,qc_approved,2026-07-07,Unallocated
20/70-Navy-Navy-Nylon/Spandex,PO-2026-1190,VALSON POLYESTER PRIVATE LIMITED,goods_partially_received,BOX-PO-2026-1190-CN/2196-06.07.2026-1783394835347-19,6a4c7213dd1345ca37a5327c,CN/2196-06.07.2026,VNY7340,20,11.902000000000001,21.38,11.902000000000001,qc_approved,2026-07-07,Unallocated
20/70-Navy-Navy-Nylon/Spandex,PO-2026-1190,VALSON POLYESTER PRIVATE LIMITED,goods_partially_received,BOX-PO-2026-1190-CN/2196-06.07.2026-1783394835347-20,6a4c7213dd1345ca37a5327d,CN/2196-06.07.2026,VNY7340,20,9.905999999999999,21.32,9.905999999999999,qc_approved,2026-07-07,Unallocated
20/70-Navy-Navy-Nylon/Spandex,PO-2026-1190,VALSON POLYESTER PRIVATE LIMITED,goods_partially_received,BOX-PO-2026-1190-CN/2196-06.07.2026-1783394835347-22,6a4c7213dd1345ca37a5327f,CN/2196-06.07.2026,VNY7340,20,14.809000000000001,20.62,14.809000000000001,qc_approved,2026-07-07,Unallocated
20/70-Navy-Navy-Nylon/Spandex,PO-2026-1190,VALSON POLYESTER PRIVATE LIMITED,goods_partially_received,BOX-PO-2026-1190-CN/2197-06.07.2026-1783394835347-25,6a4c7213dd1345ca37a53283,CN/2197-06.07.2026,VNY7340,7,1.1059999999999999,7.8,1.1059999999999999,qc_approved,2026-07-07,Unallocated
20s-White-White-Bamboo/Bamboo,PO-2026-1103,VARDHMAN TEXTILES LIMITED,goods_partially_received,BOX-PO-2026-1103-M0117174-12.06.2026-1783327445943-4,6a4b6ad558d136bf2724f3ac,M0117174-12.06.2026,MRLO3446,36,2.3450000000000024,37.4,2.3450000000000024,qc_approved,2026-07-06,Unallocated
20s-White-White-Bamboo/Bamboo,PO-2026-1103,VARDHMAN TEXTILES LIMITED,goods_partially_received,BOX-PO-2026-1103-M0117177-12.06.2026-1783327445943-6,6a4b6ad558d136bf2724f3af,M0117177-12.06.2026,MRLO3446,36,15.114,35.94,15.114,qc_approved,2026-07-06,Unallocated
20s-Anthra Melange-Anthra Melange-Bamboo/Bamboo Melange,PO-2026-1099,SAMBANDAM SPINNING MILLS LIMITED,goods_received,BOX-PO-2026-1099-3H1BB-02-15.06.2026-1783164936932-5,6a48f0088fda2c72642913e6,3H1BB-02-15.06.2026,SSM-8160-B,42,56.97,70,56.97,qc_approved,2026-07-04,Unallocated
30s-Deep Grey-Eiffel Tower (Deep Grey)-Cotton/Compact,PO-2026-1194,SUTLEJ TEXTILES AND INDUSTRIES LIMITED,goods_partially_received,BOX-PO-2026-1194-90624-26.06.2026-1783155764181-27,6a48cc348fda2c7264285dfe,90624-26.06.2026,SDY61531,40,0.05100000000000904,46.98,0.05100000000000904,qc_approved,2026-07-04,Unallocated
20s-Deep Grey-Eiffel Tower (Deep Grey)-Cotton/Compact,PO-2026-1194,SUTLEJ TEXTILES AND INDUSTRIES LIMITED,goods_partially_received,BOX-PO-2026-1194-90569-26.06.2026-1783155764181-4,6a48cc348fda2c7264285de6,90569-26.06.2026,SDY61531,40,7.486000000000004,50.96,7.486000000000004,qc_approved,2026-07-04,Unallocated
20s-Deep Grey-Eiffel Tower (Deep Grey)-Cotton/Compact,PO-2026-1194,SUTLEJ TEXTILES AND INDUSTRIES LIMITED,goods_partially_received,BOX-PO-2026-1194-90569-26.06.2026-1783155764181-11,6a48cc348fda2c7264285ded,90569-26.06.2026,SDY61531,40,0.11500000000000199,50.88,0.11500000000000199,qc_approved,2026-07-04,Unallocated
20s-Light Grey Melange-Light Grey Melange-Cotton/Combed Melange,PO-2026-1104,SUTLEJ TEXTILES AND INDUSTRIES LIMITED,goods_partially_received,BOX-PO-2026-1104-V1248-26.06.2026-1782988898231-1,6a4640628fda2c7264259b4d,V1248-26.06.2026,DM68503-I,11,4.9510000000000005,8.36,4.9510000000000005,qc_approved,2026-07-02,Unallocated
20s-Light Grey Melange-Light Grey Melange-Cotton/Combed Melange,PO-2026-1104,SUTLEJ TEXTILES AND INDUSTRIES LIMITED,goods_partially_received,BOX-PO-2026-1104-V1248-26.06.2026-1782988898231-2,6a4640628fda2c7264259b4e,V1248-26.06.2026,DM68503-I,50,14.084000000000005,33.84,14.084000000000005,qc_approved,2026-07-02,Unallocated
20s-Light Grey Melange-Light Grey Melange-Cotton/Combed Melange,PO-2026-1104,SUTLEJ TEXTILES AND INDUSTRIES LIMITED,goods_partially_received,BOX-PO-2026-1104-V1248-26.06.2026-1782988898231-3,6a4640628fda2c7264259b4f,V1248-26.06.2026,DM68503-I,50,27.422,32.88,27.422,qc_approved,2026-07-02,Unallocated
Soft top-Dark Grey-Dark Grey-Rubber/Soft top,PO-2026-1190,VALSON POLYESTER PRIVATE LIMITED,goods_partially_received,BOX-PO-2026-1190-NC/1657-01.07.2026-1782966172870-27,6a45e79cdeec0554e69871cb,NC/1657-01.07.2026,VNY7342,36,3.6259999999999994,16.54,3.6259999999999994,qc_approved,2026-07-02,Unallocated
20/70-Light Grey Melange-Light Grey Melange-Nylon/Spandex,PO-2026-1190,VALSON POLYESTER PRIVATE LIMITED,goods_partially_received,BOX-PO-2026-1190-CN/2184-01.07.2026-1782966172870-32,6a45e79cdeec0554e69871d1,CN/2184-01.07.2026,VNY8324,20,16.746,20.9,16.746,qc_approved,2026-07-02,Unallocated
20/70-Light Grey Melange-Light Grey Melange-Nylon/Spandex,PO-2026-1190,VALSON POLYESTER PRIVATE LIMITED,goods_partially_received,BOX-PO-2026-1190-CN/2184-01.07.2026-1782966172870-33,6a45e79cdeec0554e69871d2,CN/2184-01.07.2026,VNY8324,20,13,20.98,13,qc_approved,2026-07-02,Unallocated
20/70-Light Grey Melange-Light Grey Melange-Nylon/Spandex,PO-2026-1190,VALSON POLYESTER PRIVATE LIMITED,goods_partially_received,BOX-PO-2026-1190-CN/2184-01.07.2026-1782966172870-34,6a45e79cdeec0554e69871d3,CN/2184-01.07.2026,VNY8324,19,1.5259999999999962,20.26,1.5259999999999962,qc_approved,2026-07-02,Unallocated
20/70-Light Grey Melange-Light Grey Melange-Nylon/Spandex,PO-2026-1190,VALSON POLYESTER PRIVATE LIMITED,goods_partially_received,BOX-PO-2026-1190-CN/2184-01.07.2026-1782966172870-35,6a45e79cdeec0554e69871d4,CN/2184-01.07.2026,VNY8324,19,7.9879999999999995,20.1,7.9879999999999995,qc_approved,2026-07-02,Unallocated
20/70-Light Grey Melange-Light Grey Melange-Nylon/Spandex,PO-2026-1190,VALSON POLYESTER PRIVATE LIMITED,goods_partially_received,BOX-PO-2026-1190-CN/2184-01.07.2026-1782966172870-36,6a45e79cdeec0554e69871d5,CN/2184-01.07.2026,VNY8324,20,1.7119999999999997,21.08,1.7119999999999997,qc_approved,2026-07-02,Unallocated
20/70-Light Grey Melange-Light Grey Melange-Nylon/Spandex,PO-2026-1190,VALSON POLYESTER PRIVATE LIMITED,goods_partially_received,BOX-PO-2026-1190-CN/2184-01.07.2026-1782966172870-37,6a45e79cdeec0554e69871d6,CN/2184-01.07.2026,VNY8324,20,1.2139999999999986,21.12,1.2139999999999986,qc_approved,2026-07-02,Unallocated
20/70-Light Grey Melange-Light Grey Melange-Nylon/Spandex,PO-2026-1190,VALSON POLYESTER PRIVATE LIMITED,goods_partially_received,BOX-PO-2026-1190-CN/2184-01.07.2026-1782966172870-39,6a45e79cdeec0554e69871d8,CN/2184-01.07.2026,VNY8324,20,4.018999999999998,20.82,4.018999999999998,qc_approved,2026-07-02,Unallocated
20/70-Light Grey Melange-Light Grey Melange-Nylon/Spandex,PO-2026-1190,VALSON POLYESTER PRIVATE LIMITED,goods_partially_received,BOX-PO-2026-1190-CN/2184-01.07.2026-1782966172870-40,6a45e79cdeec0554e69871d9,CN/2184-01.07.2026,VNY8324,20,10.480999999999998,21,10.480999999999998,qc_approved,2026-07-02,Unallocated
20/40-Light Grey Melange-Light Grey Melange-Nylon/Spandex,PO-2026-1190,VALSON POLYESTER PRIVATE LIMITED,goods_partially_received,BOX-PO-2026-1190-CN/2199-01.07.2026-1782966172870-1,6a45e79cdeec0554e69871ad,CN/2199-01.07.2026,VNY8324,23,4.7769999999999975,20.8,4.7769999999999975,qc_approved,2026-07-02,Unallocated
20/40-Light Grey Melange-Light Grey Melange-Nylon/Spandex,PO-2026-1190,VALSON POLYESTER PRIVATE LIMITED,goods_partially_received,BOX-PO-2026-1190-CN/2199-01.07.2026-1782966172870-2,6a45e79cdeec0554e69871ae,CN/2199-01.07.2026,VNY8324,23,3.1640000000000015,21.24,3.1640000000000015,qc_approved,2026-07-02,Unallocated
20/40-Light Grey Melange-Light Grey Melange-Nylon/Spandex,PO-2026-1190,VALSON POLYESTER PRIVATE LIMITED,goods_partially_received,BOX-PO-2026-1190-CN/2199-01.07.2026-1782966172870-4,6a45e79cdeec0554e69871b0,CN/2199-01.07.2026,VNY8324,23,2.090000000000005,21.3,2.090000000000005,qc_approved,2026-07-02,Unallocated
20/70-Dark Grey-Dark Grey-Nylon/Spandex,PO-2026-1190,VALSON POLYESTER PRIVATE LIMITED,goods_partially_received,BOX-PO-2026-1190-CN/2193-01.07.2026-1782966172870-12,6a45e79cdeec0554e69871ba,CN/2193-01.07.2026,VNY7342,20,10.585999999999999,20.4,10.585999999999999,qc_approved,2026-07-02,Unallocated
20/70-Light Grey-Light Grey-Nylon/Spandex,PO-2026-1190,VALSON POLYESTER PRIVATE LIMITED,goods_partially_received,BOX-PO-2026-1190-CN/2191-01.07.2026-1782966172870-16,6a45e79cdeec0554e69871bf,CN/2191-01.07.2026,VNY8000,18,2.5660000000000007,19.02,2.5660000000000007,qc_approved,2026-07-02,Unallocated
20/70-Light Grey-Light Grey-Nylon/Spandex,PO-2026-1190,VALSON POLYESTER PRIVATE LIMITED,goods_partially_received,BOX-PO-2026-1190-CN/2191-01.07.2026-1782966172870-17,6a45e79cdeec0554e69871c0,CN/2191-01.07.2026,VNY8000,21,14.290000000000001,21.38,14.290000000000001,qc_approved,2026-07-02,Unallocated
20/70-Light Grey-Light Grey-Nylon/Spandex,PO-2026-1190,VALSON POLYESTER PRIVATE LIMITED,goods_partially_received,BOX-PO-2026-1190-CN/2191-01.07.2026-1782966172870-18,6a45e79cdeec0554e69871c1,CN/2191-01.07.2026,VNY8000,22,11.828000000000001,22.58,11.828000000000001,qc_approved,2026-07-02,Unallocated
20/70-Light Grey-Light Grey-Nylon/Spandex,PO-2026-1190,VALSON POLYESTER PRIVATE LIMITED,goods_partially_received,BOX-PO-2026-1190-CN/2191-01.07.2026-1782966172870-20,6a45e79cdeec0554e69871c3,CN/2191-01.07.2026,VNY8000,20,5.692999999999998,20.34,5.692999999999998,qc_approved,2026-07-02,Unallocated
20/70-Light Grey-Light Grey-Nylon/Spandex,PO-2026-1190,VALSON POLYESTER PRIVATE LIMITED,goods_partially_received,BOX-PO-2026-1190-CN/2191-01.07.2026-1782966172870-21,6a45e79cdeec0554e69871c4,CN/2191-01.07.2026,VNY8000,10,7.694999999999999,10.4,7.694999999999999,qc_approved,2026-07-02,Unallocated
Soft top-Dark Grey-Dark Grey-Rubber/Soft top,PO-2026-1190,VALSON POLYESTER PRIVATE LIMITED,goods_partially_received,BOX-PO-2026-1190-NC/1657-01.07.2026-1782966172870-25,6a45e79cdeec0554e69871c9,NC/1657-01.07.2026,VNY7342,40,6.840000000000001,16.7,6.840000000000001,qc_approved,2026-07-02,Unallocated
70/2-Navy-Navy-Nylon/Nylon,PO-2026-1192,VALSON POLYESTER PRIVATE LIMITED,goods_partially_received,BOX-PO-2026-1192-NL64289-01.07.2026-1782964058119-1,6a45df5adeec0554e69849ac,NL64289-01.07.2026,VNY7340,20,12.323,21.04,12.323,qc_approved,2026-07-02,Unallocated
70/2-Navy-Navy-Nylon/Nylon,PO-2026-1192,VALSON POLYESTER PRIVATE LIMITED,goods_partially_received,BOX-PO-2026-1192-NL64289-01.07.2026-1782964058119-2,6a45df5adeec0554e69849ad,NL64289-01.07.2026,VNY7340,36,26.687,35.62,26.687,qc_approved,2026-07-02,Unallocated
70/2-Navy-Navy-Nylon/Nylon,PO-2026-1192,VALSON POLYESTER PRIVATE LIMITED,goods_partially_received,BOX-PO-2026-1192-NL64289-01.07.2026-1782964058119-3,6a45df5adeec0554e69849ae,NL64289-01.07.2026,VNY7340,35,26.756999999999998,35.14,26.756999999999998,qc_approved,2026-07-02,Unallocated
70/2-Navy-Navy-Nylon/Nylon,PO-2026-1192,VALSON POLYESTER PRIVATE LIMITED,goods_partially_received,BOX-PO-2026-1192-NL64289-01.07.2026-1782964058119-5,6a45df5adeec0554e69849b0,NL64289-01.07.2026,VNY7340,35,17.938,34.86,17.938,qc_approved,2026-07-02,Unallocated
Soft top-Deep Grey-Deep Grey-Rubber/Soft top,PO-2026-1087,VALSON POLYESTER PRIVATE LIMITED,goods_partially_received,BOX-PO-2026-1087-NC/1663-01.07.2026-1782963586047-13,6a45dd82deec0554e69842cb,NC/1663-01.07.2026,Develop,33,1.6260000000000012,16.28,1.6260000000000012,qc_approved,2026-07-02,Unallocated
Soft top-Deep Grey-Deep Grey-Rubber/Soft top,PO-2026-1087,VALSON POLYESTER PRIVATE LIMITED,goods_partially_received,BOX-PO-2026-1087-NC/1663-01.07.2026-1782963586047-1,6a45dd82deec0554e69842bf,NC/1663-01.07.2026,Develop,39,9.182,14.94,9.182,qc_approved,2026-07-02,Unallocated
Soft top-Deep Grey-Deep Grey-Rubber/Soft top,PO-2026-1087,VALSON POLYESTER PRIVATE LIMITED,goods_partially_received,BOX-PO-2026-1087-NC/1663-01.07.2026-1782963586047-3,6a45dd82deec0554e69842c1,NC/1663-01.07.2026,Develop,32,6.407000000000002,15.04,6.407000000000002,qc_approved,2026-07-02,Unallocated
Soft top-Deep Grey-Deep Grey-Rubber/Soft top,PO-2026-1087,VALSON POLYESTER PRIVATE LIMITED,goods_partially_received,BOX-PO-2026-1087-NC/1663-01.07.2026-1782963586047-4,6a45dd82deec0554e69842c2,NC/1663-01.07.2026,Develop,38,8.046000000000001,16.14,8.046000000000001,qc_approved,2026-07-02,Unallocated
Soft top-Deep Grey-Deep Grey-Rubber/Soft top,PO-2026-1087,VALSON POLYESTER PRIVATE LIMITED,goods_partially_received,BOX-PO-2026-1087-NC/1663-01.07.2026-1782963586047-5,6a45dd82deec0554e69842c3,NC/1663-01.07.2026,Develop,30,0.28999999999999915,10.08,0.28999999999999915,qc_approved,2026-07-02,Unallocated
Soft top-Deep Grey-Deep Grey-Rubber/Soft top,PO-2026-1087,VALSON POLYESTER PRIVATE LIMITED,goods_partially_received,BOX-PO-2026-1087-NC/1663-01.07.2026-1782963586047-9,6a45dd82deec0554e69842c7,NC/1663-01.07.2026,Develop,32,4.898999999999999,16.16,4.898999999999999,qc_approved,2026-07-02,Unallocated
Soft top-Deep Grey-Deep Grey-Rubber/Soft top,PO-2026-1087,VALSON POLYESTER PRIVATE LIMITED,goods_partially_received,BOX-PO-2026-1087-NC/1663-01.07.2026-1782963586047-10,6a45dd82deec0554e69842c8,NC/1663-01.07.2026,Develop,34,8.507,15.8,8.507,qc_approved,2026-07-02,Unallocated
Soft top-Deep Grey-Deep Grey-Rubber/Soft top,PO-2026-1087,VALSON POLYESTER PRIVATE LIMITED,goods_partially_received,BOX-PO-2026-1087-NC/1663-01.07.2026-1782963586047-12,6a45dd82deec0554e69842ca,NC/1663-01.07.2026,Develop,34,4.523999999999997,15.96,4.523999999999997,qc_approved,2026-07-02,Unallocated
30s-Light Grey Melange-Light Grey Melange-Cotton/Combed Melange,PO-2026-1193,RSWM LTD.,goods_received,BOX-PO-2026-1193-2652305552/A-22062026-1782902822262-8,6a44f026deec0554e697e456,2652305552/A-22062026,81110067,24,42.344,62.5,42.344,qc_approved,2026-07-01,Unallocated
30s-Light Grey Melange-Light Grey Melange-Cotton/Combed Melange,PO-2026-1193,RSWM LTD.,goods_received,BOX-PO-2026-1193-2652305552/A-22062026-1782902822262-1,6a44f026deec0554e697e44f,2652305552/A-22062026,81110067,24,45.055,62.54,45.055,qc_approved,2026-07-01,Unallocated
30s-Light Grey Melange-Light Grey Melange-Cotton/Combed Melange,PO-2026-1193,RSWM LTD.,goods_received,BOX-PO-2026-1193-2652305552/A-22062026-1782902822262-3,6a44f026deec0554e697e451,2652305552/A-22062026,81110067,24,54.684,63.48,54.684,qc_approved,2026-07-01,Unallocated
30s-Light Grey Melange-Light Grey Melange-Cotton/Combed Melange,PO-2026-1193,RSWM LTD.,goods_received,BOX-PO-2026-1193-2652305552/A-22062026-1782902822262-5,6a44f026deec0554e697e453,2652305552/A-22062026,81110067,24,4.471999999999987,65.1,4.471999999999987,qc_approved,2026-07-01,Unallocated
30s-Light Grey Melange-Light Grey Melange-Cotton/Combed Melange,PO-2026-1193,RSWM LTD.,goods_received,BOX-PO-2026-1193-2652305552/A-22062026-1782902822262-6,6a44f026deec0554e697e454,2652305552/A-22062026,81110067,24,19.189,62.74,19.189,qc_approved,2026-07-01,Unallocated
30s-Light Grey Melange-Light Grey Melange-Cotton/Combed Melange,PO-2026-1193,RSWM LTD.,goods_received,BOX-PO-2026-1193-2652305552/A-22062026-1782902822262-7,6a44f026deec0554e697e455,2652305552/A-22062026,81110067,24,31.302,62.5,31.302,qc_approved,2026-07-01,Unallocated
20s-Light Grey Melange-Light Grey Melange-Cotton/Combed Melange,PO-2026-1193,RSWM LTD.,goods_received,BOX-PO-2026-1193-2652305551-22.06.2026-1782889612414-2,6a44bc8c2534844badeaae6e,2652305551-22.06.2026,81110067,24,27.436000000000007,62.62,27.436000000000007,qc_approved,2026-07-01,Unallocated
20s-Light Grey Melange-Light Grey Melange-Cotton/Combed Melange,PO-2026-1193,RSWM LTD.,goods_received,BOX-PO-2026-1193-2652305551-22.06.2026-1782889612414-3,6a44bc8c2534844badeaae6f,2652305551-22.06.2026,81110067,24,33.457,62.88,33.457,qc_approved,2026-07-01,Unallocated
20s-Light Grey Melange-Light Grey Melange-Cotton/Combed Melange,PO-2026-1193,RSWM LTD.,goods_received,BOX-PO-2026-1193-2652305551-22.06.2026-1782889612414-4,6a44bc8c2534844badeaae70,2652305551-22.06.2026,81110067,6,7.68,16.24,7.68,qc_approved,2026-07-01,Unallocated
20s-Light Grey Melange-Light Grey Melange-Cotton/Combed Melange,PO-2026-1193,RSWM LTD.,goods_received,BOX-PO-2026-1193-2652305551-22.06.2026-1782889612414-10,6a44bc8c2534844badeaae76,2652305551-22.06.2026,81110067,24,11.018999999999991,62.88,11.018999999999991,qc_approved,2026-07-01,Unallocated
20s-Light Grey Melange-Light Grey Melange-Cotton/Combed Melange,PO-2026-1193,RSWM LTD.,goods_received,BOX-PO-2026-1193-2652305551-22.06.2026-1782889612414-11,6a44bc8c2534844badeaae77,2652305551-22.06.2026,81110067,24,4.756000000000007,62.68,4.756000000000007,qc_approved,2026-07-01,Unallocated
20s-Light Grey Melange-Light Grey Melange-Cotton/Combed Melange,PO-2026-1193,RSWM LTD.,goods_received,BOX-PO-2026-1193-2652305551-22.06.2026-1782889612414-14,6a44bc8c2534844badeaae7a,2652305551-22.06.2026,81110067,24,24.777,62.54,24.777,qc_approved,2026-07-01,Unallocated
20s-Light Grey Melange-Light Grey Melange-Cotton/Combed Melange,PO-2026-1193,RSWM LTD.,goods_received,BOX-PO-2026-1193-2652305551-22.06.2026-1782889612414-16,6a44bc8c2534844badeaae7c,2652305551-22.06.2026,81110067,24,8.040000000000006,62.76,8.040000000000006,qc_approved,2026-07-01,Unallocated
20s-Light Grey Melange-Light Grey Melange-Cotton/Combed Melange,PO-2026-1193,RSWM LTD.,goods_received,BOX-PO-2026-1193-2652305551-22.06.2026-1782889612414-17,6a44bc8c2534844badeaae7d,2652305551-22.06.2026,81110067,24,43.281,62.68,43.281,qc_approved,2026-07-01,Unallocated
30s-Light Grey Melange-Light Grey Melange-Cotton/Combed Melange,PO-2026-1193,RSWM LTD.,goods_received,BOX-PO-2026-1193-2652305552-22.06.2026-1782889612414-20,6a44bc8c2534844badeaae81,2652305552-22.06.2026,81110067,24,45.17,62.76,45.17,qc_approved,2026-07-01,Unallocated
30s-Light Grey Melange-Light Grey Melange-Cotton/Combed Melange,PO-2026-1193,RSWM LTD.,goods_received,BOX-PO-2026-1193-2652305552-22.06.2026-1782889612414-21,6a44bc8c2534844badeaae82,2652305552-22.06.2026,81110067,24,48.832,62.76,48.832,qc_approved,2026-07-01,Unallocated
30s-Light Grey Melange-Light Grey Melange-Cotton/Combed Melange,PO-2026-1193,RSWM LTD.,goods_received,BOX-PO-2026-1193-2652305552-22.06.2026-1782889612414-22,6a44bc8c2534844badeaae83,2652305552-22.06.2026,81110067,24,8.283999999999992,62.76,8.283999999999992,qc_approved,2026-07-01,Unallocated
70/2-Pastel Green-Tea-Nylon/Nylon,PO-2026-1234,WAMPUM SYNTEX PRIVATE LIMITED,goods_partially_received,BOX-PO-2026-1234-EW53426-1781172974414-1,6a2a8aeebbfb24833d518052,EW53426,WN97520/N.SAM 10829/2,1,0.09300000000000008,0.78,0.09300000000000008,qc_approved,2026-06-11,Unallocated
70/1-Light Grey-Light Grey-Nylon/Nylon,PO-2026-1234,WAMPUM SYNTEX PRIVATE LIMITED,goods_partially_received,BOX-PO-2026-1234-EW44097-1781172749913-10,6a2a8a0dbbfb24833d5174a1,EW44097,WN1882,1,0.367,0.68,0.367,qc_approved,2026-06-11,Unallocated
70/1-Navy-Navy-Nylon/Nylon,PO-2026-1234,WAMPUM SYNTEX PRIVATE LIMITED,goods_partially_received,BOX-PO-2026-1234-EW14044-1781172749913-6,6a2a8a0dbbfb24833d517497,EW14044,WN93329,1,0.05299999999999999,0.3,0.05299999999999999,qc_approved,2026-06-11,Unallocated
70/1-Beige-Beige-Nylon/Nylon,PO-2026-1234,WAMPUM SYNTEX PRIVATE LIMITED,goods_partially_received,BOX-PO-2026-1234-EW32765-1781172749913-7,6a2a8a0dbbfb24833d51749a,EW32765,WN1881,1,0.5130000000000001,0.8,0.5130000000000001,qc_approved,2026-06-11,Unallocated
70/2-Black-Black-Nylon/Nylon,PO-2026-1234,WAMPUM SYNTEX PRIVATE LIMITED,goods_partially_received,BOX-PO-2026-1234-EW64664-1781172041853-2,6a2a8749bbfb24833d51613f,EW64664,WN93388,2,0.531,1.12,0.531,qc_approved,2026-06-11,Unallocated
30s-Orange-Coral-Cotton/Compact,PO-2026-1233,NAHAR SPINNING MILLS LIMITED,goods_partially_received,BOX-PO-2026-1233-22BP091-11062026-1781155579856-2,6a2a46fbbbfb24833d4d277b,22BP091-11062026,NP-8540-A,1,0.22599999999999998,0.66,0.22599999999999998,qc_approved,2026-06-11,Unallocated
30s-Black-Black-Cotton/Compact,PO-2026-1230,SUTLEJ TEXTILES AND INDUSTRIES LIMITED,goods_partially_received,BOX-PO-2026-1230-94384-1781150930306-11,6a2a34d2bbfb24833d4b635f,94384,SDY55525,2,0.758,2.35,0.758,qc_approved,2026-06-11,Unallocated
20s-Light Grey-Light Grey-Cotton/Compact,PO-2026-1230,SUTLEJ TEXTILES AND INDUSTRIES LIMITED,goods_partially_received,BOX-PO-2026-1230-92310-1781148281414-4,6a2a2a79bbfb24833d4a44bc,92310,SDY50374-A,8,1.3899999999999997,8.9,1.3899999999999997,qc_approved,2026-06-11,Unallocated
30s-Anthra Melange-Anthra Melange-Cotton/Combed Melange,PO-2026-1228,RSWM LTD.,goods_partially_received,BOX-PO-2026-1228-2562102318-1781097593410-9,6a296479bbfb24833d49f4d2,2562102318,86100006,1,0.778,1.3,0.778,qc_approved,2026-06-10,Unallocated
20s-Black-Black-Cotton/Compact,PO-2026-1228,RSWM LTD.,goods_partially_received,BOX-PO-2026-1228-2554106477-1781097593410-6,6a296479bbfb24833d49f4cc,2554106477,8780340 / YS26174-A,3,1.088,4,1.088,qc_approved,2026-06-10,Unallocated
Soft top-Sky Blue-Sky Blue-Rubber/Soft top,PO-2026-1218,VALSON POLYESTER PRIVATE LIMITED,goods_partially_received,BOX-PO-2026-1218-1529-1781063821809-11,6a28e08d01bb024eb60bb57a,1529,VNY8047,3,0.15000000000000002,0.72,0.15000000000000002,qc_approved,2026-06-10,Unallocated
70/2-Raw White-Raw White-Nylon/Nylon,PO-2026-1218,VALSON POLYESTER PRIVATE LIMITED,goods_partially_received,BOX-PO-2026-1218-G79157-1781063821809-14,6a28e08d01bb024eb60bb580,G79157,Raw White,0,1.129,0,1.129,qc_approved,2026-06-10,Unallocated
70/2-Brown-Brown-Nylon/Nylon,PO-2026-1218,VALSON POLYESTER PRIVATE LIMITED,goods_partially_received,BOX-PO-2026-1218-56937-1781063821809-18,6a28e08d01bb024eb60bb587,56937,VNY7341,2,0.16599999999999998,0.7,0.16599999999999998,qc_approved,2026-06-10,Unallocated
70/4-Maroon-Maroon-Nylon/Nylon,PO-2026-1218,VALSON POLYESTER PRIVATE LIMITED,goods_partially_received,BOX-PO-2026-1218-58775-1781063821809-22,6a28e08d01bb024eb60bb58f,58775,NXD4998,0,0.453,0,0.453,qc_approved,2026-06-10,Unallocated
Soft top-Black-Black-Rubber/Soft top,PO-2026-1218,VALSON POLYESTER PRIVATE LIMITED,goods_partially_received,BOX-PO-2026-1218-1614-1781063821809-3,6a28e08d01bb024eb60bb56a,1614,VNY850,4,0.15200000000000002,0.76,0.15200000000000002,qc_approved,2026-06-10,Unallocated
Soft top-Raw White-Raw White-Rubber/Soft top,PO-2026-1218,VALSON POLYESTER PRIVATE LIMITED,goods_partially_received,BOX-PO-2026-1218-1516-1781063821809-1,6a28e08d01bb024eb60bb566,1516,Raw White,7,0.18399999999999994,1.9,0.18399999999999994,qc_approved,2026-06-10,Unallocated
70/2-Peach-Peach-Nylon/Nylon,PO-2026-1219,SARLA PERFORMANCE FIBERS LIMITED,goods_partially_received,BOX-PO-2026-1219-WN01628-1781062034936-4,6a28d99201bb024eb60a7526,WN01628,120915,2,0.8359999999999999,2.1,0.8359999999999999,qc_approved,2026-06-10,Unallocated
70/2-Navy-Navy-Nylon/Nylon,PO-2026-1220,WAMPUM SYNTEX PRIVATE LIMITED,goods_partially_received,BOX-PO-2026-1220-EW70453-1780979214274-1,6a27960e9a2d47385fbcceba,EW70453,WN93329,4,0.4610000000000001,2.6,0.4610000000000001,qc_approved,2026-06-09,Unallocated
70/1-Dark Grey-Dark Grey-Nylon/Nylon,PO-2026-1220,WAMPUM SYNTEX PRIVATE LIMITED,goods_partially_received,BOX-PO-2026-1220-41671-1780978133921-18,6a2791d59a2d47385fbc7661,41671,WN1883,2,0.14799999999999996,0.78,0.14799999999999996,qc_approved,2026-06-09,Unallocated
70/1-Deep Grey-Deep Grey-Nylon/Nylon,PO-2026-1220,WAMPUM SYNTEX PRIVATE LIMITED,goods_partially_received,BOX-PO-2026-1220-71035-1780978133921-22,6a2791d59a2d47385fbc7669,71035,WN98756,1,0.687,0.8,0.687,qc_rejected,2026-06-09,Unallocated
20/70-Beige-Travertine-Nylon/Spandex,PO-2026-1220,WAMPUM SYNTEX PRIVATE LIMITED,goods_partially_received,BOX-PO-2026-1220-14215-1780978133921-24,6a2791d59a2d47385fbc766d,14215,WN95012,2,0.07599999999999996,1.14,0.07599999999999996,qc_approved,2026-06-09,Unallocated
70/2-Red-Red-Nylon/Nylon,PO-2026-1220,WAMPUM SYNTEX PRIVATE LIMITED,goods_partially_received,BOX-PO-2026-1220-64630-1780978133921-3,6a2791d59a2d47385fbc7643,64630,WN0620,0,0.13,0,0.13,qc_approved,2026-06-09,Unallocated
70/2-Light Grey-Light Grey-Nylon/Nylon,PO-2026-1220,WAMPUM SYNTEX PRIVATE LIMITED,goods_partially_received,BOX-PO-2026-1220-57667-1780978133921-4,6a2791d59a2d47385fbc7645,57667,WN1882,5,2.505,4.44,2.505,qc_approved,2026-06-09,Unallocated
70/4-Dark Grey-Dark Grey-Nylon/Nylon,PO-2026-1220,WAMPUM SYNTEX PRIVATE LIMITED,goods_partially_received,BOX-PO-2026-1220-37708-1780978133921-16,6a2791d59a2d47385fbc765d,37708,WN1883,3,0.5630000000000001,1.1,0.5630000000000001,qc_approved,2026-06-09,Unallocated
70/4-Light Grey-Light Grey-Nylon/Nylon,PO-2026-1220,WAMPUM SYNTEX PRIVATE LIMITED,goods_partially_received,BOX-PO-2026-1220-37709-1780978133921-17,6a2791d59a2d47385fbc765f,37709,WN1882,2,0.07699999999999996,1.36,0.07699999999999996,qc_approved,2026-06-09,Unallocated
70/2-Sky Blue-Sky Blue-Nylon/Nylon,PO-2026-1220,WAMPUM SYNTEX PRIVATE LIMITED,goods_partially_received,BOX-PO-2026-1220-69736-1780924773349-4,6a26c1659a2d47385fbb246b,69736,WN0053,4,0.377,1.16,0.377,qc_approved,2026-06-08,Unallocated
30s-White-White-Cotton/Compact,PO-2026-1221,VARDHMAN TEXTILES LIMITED,goods_received,BOX-PO-2026-1221-MRL03363-1780919893460-9,6a26ae559a2d47385fbaf269,MRL03363,MRL03363,0,1.186,0,1.186,qc_approved,2026-06-08,Unallocated
70/2-Denim Blue-Denim Blue-Nylon/Nylon,PO-2026-1200,WAMPUM SYNTEX PRIVATE LIMITED,goods_partially_received,BOX-PO-2026-1200-EW33605-1780917359352-1,6a26a46f084d412f4e63b728,EW33605,WN96332 (N.SAM7903/6/B),1,0.534,0.06,0.534,qc_approved,2026-06-08,Unallocated
70/2-Light Grey Melange-Light Grey Melange-Nylon/Nylon,PO-2026-1200,WAMPUM SYNTEX PRIVATE LIMITED,goods_partially_received,BOX-PO-2026-1200-EW57736-1780911518208-11,6a268d9e9fc358290d381167,EW57736,WN96693,7,0.7170000000000001,4.26,0.7170000000000001,qc_approved,2026-06-08,Unallocated
70/2-Deep Grey-Deep Grey-Nylon/Nylon,PO-2026-1200,WAMPUM SYNTEX PRIVATE LIMITED,goods_partially_received,BOX-PO-2026-1200-EW71035-1780911518208-13,6a268d9e9fc358290d38116b,EW71035,WN98756,1,0.495,0.8,0.495,qc_approved,2026-06-08,Unallocated
70/2-MedIum Royal Blue-Medium Royal Blue-Nylon/Nylon,PO-2026-1200,WAMPUM SYNTEX PRIVATE LIMITED,goods_partially_received,BOX-PO-2026-1200-EW18283-1780911518208-14,6a268d9e9fc358290d38116d,EW18283,WN93064,6,0.34799999999999986,6.08,0.34799999999999986,qc_approved,2026-06-08,Unallocated
70/2-Black-Black-Nylon/Nylon,PO-2026-1200,WAMPUM SYNTEX PRIVATE LIMITED,goods_partially_received,BOX-PO-2026-1200-EW64664-1780911518208-4,6a268d9e9fc358290d381159,EW64664,WN93388,4,1.461,2.68,1.461,qc_approved,2026-06-08,Unallocated
70/2-Beige-Beige-Nylon/Nylon,PO-2026-1200,WAMPUM SYNTEX PRIVATE LIMITED,goods_partially_received,BOX-PO-2026-1200-EW62852-1780911518208-9,6a268d9e9fc358290d381163,EW62852,WN1881,3,0.17600000000000005,1.34,0.17600000000000005,qc_approved,2026-06-08,Unallocated
70/2-Dark Grey-Dark Grey-Nylon/Nylon,PO-2026-1200,WAMPUM SYNTEX PRIVATE LIMITED,goods_partially_received,BOX-PO-2026-1200-EW57656-1780911518208-1,6a268d9e9fc358290d381153,EW57656,WN1883,2,0.431,1.06,0.431,,2026-06-08,Unallocated
70/2-Dark Royal Blue-Dark Royal Blue-Nylon/Nylon,PO-2026-1200,WAMPUM SYNTEX PRIVATE LIMITED,goods_partially_received,BOX-PO-2026-1200-EW93063-1780909396137-1,6a2685549fc358290d37ea32,EW93063,WN93063,1,0.14200000000000002,0.06,0.14200000000000002,qc_approved,2026-06-08,Unallocated
30s-Light Grey Melange-Light Grey Melange-Cotton/Combed Melange,PO-2026-1215,RSWM LTD.,goods_partially_received,BOX-PO-2026-1215-2552307525-1780660272686-4,6a22b83036e563f048546fd3,2552307525,81110067,2,1.0310000000000001,2.76,1.0310000000000001,qc_approved,2026-06-05,Unallocated
20s-Anthra Melange-Anthra Melange-Cotton/Combed Melange,PO-2026-1215,RSWM LTD.,goods_partially_received,BOX-PO-2026-1215-2552307704-1780660272686-8,6a22b83036e563f048546fdb,2552307704,86100006,2,0.45199999999999996,2.9,0.45199999999999996,qc_approved,2026-06-05,Unallocated
30s-Beige-Beige-Cotton/Cotton Birla Modal Vortex,PO-2026-1215,RSWM LTD.,goods_partially_received,BOX-PO-2026-1215-2454106266-1780660272686-12,6a22b83036e563f048546fe3,2454106266,8190134/YCM35912-C,1,0.011999999999999983,0.2,0.011999999999999983,qc_approved,2026-06-05,Unallocated
20s-Maroon-Maroon-Cotton/Compact,PO-2026-1215,RSWM LTD.,goods_partially_received,BOX-PO-2026-1215-2254102388-1780660272686-14,6a22b83036e563f048546fe7,2254102388,YS22412-A / 8730432,1,1.0659999999999998,1.24,1.0659999999999998,qc_approved,2026-06-05,Unallocated
2/60s-Olive-Olive-Cotton/Supima Cotton,PO-2026-1210,RSWM LTD.,goods_received,BOX-PO-2026-1210-2454101447-1780485487996-11,6a200d709ad6499102deea0f,2454101447,8540351,6,1.0679999999999996,9.49,1.0679999999999996,qc_approved,2026-06-03,Unallocated
30s-Olive-Olive-Cotton/Compact,PO-2026-1209,SUTLEJ TEXTILES AND INDUSTRIES LIMITED,goods_received,BOX-PO-2026-1209-94361-1780483405029-5,6a20054d9ad6499102dec659,94361,SDY50128-A,2,0.6559999999999997,2.24,0.6559999999999997,qc_approved,2026-06-03,Unallocated
30s-Navy-Navy-Cotton/Compact,PO-2026-1209,SUTLEJ TEXTILES AND INDUSTRIES LIMITED,goods_received,BOX-PO-2026-1209-90436-1780482424805-1,6a2001789ad6499102dea88c,90436,SDY53391-A,2,0.2649999999999999,1.66,0.2649999999999999,qc_approved,2026-06-03,Unallocated
30s-Beige-Beige-Cotton/Compact,PO-2026-1209,SUTLEJ TEXTILES AND INDUSTRIES LIMITED,goods_received,BOX-PO-2026-1209-95201-1780482424805-4,6a2001789ad6499102dea892,95201,SDY50144-B,3,0.31400000000000006,1.98,0.31400000000000006,qc_approved,2026-06-03,Unallocated
30s-Navy-Navy-Cotton/Compact,PO-2026-1209,SUTLEJ TEXTILES AND INDUSTRIES LIMITED,goods_received,BOX-PO-2026-1209-94385-1780482134234-13,6a2000569ad6499102dea132,94385,SDY53391-A,17,4.113,10.86,4.113,qc_approved,2026-06-03,Unallocated
20s-Navy-Navy-Cotton/Compact,PO-2026-1209,SUTLEJ TEXTILES AND INDUSTRIES LIMITED,goods_received,BOX-PO-2026-1209-92780-1780482134234-4,6a2000569ad6499102dea11f,92780,SDY53391-A,1,0.038000000000000034,0.74,0.038000000000000034,qc_approved,2026-06-03,Unallocated
20s-Deep Grey-Eiffel Tower (Deep Grey)-Cotton/Compact,PO-2026-1209,SUTLEJ TEXTILES AND INDUSTRIES LIMITED,goods_received,BOX-PO-2026-1209-94890-1780482134234-5,6a2000569ad6499102dea121,94890,SDY61531,3,1.174,2.58,1.174,qc_approved,2026-06-03,Unallocated
20s-Black-Black-Cotton/Compact,PO-2026-1209,SUTLEJ TEXTILES AND INDUSTRIES LIMITED,goods_received,BOX-PO-2026-1209-94358-1780482134234-7,6a2000569ad6499102dea125,94358,SDY55525,22,3.317000000000002,17.8,3.317000000000002,qc_approved,2026-06-03,Unallocated
20s-Light Grey Melange-Light Grey Melange-Cotton/Combed Melange,PO-2026-1209,SUTLEJ TEXTILES AND INDUSTRIES LIMITED,goods_received,BOX-PO-2026-1209-11121-1780481560974-4,6a1ffe189ad6499102de92bd,11121,DM68503-I,5,0.4299999999999997,2.6,0.4299999999999997,qc_approved,2026-06-03,Unallocated
20s-Sky Blue-Sky Blue-Cotton/Compact,PO-2026-1209,SUTLEJ TEXTILES AND INDUSTRIES LIMITED,goods_received,BOX-PO-2026-1209-94953-1780481560974-5,6a1ffe189ad6499102de92bf,94953,SDY51914-A,3,0.7679999999999999,1.8,0.7679999999999999,qc_approved,2026-06-03,Unallocated
20s-Light Green-Green Ash-Cotton/Compact,PO-2026-1209,SUTLEJ TEXTILES AND INDUSTRIES LIMITED,goods_received,BOX-PO-2026-1209-94921-1780481560974-6,6a1ffe189ad6499102de92c1,94921,SDY56128,1,0.15000000000000002,0.58,0.15000000000000002,qc_approved,2026-06-03,Unallocated
20/70-Brown-Brown-Nylon/Spandex,PO-2026-1191,WAMPUM SYNTEX PRIVATE LIMITED,goods_partially_received,BOX-PO-2026-1191-EW76244/26-1780463175438-3,6a1fb6479ad6499102dbcf71,EW76244/26,WN0042,18,13.825000000000001,25.8,13.825000000000001,qc_approved,2026-06-03,Unallocated
20/70-Brown-Brown-Nylon/Spandex,PO-2026-1191,WAMPUM SYNTEX PRIVATE LIMITED,goods_partially_received,BOX-PO-2026-1191-EW76244/26-1780463175438-4,6a1fb6479ad6499102dbcf72,EW76244/26,WN0042,18,1.5819999999999972,25.58,1.5819999999999972,qc_approved,2026-06-03,Unallocated
70/4-Dark Royal Blue-Dark Royal Blue-Nylon/Nylon,PO-2026-1191,WAMPUM SYNTEX PRIVATE LIMITED,goods_partially_received,BOX-PO-2026-1191-EW76893/26-1780463175438-5,6a1fb6479ad6499102dbcf74,EW76893/26,WN93063,19,8.934000000000001,20.95,8.934000000000001,qc_approved,2026-06-03,Unallocated
20/70-Brown-Brown-Nylon/Spandex,PO-2026-1191,WAMPUM SYNTEX PRIVATE LIMITED,goods_partially_received,BOX-PO-2026-1191-EW76244/26-1780463175438-1,6a1fb6479ad6499102dbcf6f,EW76244/26,WN0042,18,0.1880000000000024,25.8,0.1880000000000024,qc_approved,2026-06-03,Unallocated
20/70-Brown-Brown-Nylon/Spandex,PO-2026-1191,WAMPUM SYNTEX PRIVATE LIMITED,goods_partially_received,BOX-PO-2026-1191-EW76244/26-1780463175438-2,6a1fb6479ad6499102dbcf70,EW76244/26,WN0042,17,9.867999999999997,24.6,9.867999999999997,qc_approved,2026-06-03,Unallocated
20s-Black-Black-Cotton/Compact,PO-2026-1204,SUTLEJ TEXTILES AND INDUSTRIES LIMITED,goods_partially_received,BOX-PO-2026-1204-94358-02062026-27-1780398774481-17,6a1ebab69ad6499102d8b410,94358-02062026-27,SDY55525,40,2.032999999999987,49.4,2.032999999999987,qc_approved,2026-06-02,Unallocated
20s-Black-Black-Cotton/Compact,PO-2026-1204,SUTLEJ TEXTILES AND INDUSTRIES LIMITED,goods_partially_received,BOX-PO-2026-1204-94358-02062026-27-1780398774481-18,6a1ebab69ad6499102d8b411,94358-02062026-27,SDY55525,0,0.38699999999999335,0,0.38699999999999335,qc_approved,2026-06-02,Unallocated
30s-Black-Black-Cotton/Compact,PO-2026-1204,SUTLEJ TEXTILES AND INDUSTRIES LIMITED,goods_partially_received,BOX-PO-2026-1204-94383-02062026-1780398774481-8,6a1ebab69ad6499102d8b404,94383-02062026,SDY55525,40,3.3079999999999927,48.46,3.3079999999999927,qc_approved,2026-06-02,Unallocated
30s-Black-Black-Cotton/Compact,PO-2026-1204,SUTLEJ TEXTILES AND INDUSTRIES LIMITED,goods_partially_received,BOX-PO-2026-1204-94383-02062026-1780398774481-10,6a1ebab69ad6499102d8b406,94383-02062026,SDY55525,40,13.416,48.6,13.416,qc_approved,2026-06-02,Unallocated
30s-Black-Black-Cotton/Compact,PO-2026-1204,SUTLEJ TEXTILES AND INDUSTRIES LIMITED,goods_partially_received,BOX-PO-2026-1204-94384-02062026-1780398774481-11,6a1ebab69ad6499102d8b408,94384-02062026,SDY55525,40,14.657000000000004,44.52,14.657000000000004,qc_approved,2026-06-02,Unallocated
30s-Black-Black-Cotton/Compact,PO-2026-1204,SUTLEJ TEXTILES AND INDUSTRIES LIMITED,goods_partially_received,BOX-PO-2026-1204-94384-02062026-1780398774481-13,6a1ebab69ad6499102d8b40a,94384-02062026,SDY55525,40,34.974000000000004,45,34.974000000000004,qc_approved,2026-06-02,Unallocated
30s-Black-Black-Cotton/Compact,PO-2026-1204,SUTLEJ TEXTILES AND INDUSTRIES LIMITED,goods_partially_received,BOX-PO-2026-1204-94384-02062026-1780398774481-14,6a1ebab69ad6499102d8b40b,94384-02062026,SDY55525,40,5.036999999999992,44.64,5.036999999999992,qc_approved,2026-06-02,Unallocated
30s-Black-Black-Cotton/Compact,PO-2026-1204,SUTLEJ TEXTILES AND INDUSTRIES LIMITED,goods_partially_received,BOX-PO-2026-1204-94383-02062026-1780398774481-2,6a1ebab69ad6499102d8b3fe,94383-02062026,SDY55525,40,3.0959999999999965,48.66,3.0959999999999965,qc_approved,2026-06-02,Unallocated
30s-Black-Black-Cotton/Compact,PO-2026-1204,SUTLEJ TEXTILES AND INDUSTRIES LIMITED,goods_partially_received,BOX-PO-2026-1204-94383-02062026-1780398774481-4,6a1ebab69ad6499102d8b400,94383-02062026,SDY55525,40,15.404999999999994,48.5,15.404999999999994,qc_approved,2026-06-02,Unallocated
20s-Black-Black-Cotton/Compact,PO-2026-1203,RSWM LTD.,goods_received,BOX-PO-2026-1203-2154102018-01062026-1780312641400-1,6a1d6a41793b417fa1d37931,2154102018-01062026,8780274,0,20.43,0,20.43,qc_approved,2026-06-01,Unallocated
70/1-Dark Grey-Dark Grey-Nylon/Nylon,PO-2026-1200,WAMPUM SYNTEX PRIVATE LIMITED,goods_partially_received,BOX-PO-2026-1200-EW41671-1780219491627-10,6a1bfe6377702760c97fc110,EW41671,WN1883,2,0.242,1.48,0.242,qc_approved,2026-05-31,Unallocated
70/1-Dark Grey-Dark Grey-Nylon/Nylon,PO-2026-1200,WAMPUM SYNTEX PRIVATE LIMITED,goods_partially_received,BOX-PO-2026-1200-EW28074-1780219491627-11,6a1bfe6377702760c97fc112,EW28074,WN1883,2,0.3680000000000001,1.76,0.3680000000000001,qc_approved,2026-05-31,Unallocated
70/1-Dark Grey-Dark Grey-Nylon/Nylon,PO-2026-1200,WAMPUM SYNTEX PRIVATE LIMITED,goods_partially_received,BOX-PO-2026-1200-EW13982-1780219491627-13,6a1bfe6377702760c97fc116,EW13982,WN1883,1,0.033,0.12,0.033,,2026-05-31,Unallocated
70/2-Dark Royal Blue-Dark Royal Blue-Nylon/Nylon,PO-2026-1200,WAMPUM SYNTEX PRIVATE LIMITED,goods_partially_received,BOX-PO-2026-1200-EW18286-1780219491627-1,6a1bfe6377702760c97fc0fe,EW18286,WN93063,6,0.5499999999999998,5.06,0.5499999999999998,qc_approved,2026-05-31,Unallocated
70/1-Light Grey-Light Grey-Nylon/Nylon,PO-2026-1200,WAMPUM SYNTEX PRIVATE LIMITED,goods_partially_received,BOX-PO-2026-1200-EW44097-1780219491627-6,6a1bfe6377702760c97fc108,EW44097,WN1882,4,0.2370000000000001,1.9,0.2370000000000001,qc_approved,2026-05-31,Unallocated
70/1-Light Grey-Light Grey-Nylon/Nylon,PO-2026-1200,WAMPUM SYNTEX PRIVATE LIMITED,goods_partially_received,BOX-PO-2026-1200-EW40967-1780219491627-7,6a1bfe6377702760c97fc10a,EW40967,WN1882,0,0.28700000000000003,0,0.28700000000000003,qc_approved,2026-05-31,Unallocated
20/70-Black-Black-Nylon/Spandex,PO-2026-1200,WAMPUM SYNTEX PRIVATE LIMITED,goods_partially_received,BOX-PO-2026-1200-EW69885-1780138981047-2,6a1ac3e577702760c97f38e3,EW69885,WN93388,4,1.4530000000000003,2.6,1.4530000000000003,qc_approved,2026-05-30,Unallocated
20/70-Light Grey Melange-Light Grey Melange-Nylon/Spandex,PO-2026-1200,WAMPUM SYNTEX PRIVATE LIMITED,goods_partially_received,BOX-PO-2026-1200-EW64238-1780138981047-6,6a1ac3e577702760c97f38eb,EW64238,WN96693,3,0.8330000000000002,2.38,0.8330000000000002,qc_approved,2026-05-30,Unallocated
20s-White-White-Cotton/Compact,PO-2026-771,VARDHMAN TEXTILES LIMITED,goods_received,BOX-PO-2026-771-M0117158-30052026-1780120391869-10,6a1a7b4753d0e92ec1da8c96,M0117158-30052026,MRL03339,18,0.04200000000000159,19.32,0.04200000000000159,qc_approved,2026-05-30,Unallocated
20s-White-White-Cotton/Compact,PO-2026-771,VARDHMAN TEXTILES LIMITED,goods_received,BOX-PO-2026-771-M0117158-30052026-1780120391869-14,6a1a7b4753d0e92ec1da8c9a,M0117158-30052026,MRL03339,18,16.294,19.075,16.294,qc_approved,2026-05-30,Unallocated
20/70-Navy-Navy-Nylon/Spandex,PO-2026-1201,VALSON POLYESTER PRIVATE LIMITED,goods_partially_received,BOX-PO-2026-1201-CN/2067 2-1780115982154-1,6a1a6a0e53d0e92ec1d93779,CN/2067 2,VNY7340,1,0.15800000000000003,0.94,0.15800000000000003,qc_approved,2026-05-30,Unallocated
30s-Black-Black-Cotton/Compact,PO-2026-1194,SUTLEJ TEXTILES AND INDUSTRIES LIMITED,goods_partially_received,BOX-PO-2026-1194-90623-03062026-1780052985751-1,6a1973f953d0e92ec1d5aecf,90623-03062026,SDY55525,40,29.436,49.3,29.436,qc_approved,2026-05-29,Unallocated
30s-Black-Black-Cotton/Compact,PO-2026-1194,SUTLEJ TEXTILES AND INDUSTRIES LIMITED,goods_partially_received,BOX-PO-2026-1194-90623-03062026-1780052985751-2,6a1973f953d0e92ec1d5aed0,90623-03062026,SDY55525,40,26.653,49.6,26.653,qc_approved,2026-05-29,Unallocated
30s-Black-Black-Cotton/Compact,PO-2026-1194,SUTLEJ TEXTILES AND INDUSTRIES LIMITED,goods_partially_received,BOX-PO-2026-1194-90623-03062026-1780052985751-4,6a1973f953d0e92ec1d5aed2,90623-03062026,SDY55525,40,25.416000000000004,49.5,25.416000000000004,qc_approved,2026-05-29,Unallocated
30s-Black-Black-Cotton/Compact,PO-2026-1194,SUTLEJ TEXTILES AND INDUSTRIES LIMITED,goods_partially_received,BOX-PO-2026-1194-90623-03062026-1780052985751-5,6a1973f953d0e92ec1d5aed3,90623-03062026,SDY55525,40,18.953000000000003,49.3,18.953000000000003,qc_approved,2026-05-29,Unallocated
30s-Black-Black-Cotton/Compact,PO-2026-1194,SUTLEJ TEXTILES AND INDUSTRIES LIMITED,goods_partially_received,BOX-PO-2026-1194-90623-03062026-1780052985751-6,6a1973f953d0e92ec1d5aed4,90623-03062026,SDY55525,40,12.400000000000006,49.3,12.400000000000006,qc_approved,2026-05-29,Unallocated
30s-Black-Black-Cotton/Compact,PO-2026-1194,SUTLEJ TEXTILES AND INDUSTRIES LIMITED,goods_partially_received,BOX-PO-2026-1194-90623-03062026-1780052985751-7,6a1973f953d0e92ec1d5aed5,90623-03062026,SDY55525,40,37.232,49.45,37.232,qc_approved,2026-05-29,Unallocated
30s-Black-Black-Cotton/Compact,PO-2026-1194,SUTLEJ TEXTILES AND INDUSTRIES LIMITED,goods_partially_received,BOX-PO-2026-1194-90623-03062026-1780052985751-9,6a1973f953d0e92ec1d5aed7,90623-03062026,SDY55525,40,14.338999999999999,49.7,14.338999999999999,qc_approved,2026-05-29,Unallocated
30s-Black-Black-Cotton/Compact,PO-2026-1194,SUTLEJ TEXTILES AND INDUSTRIES LIMITED,goods_partially_received,BOX-PO-2026-1194-90623-03062026-1780052985751-10,6a1973f953d0e92ec1d5aed8,90623-03062026,SDY55525,40,29.438000000000006,49.65,29.438000000000006,qc_approved,2026-05-29,Unallocated
20s-Navy-Navy-Cotton/Compact,PO-2026-1104,SUTLEJ TEXTILES AND INDUSTRIES LIMITED,goods_partially_received,BOX-PO-2026-1104-95136-03062026-1780052860143-20,6a19737c53d0e92ec1d5a8ca,95136-03062026,SDY53391-A,40,33.06699999999999,48.25,33.06699999999999,qc_approved,2026-05-29,Unallocated
20s-Navy-Navy-Cotton/Compact,PO-2026-1104,SUTLEJ TEXTILES AND INDUSTRIES LIMITED,goods_partially_received,BOX-PO-2026-1104-95136-03062026-1780052860143-22,6a19737c53d0e92ec1d5a8cc,95136-03062026,SDY53391-A,40,26.051,48.35,26.051,qc_approved,2026-05-29,Unallocated
20s-Navy-Navy-Cotton/Compact,PO-2026-1104,SUTLEJ TEXTILES AND INDUSTRIES LIMITED,goods_partially_received,BOX-PO-2026-1104-95136-03062026-1780052860143-16,6a19737c53d0e92ec1d5a8c6,95136-03062026,SDY53391-A,40,9.695,48.2,9.695,qc_approved,2026-05-29,Unallocated
20s-Navy-Navy-Cotton/Compact,PO-2026-1104,SUTLEJ TEXTILES AND INDUSTRIES LIMITED,goods_partially_received,BOX-PO-2026-1104-95136-03062026-1780052860143-14,6a19737c53d0e92ec1d5a8c4,95136-03062026,SDY53391-A,40,11.244,44.3,11.244,qc_approved,2026-05-29,Unallocated
20s-Navy-Navy-Cotton/Compact,PO-2026-1104,SUTLEJ TEXTILES AND INDUSTRIES LIMITED,goods_partially_received,BOX-PO-2026-1104-95136-03062026-1780052860143-15,6a19737c53d0e92ec1d5a8c5,95136-03062026,SDY53391-A,19,13.392,22.5,13.392,qc_approved,2026-05-29,Unallocated
70/4-Black-Black-Nylon/Nylon,PO-2026-1200,WAMPUM SYNTEX PRIVATE LIMITED,goods_partially_received,BOX-PO-2026-1200-EW37702-1780046825251-1,6a195be953d0e92ec1d4c441,EW37702,WN93388,7,1.2819999999999996,4.96,1.2819999999999996,qc_approved,2026-05-29,Unallocated
70/4-Light Grey-Light Grey-Nylon/Nylon,PO-2026-1200,WAMPUM SYNTEX PRIVATE LIMITED,goods_partially_received,BOX-PO-2026-1200-EW37709-1780046825251-2,6a195be953d0e92ec1d4c443,EW37709,WN1882,6,1.8319999999999999,0.54,1.8319999999999999,qc_approved,2026-05-29,Unallocated
70/4-Maroon-Maroon-Nylon/Nylon,PO-2026-1200,WAMPUM SYNTEX PRIVATE LIMITED,goods_partially_received,BOX-PO-2026-1200-EW37687-1780046825251-3,6a195be953d0e92ec1d4c445,EW37687,WN0614,1,0.063,0.56,0.063,qc_approved,2026-05-29,Unallocated
20/70-Black-Black-Nylon/Spandex,PO-2026-1195,WAMPUM SYNTEX PRIVATE LIMITED,goods_partially_received,BOX-PO-2026-1195-EW75995/26-1780039832986-10,6a19409853d0e92ec1d39d36,EW75995/26,WN93388,7,4.608,10.25,4.608,qc_approved,2026-05-29,Unallocated
20/70-Black-Black-Nylon/Spandex,PO-2026-1195,WAMPUM SYNTEX PRIVATE LIMITED,goods_partially_received,BOX-PO-2026-1195-EW75995/26-1780039832986-11,6a19409853d0e92ec1d39d37,EW75995/26,WN93388,18,0.4540000000000042,24.85,0.4540000000000042,qc_approved,2026-05-29,Unallocated
20/70-Navy-Navy-Nylon/Spandex,PO-2026-1195,WAMPUM SYNTEX PRIVATE LIMITED,goods_partially_received,BOX-PO-2026-1195-EW76087/26-1780039832986-12,6a19409853d0e92ec1d39d39,EW76087/26,WN93329,19,12.822,26.52,12.822,qc_approved,2026-05-29,Unallocated
20/70-Navy-Navy-Nylon/Spandex,PO-2026-1195,WAMPUM SYNTEX PRIVATE LIMITED,goods_partially_received,BOX-PO-2026-1195-EW76087/26-1780039832986-13,6a19409853d0e92ec1d39d3a,EW76087/26,WN93329,19,17.514,27.86,17.514,qc_approved,2026-05-29,Unallocated
20/70-Navy-Navy-Nylon/Spandex,PO-2026-1195,WAMPUM SYNTEX PRIVATE LIMITED,goods_partially_received,BOX-PO-2026-1195-EW76087/26-1780039832986-14,6a19409853d0e92ec1d39d3b,EW76087/26,WN93329,19,2.660999999999998,26.52,2.660999999999998,qc_approved,2026-05-29,Unallocated
20/70-Navy-Navy-Nylon/Spandex,PO-2026-1195,WAMPUM SYNTEX PRIVATE LIMITED,goods_partially_received,BOX-PO-2026-1195-EW76087/26-1780039832986-15,6a19409853d0e92ec1d39d3c,EW76087/26,WN93329,15,4.671000000000001,21.11,4.671000000000001,qc_approved,2026-05-29,Unallocated
20/70-Navy-Navy-Nylon/Spandex,PO-2026-1195,WAMPUM SYNTEX PRIVATE LIMITED,goods_partially_received,BOX-PO-2026-1195-EW76087/26-1780039832986-16,6a19409853d0e92ec1d39d3d,EW76087/26,WN93329,18,10.113,25.05,10.113,qc_approved,2026-05-29,Unallocated
20/70-Deep Grey-Deep Grey-Nylon/Spandex,PO-2026-1195,WAMPUM SYNTEX PRIVATE LIMITED,goods_partially_received,BOX-PO-2026-1195-EW76149/26-1780039832986-19,6a19409853d0e92ec1d39d41,EW76149/26,WN98756,19,1.4849999999999959,26.16,1.4849999999999959,qc_approved,2026-05-29,Unallocated
70/2-Deep Grey-Deep Grey-Nylon/Nylon,PO-2026-1195,WAMPUM SYNTEX PRIVATE LIMITED,goods_partially_received,BOX-PO-2026-1195-EW75636/26-1780039832986-2,6a19409853d0e92ec1d39d2d,EW75636/26,WN98756,28,6.4310000000000045,29.9,6.4310000000000045,qc_approved,2026-05-29,Unallocated
70/2-Deep Grey-Deep Grey-Nylon/Nylon,PO-2026-1195,WAMPUM SYNTEX PRIVATE LIMITED,goods_partially_received,BOX-PO-2026-1195-EW75636/26-1780039832986-3,6a19409853d0e92ec1d39d2e,EW75636/26,WN98756,28,19.838,28.75,19.838,qc_approved,2026-05-29,Unallocated
70/2-Deep Grey-Deep Grey-Nylon/Nylon,PO-2026-1195,WAMPUM SYNTEX PRIVATE LIMITED,goods_partially_received,BOX-PO-2026-1195-EW75636/26-1780039832986-4,6a19409853d0e92ec1d39d2f,EW75636/26,WN98756,24,15.472000000000001,26.2,15.472000000000001,qc_approved,2026-05-29,Unallocated
70/2-Deep Grey-Deep Grey-Nylon/Nylon,PO-2026-1195,WAMPUM SYNTEX PRIVATE LIMITED,goods_partially_received,BOX-PO-2026-1195-EW75636/26-1780039832986-5,6a19409853d0e92ec1d39d30,EW75636/26,WN98756,16,7.908999999999999,17.9,7.908999999999999,qc_approved,2026-05-29,Unallocated
20/70-Black-Black-Nylon/Spandex,PO-2026-1195,WAMPUM SYNTEX PRIVATE LIMITED,goods_partially_received,BOX-PO-2026-1195-EW75995/26-1780039832986-6,6a19409853d0e92ec1d39d32,EW75995/26,WN93388,18,2.6999999999999993,25.3,2.6999999999999993,qc_approved,2026-05-29,Unallocated
20/70-Black-Black-Nylon/Spandex,PO-2026-1195,WAMPUM SYNTEX PRIVATE LIMITED,goods_partially_received,BOX-PO-2026-1195-EW75995/26-1780039832986-7,6a19409853d0e92ec1d39d33,EW75995/26,WN93388,18,21.032,25.1,21.032,qc_approved,2026-05-29,Unallocated
20/70-Black-Black-Nylon/Spandex,PO-2026-1195,WAMPUM SYNTEX PRIVATE LIMITED,goods_partially_received,BOX-PO-2026-1195-EW75995/26-1780039832986-8,6a19409853d0e92ec1d39d34,EW75995/26,WN93388,18,14.01,25.3,14.01,qc_approved,2026-05-29,Unallocated
20/70-Black-Black-Nylon/Spandex,PO-2026-1195,WAMPUM SYNTEX PRIVATE LIMITED,goods_partially_received,BOX-PO-2026-1195-EW75995/26-1780039832986-9,6a19409853d0e92ec1d39d35,EW75995/26,WN93388,18,12.399999999999999,25.1,12.399999999999999,qc_approved,2026-05-29,Unallocated
70/2-Deep Grey-Deep Grey-Nylon/Nylon,PO-2026-1195,WAMPUM SYNTEX PRIVATE LIMITED,goods_partially_received,BOX-PO-2026-1195-EW75636/26-1780039832986-1,6a19409853d0e92ec1d39d2c,EW75636/26,WN98756,25,9.594,0.04,9.594,qc_approved,2026-05-29,Unallocated
20/70-Light Grey Melange-Light Grey Melange-Nylon/Spandex,PO-2026-1191,WAMPUM SYNTEX PRIVATE LIMITED,goods_partially_received,BOX-PO-2026-1191-EW76174/26-1780039419238-20,6a193efb53d0e92ec1d399ed,EW76174/26,WN96693,7,0.33000000000000007,10.26,0.33000000000000007,qc_approved,2026-05-29,Unallocated
20/70-Light Grey Melange-Light Grey Melange-Nylon/Spandex,PO-2026-1191,WAMPUM SYNTEX PRIVATE LIMITED,goods_partially_received,BOX-PO-2026-1191-EW76174/26-1780039419238-21,6a193efb53d0e92ec1d399ee,EW76174/26,WN96693,15,0.18400000000000105,20.58,0.18400000000000105,qc_approved,2026-05-29,Unallocated
20/70-Light Grey Melange-Light Grey Melange-Nylon/Spandex,PO-2026-1191,WAMPUM SYNTEX PRIVATE LIMITED,goods_partially_received,BOX-PO-2026-1191-EW76174/26-1780039419238-22,6a193efb53d0e92ec1d399ef,EW76174/26,WN96693,19,14.014,26.26,14.014,qc_approved,2026-05-29,Unallocated
20/70-Light Grey Melange-Light Grey Melange-Nylon/Spandex,PO-2026-1191,WAMPUM SYNTEX PRIVATE LIMITED,goods_partially_received,BOX-PO-2026-1191-EW76174/26-1780039419238-23,6a193efb53d0e92ec1d399f0,EW76174/26,WN96693,19,9.250000000000002,26.26,9.250000000000002,qc_approved,2026-05-29,Unallocated
20/70-Light Grey Melange-Light Grey Melange-Nylon/Spandex,PO-2026-1191,WAMPUM SYNTEX PRIVATE LIMITED,goods_partially_received,BOX-PO-2026-1191-EW76174/26-1780039419238-24,6a193efb53d0e92ec1d399f1,EW76174/26,WN96693,19,1.8329999999999984,26.18,1.8329999999999984,qc_approved,2026-05-29,Unallocated
20/70-Light Grey Melange-Light Grey Melange-Nylon/Spandex,PO-2026-1191,WAMPUM SYNTEX PRIVATE LIMITED,goods_partially_received,BOX-PO-2026-1191-EW76174/26-1780039419238-25,6a193efb53d0e92ec1d399f2,EW76174/26,WN96693,19,1.568999999999999,26.1,1.568999999999999,qc_approved,2026-05-29,Unallocated
20/70-Light Grey Melange-Light Grey Melange-Nylon/Spandex,PO-2026-1191,WAMPUM SYNTEX PRIVATE LIMITED,goods_partially_received,BOX-PO-2026-1191-EW76174/26-1780039419238-26,6a193efb53d0e92ec1d399f3,EW76174/26,WN96693,19,5.912000000000003,26.18,5.912000000000003,qc_approved,2026-05-29,Unallocated
70/2-Brown-Brown-Nylon/Nylon,PO-2026-1191,WAMPUM SYNTEX PRIVATE LIMITED,goods_partially_received,BOX-PO-2026-1191-EW75591/26-1780039419238-2,6a193efb53d0e92ec1d399d8,EW75591/26,WN0042,8,4.381,9.6,4.381,qc_approved,2026-05-29,Unallocated
70/2-Brown-Brown-Nylon/Nylon,PO-2026-1191,WAMPUM SYNTEX PRIVATE LIMITED,goods_partially_received,BOX-PO-2026-1191-EW75591/26-1780039419238-3,6a193efb53d0e92ec1d399d9,EW75591/26,WN0042,23,20.335,25.9,20.335,qc_approved,2026-05-29,Unallocated
70/2-Brown-Brown-Nylon/Nylon,PO-2026-1191,WAMPUM SYNTEX PRIVATE LIMITED,goods_partially_received,BOX-PO-2026-1191-EW75591/26-1780039419238-4,6a193efb53d0e92ec1d399da,EW75591/26,WN0042,24,6.073,25.6,6.073,qc_approved,2026-05-29,Unallocated
20/70-Black-Black-Nylon/Spandex,PO-2026-1191,WAMPUM SYNTEX PRIVATE LIMITED,goods_partially_received,BOX-PO-2026-1191-EW75995/26-1780039419238-5,6a193efb53d0e92ec1d399dc,EW75995/26,WN93388,18,17.579,25.4,17.579,qc_approved,2026-05-29,Unallocated
20/70-Black-Black-Nylon/Spandex,PO-2026-1191,WAMPUM SYNTEX PRIVATE LIMITED,goods_partially_received,BOX-PO-2026-1191-EW75995/26-1780039419238-6,6a193efb53d0e92ec1d399dd,EW75995/26,WN93388,18,10.159999999999998,25.35,10.159999999999998,qc_approved,2026-05-29,Unallocated
20/70-Black-Black-Nylon/Spandex,PO-2026-1191,WAMPUM SYNTEX PRIVATE LIMITED,goods_partially_received,BOX-PO-2026-1191-EW75995/26-1780039419238-7,6a193efb53d0e92ec1d399de,EW75995/26,WN93388,18,18.079,25.25,18.079,qc_approved,2026-05-29,Unallocated
20/70-Black-Black-Nylon/Spandex,PO-2026-1191,WAMPUM SYNTEX PRIVATE LIMITED,goods_partially_received,BOX-PO-2026-1191-EW75995/26-1780039419238-8,6a193efb53d0e92ec1d399df,EW75995/26,WN93388,18,0.9010000000000034,25.1,0.9010000000000034,qc_approved,2026-05-29,Unallocated
20/70-Black-Black-Nylon/Spandex,PO-2026-1191,WAMPUM SYNTEX PRIVATE LIMITED,goods_partially_received,BOX-PO-2026-1191-EW75995/26-1780039419238-10,6a193efb53d0e92ec1d399e1,EW75995/26,WN93388,18,19.587999999999997,25.1,19.587999999999997,qc_approved,2026-05-29,Unallocated
20/70-Black-Black-Nylon/Spandex,PO-2026-1191,WAMPUM SYNTEX PRIVATE LIMITED,goods_partially_received,BOX-PO-2026-1191-EW75995/26-1780039419238-11,6a193efb53d0e92ec1d399e2,EW75995/26,WN93388,18,19.078,25.1,19.078,qc_approved,2026-05-29,Unallocated
20/70-Navy-Navy-Nylon/Spandex,PO-2026-1191,WAMPUM SYNTEX PRIVATE LIMITED,goods_partially_received,BOX-PO-2026-1191-EW76087/26-1780039419238-12,6a193efb53d0e92ec1d399e4,EW76087/26,WN93329,19,1.5729999999999968,27.06,1.5729999999999968,qc_approved,2026-05-29,Unallocated
20/70-Navy-Navy-Nylon/Spandex,PO-2026-1191,WAMPUM SYNTEX PRIVATE LIMITED,goods_partially_received,BOX-PO-2026-1191-EW76087/26-1780039419238-16,6a193efb53d0e92ec1d399e8,EW76087/26,WN93329,19,2.896000000000001,26.44,2.896000000000001,qc_approved,2026-05-29,Unallocated
20/70-Navy-Navy-Nylon/Spandex,PO-2026-1191,WAMPUM SYNTEX PRIVATE LIMITED,goods_partially_received,BOX-PO-2026-1191-EW76087/26-1780039419238-17,6a193efb53d0e92ec1d399e9,EW76087/26,WN93329,19,8.62,26.45,8.62,qc_approved,2026-05-29,Unallocated
20/70-Navy-Navy-Nylon/Spandex,PO-2026-1191,WAMPUM SYNTEX PRIVATE LIMITED,goods_partially_received,BOX-PO-2026-1191-EW76087/26-1780039419238-18,6a193efb53d0e92ec1d399ea,EW76087/26,WN93329,19,8.858999999999996,26.4,8.858999999999996,qc_approved,2026-05-29,Unallocated
20/70-Light Grey Melange-Light Grey Melange-Nylon/Spandex,PO-2026-1191,WAMPUM SYNTEX PRIVATE LIMITED,goods_partially_received,BOX-PO-2026-1191-EW76174/26-1780039419238-19,6a193efb53d0e92ec1d399ec,EW76174/26,WN96693,19,5.914999999999999,26.22,5.914999999999999,qc_approved,2026-05-29,Unallocated
70/2-Brown-Brown-Nylon/Nylon,PO-2026-1191,WAMPUM SYNTEX PRIVATE LIMITED,goods_partially_received,BOX-PO-2026-1191-EW75591/26-1780039419238-1,6a193efb53d0e92ec1d399d7,EW75591/26,WN0042,24,6.850000000000003,25.84,6.850000000000003,qc_approved,2026-05-29,Unallocated
20/70-Raw White-Raw White-Nylon/Spandex,PO-2026-1201,VALSON POLYESTER PRIVATE LIMITED,goods_partially_received,BOX-PO-2026-1201-CN/2033-1779870904234-3,6a16acb853d0e92ec1be7ed2,CN/2033,LT White,8,0.3450000000000002,3.2,0.3450000000000002,qc_approved,2026-05-27,Unallocated
Soft top-Navy-Navy-Rubber/Soft top,PO-2026-1201,VALSON POLYESTER PRIVATE LIMITED,goods_partially_received,BOX-PO-2026-1201-NC/1620-1779803077958-12,6a15a3c5e70e561e886b31ff,NC/1620,VNY7340,16,1.052,2.98,1.052,qc_approved,2026-05-26,Unallocated
Soft top-Navy-Navy-Rubber/Soft top,PO-2026-1201,VALSON POLYESTER PRIVATE LIMITED,goods_partially_received,BOX-PO-2026-1201-NC/1610-1779803077958-13,6a15a3c5e70e561e886b3201,NC/1610,VNY7340,15,0.7420000000000002,2.98,0.7420000000000002,qc_approved,2026-05-26,Unallocated
Soft top-Black-Black-Rubber/Soft top,PO-2026-1201,VALSON POLYESTER PRIVATE LIMITED,goods_partially_received,BOX-PO-2026-1201-NC/1614-1779803077958-15,6a15a3c5e70e561e886b3205,NC/1614,VNY850,25,2.4269999999999996,5.46,2.4269999999999996,qc_approved,2026-05-26,Unallocated
70/1-Navy-Navy-Nylon/Nylon,PO-2026-1201,VALSON POLYESTER PRIVATE LIMITED,goods_partially_received,BOX-PO-2026-1201-NL56627-1779798088431-1,6a159048e70e561e886af7ea,NL56627,VNY7340,5,0.7869999999999999,1.98,0.7869999999999999,qc_approved,2026-05-26,Unallocated
70/1-Raw White-Raw White-Nylon/Nylon,PO-2026-1201,VALSON POLYESTER PRIVATE LIMITED,goods_partially_received,BOX-PO-2026-1201-G710B10/80-Z-1779798088431-2,6a159048e70e561e886af7ec,G710B10/80-Z,Raw White,7,0.3730000000000002,5.56,0.3730000000000002,qc_approved,2026-05-26,Unallocated
70/2-Raw White-Raw White-Nylon/Nylon,PO-2026-1201,VALSON POLYESTER PRIVATE LIMITED,goods_partially_received,BOX-PO-2026-1201-G79157/80-1779793677908-1,6a157f0de70e561e886a4d4a,G79157/80,Raw White,30,14.94,34.14,14.94,qc_approved,2026-05-26,Unallocated
70/2-Raw White-Raw White-Nylon/Nylon,PO-2026-1201,VALSON POLYESTER PRIVATE LIMITED,goods_partially_received,BOX-PO-2026-1201-G77171/80-1779793677908-2,6a157f0de70e561e886a4d4c,G77171/80,Raw White,6,0.8769999999999998,4.42,0.8769999999999998,qc_approved,2026-05-26,Unallocated
70/2-Navy-Navy-Nylon/Nylon,PO-2026-1201,VALSON POLYESTER PRIVATE LIMITED,goods_partially_received,BOX-PO-2026-1201-NL62514-1779793677908-4,6a157f0de70e561e886a4d50,NL62514,VNY7340,10,1.374,3.74,1.374,qc_approved,2026-05-26,Unallocated
70/2-Black-Black-Nylon/Nylon,PO-2026-1201,VALSON POLYESTER PRIVATE LIMITED,goods_partially_received,BOX-PO-2026-1201-NL61132-1779793677908-5,6a157f0de70e561e886a4d52,NL61132,VNY850,7,2.165,4.12,2.165,qc_approved,2026-05-26,Unallocated
70/2-Brown-Brown-Nylon/Nylon,PO-2026-1201,VALSON POLYESTER PRIVATE LIMITED,goods_partially_received,BOX-PO-2026-1201-NL56937-1779793677908-8,6a157f0de70e561e886a4d58,NL56937,VNY7341,3,0.261,1.44,0.261,qc_approved,2026-05-26,Unallocated
70/2-Mustard Yellow-Mustard Yellow-Nylon/Nylon,PO-2026-1202,SARLA PERFORMANCE FIBERS LIMITED,goods_partially_received,BOX-PO-2026-1202-LN01562-1779786122552-1,6a15618ae70e561e886891f1,LN01562,150955,2,0.18200000000000005,0.84,0.18200000000000005,qc_approved,2026-05-26,Unallocated
70/2-Pink-Pink-Nylon/Nylon,PO-2026-1202,SARLA PERFORMANCE FIBERS LIMITED,goods_partially_received,BOX-PO-2026-1202-LN026283-1779786122552-5,6a15618ae70e561e886891f9,LN026283,NS-5921,0,0.539,0,0.539,qc_approved,2026-05-26,Unallocated
Soft top-Dark Grey-Dark Grey-Rubber/Soft top,PO-2026-1202,SARLA PERFORMANCE FIBERS LIMITED,goods_partially_received,BOX-PO-2026-1202-SLN033685-1779786122552-11,6a15618ae70e561e88689205,SLN033685,NS-119,1,0.00899999999999998,0.34,0.00899999999999998,qc_approved,2026-05-26,Unallocated
110/70-Beige-Beige-Rubber/Rubber,PO-2026-1202,SARLA PERFORMANCE FIBERS LIMITED,goods_partially_received,BOX-PO-2026-1202-RLN032203-1779786122552-16,6a15618ae70e561e8868920f,RLN032203,242,1,0.045999999999999985,0.46,0.045999999999999985,qc_approved,2026-05-26,Unallocated
20/70 Twisted-Navy-Navy-Nylon/Spandex,PO-2026-1198,VALSON POLYESTER PRIVATE LIMITED,goods_partially_received,BOX-PO-2026-1198-N/739-23052026-1779520724334-3,6a1154d457e959db3b9c934d,N/739-23052026,VNY7340,38,4.961000000000002,26.75,4.961000000000002,qc_approved,2026-05-23,Unallocated
70/2-Deep Grey-Deep Grey-Nylon/Nylon,PO-2026-1191,WAMPUM SYNTEX PRIVATE LIMITED,goods_partially_received,BOX-PO-2026-1191-EW75598-22.05.2026-1779450958869-2,6a10444e57e959db3b97f4aa,EW75598-22.05.2026,WN98756,28,7.570000000000004,29.8,7.570000000000004,qc_approved,2026-05-22,Unallocated
70/2-Deep Grey-Deep Grey-Nylon/Nylon,PO-2026-1191,WAMPUM SYNTEX PRIVATE LIMITED,goods_partially_received,BOX-PO-2026-1191-EW75598-22.05.2026-1779450958869-3,6a10444e57e959db3b97f4ab,EW75598-22.05.2026,WN98756,24,1.0060000000000073,25.42,1.0060000000000073,qc_approved,2026-05-22,Unallocated
70/2-Maroon-Maroon-Nylon/Nylon,PO-2026-1191,WAMPUM SYNTEX PRIVATE LIMITED,goods_partially_received,BOX-PO-2026-1191-EW75600-22.05.2026-1779450958869-6,6a10444e57e959db3b97f4af,EW75600-22.05.2026,WN0614,6,3.6659999999999995,7.7,3.6659999999999995,qc_approved,2026-05-22,Unallocated
70/2-Maroon-Maroon-Nylon/Nylon,PO-2026-1191,WAMPUM SYNTEX PRIVATE LIMITED,goods_partially_received,BOX-PO-2026-1191-EW75600-22.05.2026-1779450958869-8,6a10444e57e959db3b97f4b1,EW75600-22.05.2026,WN0614,24,6.1899999999999995,25.88,6.1899999999999995,qc_approved,2026-05-22,Unallocated
70/2-Denim Blue-Denim Blue-Nylon/Nylon,PO-2026-1191,WAMPUM SYNTEX PRIVATE LIMITED,goods_partially_received,BOX-PO-2026-1191-EW75619-22.05.2026-1779450958869-11,6a10444e57e959db3b97f4b5,EW75619-22.05.2026,WN8942,20,11.783999999999999,21.94,11.783999999999999,qc_approved,2026-05-22,Unallocated
Soft top-Beige-Beige-Rubber/Soft top,PO-2026-1087,VALSON POLYESTER PRIVATE LIMITED,goods_partially_received,BOX-PO-2026-1087-NC/1654-22052026-1779427667922-1,6a0fe9531ff45cbda84b769e,NC/1654-22052026,VNY7353,32,7.115,16.875,7.115,qc_approved,2026-05-22,Unallocated
Soft top-Beige-Beige-Rubber/Soft top,PO-2026-1087,VALSON POLYESTER PRIVATE LIMITED,goods_partially_received,BOX-PO-2026-1087-NC/1654-22052026-1779427667922-4,6a0fe9531ff45cbda84b76a1,NC/1654-22052026,VNY7353,40,10.969999999999999,16.47,10.969999999999999,qc_approved,2026-05-22,Unallocated
70/4-Raw White-Raw White-Nylon/Nylon,PO-2026-1190,VALSON POLYESTER PRIVATE LIMITED,goods_partially_received,BOX-PO-2026-1190-G78125B/80-22.05.2026-1779426444047-27,6a0fe48c1ff45cbda84ad5a0,G78125B/80-22.05.2026,Raw White,10,9.309999999999999,19.5,9.309999999999999,qc_approved,2026-05-22,Unallocated
70/4-Raw White-Raw White-Nylon/Nylon,PO-2026-1190,VALSON POLYESTER PRIVATE LIMITED,goods_partially_received,BOX-PO-2026-1190-G78125B/80-22.05.2026-1779426444047-31,6a0fe48c1ff45cbda84ad5a4,G78125B/80-22.05.2026,Raw White,10,1.241999999999999,19.3,1.241999999999999,qc_approved,2026-05-22,Unallocated
20/70-Raw White-Raw White-Nylon/Spandex,PO-2026-1190,VALSON POLYESTER PRIVATE LIMITED,goods_partially_received,BOX-PO-2026-1190-N/6412-22.05.2026-1779426444047-9,6a0fe48c1ff45cbda84ad58c,N/6412-22.05.2026,LT White,17,1.0250000000000021,22.75,1.0250000000000021,qc_approved,2026-05-22,Unallocated
20/70-Raw White-Raw White-Nylon/Spandex,PO-2026-1190,VALSON POLYESTER PRIVATE LIMITED,goods_partially_received,BOX-PO-2026-1190-N/6412-22.05.2026-1779426444047-11,6a0fe48c1ff45cbda84ad58e,N/6412-22.05.2026,LT White,16,2.1709999999999994,22.95,2.1709999999999994,qc_approved,2026-05-22,Unallocated
20/70-Raw White-Raw White-Nylon/Spandex,PO-2026-1190,VALSON POLYESTER PRIVATE LIMITED,goods_partially_received,BOX-PO-2026-1190-N/6412-22.05.2026-1779426444047-12,6a0fe48c1ff45cbda84ad58f,N/6412-22.05.2026,LT White,17,12.198,22.88,12.198,qc_approved,2026-05-22,Unallocated
20/70-Raw White-Raw White-Nylon/Spandex,PO-2026-1190,VALSON POLYESTER PRIVATE LIMITED,goods_partially_received,BOX-PO-2026-1190-N/6412-22.05.2026-1779426444047-14,6a0fe48c1ff45cbda84ad591,N/6412-22.05.2026,LT White,16,1.6800000000000068,23.2,1.6800000000000068,qc_approved,2026-05-22,Unallocated
20/70-Raw White-Raw White-Nylon/Spandex,PO-2026-1190,VALSON POLYESTER PRIVATE LIMITED,goods_partially_received,BOX-PO-2026-1190-N/6412-22.05.2026-1779426444047-15,6a0fe48c1ff45cbda84ad592,N/6412-22.05.2026,LT White,18,0.7850000000000001,23.2,0.7850000000000001,qc_approved,2026-05-22,Unallocated
20/70-Raw White-Raw White-Nylon/Spandex,PO-2026-1190,VALSON POLYESTER PRIVATE LIMITED,goods_partially_received,BOX-PO-2026-1190-N/6412-22.05.2026-1779426444047-16,6a0fe48c1ff45cbda84ad593,N/6412-22.05.2026,LT White,20,8.713999999999999,22.7,8.713999999999999,qc_approved,2026-05-22,Unallocated
20/70-Raw White-Raw White-Nylon/Spandex,PO-2026-1190,VALSON POLYESTER PRIVATE LIMITED,goods_partially_received,BOX-PO-2026-1190-N/6412-22.05.2026-1779426444047-17,6a0fe48c1ff45cbda84ad594,N/6412-22.05.2026,LT White,15,13.410999999999998,23.14,13.410999999999998,qc_approved,2026-05-22,Unallocated
20/70-Raw White-Raw White-Nylon/Spandex,PO-2026-1190,VALSON POLYESTER PRIVATE LIMITED,goods_partially_received,BOX-PO-2026-1190-CN/2033-22.05.2026-1779426444047-18,6a0fe48c1ff45cbda84ad596,CN/2033-22.05.2026,LT White,15,10.601,20.88,10.601,qc_approved,2026-05-22,Unallocated
20/70-Raw White-Raw White-Nylon/Spandex,PO-2026-1190,VALSON POLYESTER PRIVATE LIMITED,goods_partially_received,BOX-PO-2026-1190-CN/2033-22.05.2026-1779426444047-20,6a0fe48c1ff45cbda84ad598,CN/2033-22.05.2026,LT White,16,11.745000000000001,21.3,11.745000000000001,qc_approved,2026-05-22,Unallocated
20/70-Raw White-Raw White-Nylon/Spandex,PO-2026-1190,VALSON POLYESTER PRIVATE LIMITED,goods_partially_received,BOX-PO-2026-1190-CN/2033-22.05.2026-1779426444047-21,6a0fe48c1ff45cbda84ad599,CN/2033-22.05.2026,LT White,16,11.036999999999999,20.16,11.036999999999999,qc_approved,2026-05-22,Unallocated
20/70-Raw White-Raw White-Nylon/Spandex,PO-2026-1190,VALSON POLYESTER PRIVATE LIMITED,goods_partially_received,BOX-PO-2026-1190-CN/2033-22.05.2026-1779426444047-22,6a0fe48c1ff45cbda84ad59a,CN/2033-22.05.2026,LT White,15,15.517,21.28,15.517,qc_approved,2026-05-22,Unallocated
70/4-Raw White-Raw White-Nylon/Nylon,PO-2026-1190,VALSON POLYESTER PRIVATE LIMITED,goods_partially_received,BOX-PO-2026-1190-G78125B/80-22.05.2026-1779426444047-23,6a0fe48c1ff45cbda84ad59c,G78125B/80-22.05.2026,Raw White,10,13.343,19.3,13.343,qc_approved,2026-05-22,Unallocated
70/4-Raw White-Raw White-Nylon/Nylon,PO-2026-1190,VALSON POLYESTER PRIVATE LIMITED,goods_partially_received,BOX-PO-2026-1190-G78125B/80-22.05.2026-1779426444047-25,6a0fe48c1ff45cbda84ad59e,G78125B/80-22.05.2026,Raw White,10,6.865,18.75,6.865,qc_approved,2026-05-22,Unallocated
20/70-Black-Black-Nylon/Spandex,PO-2026-1190,VALSON POLYESTER PRIVATE LIMITED,goods_partially_received,BOX-PO-2026-1190-N/6416-22.05.2026-1779426444047-1,6a0fe48c1ff45cbda84ad583,N/6416-22.05.2026,VNY850,20,2.437999999999999,21.12,2.437999999999999,qc_approved,2026-05-22,Unallocated
20/70-Black-Black-Nylon/Spandex,PO-2026-1190,VALSON POLYESTER PRIVATE LIMITED,goods_partially_received,BOX-PO-2026-1190-N/6416-22.05.2026-1779426444047-2,6a0fe48c1ff45cbda84ad584,N/6416-22.05.2026,VNY850,24,15.318,23.44,15.318,qc_approved,2026-05-22,Unallocated
70/2-Raw White-Raw White-Nylon/Nylon,PO-2026-1192,VALSON POLYESTER PRIVATE LIMITED,goods_partially_received,BOX-PO-2026-1192-G710A20/80-22.05.2026-1779425736337-2,6a0fe1c81ff45cbda84a9cf2,G710A20/80-22.05.2026,Raw White,12,13.645999999999999,23.2,13.645999999999999,qc_approved,2026-05-22,Unallocated
70/2-Raw White-Raw White-Nylon/Nylon,PO-2026-1192,VALSON POLYESTER PRIVATE LIMITED,goods_partially_received,BOX-PO-2026-1192-G710A20/80-22.05.2026-1779425736337-3,6a0fe1c81ff45cbda84a9cf3,G710A20/80-22.05.2026,Raw White,12,9.607999999999999,23,9.607999999999999,qc_approved,2026-05-22,Unallocated
70/2-Raw White-Raw White-Nylon/Nylon,PO-2026-1192,VALSON POLYESTER PRIVATE LIMITED,goods_partially_received,BOX-PO-2026-1192-G710A20/80-22.05.2026-1779425736337-4,6a0fe1c81ff45cbda84a9cf4,G710A20/80-22.05.2026,Raw White,12,18.542,23.3,18.542,qc_approved,2026-05-22,Unallocated
70/2-Raw White-Raw White-Nylon/Nylon,PO-2026-1192,VALSON POLYESTER PRIVATE LIMITED,goods_partially_received,BOX-PO-2026-1192-G710A20/80-22.05.2026-1779425736337-5,6a0fe1c81ff45cbda84a9cf5,G710A20/80-22.05.2026,Raw White,12,15.258999999999997,23.25,15.258999999999997,qc_approved,2026-05-22,Unallocated
70/2-Raw White-Raw White-Nylon/Nylon,PO-2026-1192,VALSON POLYESTER PRIVATE LIMITED,goods_partially_received,BOX-PO-2026-1192-G710A20/80-22.05.2026-1779425736337-6,6a0fe1c81ff45cbda84a9cf6,G710A20/80-22.05.2026,Raw White,12,16.964,23.25,16.964,qc_approved,2026-05-22,Unallocated
70/2-Raw White-Raw White-Nylon/Nylon,PO-2026-1192,VALSON POLYESTER PRIVATE LIMITED,goods_partially_received,BOX-PO-2026-1192-G710A20/80-22.05.2026-1779425736337-7,6a0fe1c81ff45cbda84a9cf7,G710A20/80-22.05.2026,Raw White,12,19.7,23.5,19.7,qc_approved,2026-05-22,Unallocated
70/2-Raw White-Raw White-Nylon/Nylon,PO-2026-1192,VALSON POLYESTER PRIVATE LIMITED,goods_partially_received,BOX-PO-2026-1192-G710A20/80-22.05.2026-1779425736337-8,6a0fe1c81ff45cbda84a9cf8,G710A20/80-22.05.2026,Raw White,12,5.812000000000001,23.1,5.812000000000001,qc_approved,2026-05-22,Unallocated
70/2-Raw White-Raw White-Nylon/Nylon,PO-2026-1192,VALSON POLYESTER PRIVATE LIMITED,goods_partially_received,BOX-PO-2026-1192-G710A20/80-22.05.2026-1779425736337-9,6a0fe1c81ff45cbda84a9cf9,G710A20/80-22.05.2026,Raw White,12,15.328000000000001,23.5,15.328000000000001,qc_approved,2026-05-22,Unallocated
70/2-Raw White-Raw White-Nylon/Nylon,PO-2026-1192,VALSON POLYESTER PRIVATE LIMITED,goods_partially_received,BOX-PO-2026-1192-G710A20/80-22.05.2026-1779425736337-10,6a0fe1c81ff45cbda84a9cfa,G710A20/80-22.05.2026,Raw White,12,7.982999999999999,23.3,7.982999999999999,qc_approved,2026-05-22,Unallocated
20s-Black-Black-Bamboo/Bamboo,PO-2026-1103,VARDHMAN TEXTILES LIMITED,goods_partially_received,BOX-PO-2026-1103-M0117146-20.05.2026-1779258734947-7,6a0d556ee19a7fb837a4edbf,M0117146-20.05.2026,MRP91492,24,15.871999999999998,31.545,15.871999999999998,qc_approved,2026-05-20,Unallocated
20s-Black-Black-Bamboo/Bamboo,PO-2026-1103,VARDHMAN TEXTILES LIMITED,goods_partially_received,BOX-PO-2026-1103-M0117146-20.05.2026-1779258734947-8,6a0d556ee19a7fb837a4edc0,M0117146-20.05.2026,MRP91492,24,17.851,31.705,17.851,qc_approved,2026-05-20,Unallocated
20s-Black-Black-Bamboo/Bamboo,PO-2026-1103,VARDHMAN TEXTILES LIMITED,goods_partially_received,BOX-PO-2026-1103-M0117146-20.05.2026-1779258734947-9,6a0d556ee19a7fb837a4edc1,M0117146-20.05.2026,MRP91492,24,7.088000000000001,31.93,7.088000000000001,qc_approved,2026-05-20,Unallocated
20s-Black-Black-Bamboo/Bamboo,PO-2026-1103,VARDHMAN TEXTILES LIMITED,goods_partially_received,BOX-PO-2026-1103-M0117146-20.05.2026-1779258734947-10,6a0d556ee19a7fb837a4edc2,M0117146-20.05.2026,MRP91492,24,4.8160000000000025,31.795,4.8160000000000025,qc_approved,2026-05-20,Unallocated
20s-Black-Black-Bamboo/Bamboo,PO-2026-1103,VARDHMAN TEXTILES LIMITED,goods_partially_received,BOX-PO-2026-1103-M0117146-20.05.2026-1779258734947-5,6a0d556ee19a7fb837a4edbd,M0117146-20.05.2026,MRP91492,24,4.019000000000002,31.93,4.019000000000002,qc_approved,2026-05-20,Unallocated
2/40s-Navy-Navy-Cotton/Gassed Mercerized Cotton,PO-2026-1197,VARDHMAN TEXTILES LIMITED,goods_partially_received,BOX-PO-2026-1197-MU2410220-1779174560886-4,6a0c0ca07e46a375245fec29,MU2410220,HD47232,40,0.9729999999999919,44.2,0.9729999999999919,qc_approved,2026-05-19,Unallocated
20/40-Raw White-Raw White-Nylon/Spandex,PO-2026-1196,WAMPUM SYNTEX PRIVATE LIMITED,goods_partially_received,BOX-PO-2026-1196-SP00084-1779174276329-4,6a0c0b847e46a375245fe2c9,SP00084,Raw White,9,6.284999999999999,10.56,6.284999999999999,qc_approved,2026-05-19,Unallocated
30s-Navy-Navy-Cotton/Compact,PO-2026-1104,SUTLEJ TEXTILES AND INDUSTRIES LIMITED,goods_partially_received,BOX-PO-2026-1104-95137-18052026-1779166738726-3,6a0bee127e46a375245e1081,95137-18052026,SDY53391-A,40,27.092000000000002,46.725,27.092000000000002,qc_approved,2026-05-19,Unallocated
30s-Navy-Navy-Cotton/Compact,PO-2026-1104,SUTLEJ TEXTILES AND INDUSTRIES LIMITED,goods_partially_received,BOX-PO-2026-1104-95137-18052026-1779166738726-7,6a0bee127e46a375245e1085,95137-18052026,SDY53391-A,40,16.468999999999994,46.605,16.468999999999994,qc_approved,2026-05-19,Unallocated
30s-Navy-Navy-Cotton/Compact,PO-2026-1104,SUTLEJ TEXTILES AND INDUSTRIES LIMITED,goods_partially_received,BOX-PO-2026-1104-95137-18052026-1779166738726-8,6a0bee127e46a375245e1086,95137-18052026,SDY53391-A,40,33.980000000000004,46.755,33.980000000000004,qc_approved,2026-05-19,Unallocated
30s-Navy-Navy-Cotton/Compact,PO-2026-1104,SUTLEJ TEXTILES AND INDUSTRIES LIMITED,goods_partially_received,BOX-PO-2026-1104-95137-18052026-1779166738726-9,6a0bee127e46a375245e1087,95137-18052026,SDY53391-A,40,4.755000000000017,46.68,4.755000000000017,qc_approved,2026-05-19,Unallocated
30s-Navy-Navy-Cotton/Compact,PO-2026-1104,SUTLEJ TEXTILES AND INDUSTRIES LIMITED,goods_partially_received,BOX-PO-2026-1104-95137-18052026-1779166738726-16,6a0bee127e46a375245e108e,95137-18052026,SDY53391-A,40,15.458000000000002,46.675,15.458000000000002,qc_approved,2026-05-19,Unallocated
30s-Navy-Navy-Cotton/Compact,PO-2026-1104,SUTLEJ TEXTILES AND INDUSTRIES LIMITED,goods_partially_received,BOX-PO-2026-1104-95137-18052026-1779166738726-1,6a0bee127e46a375245e107f,95137-18052026,SDY53391-A,40,26.803,46.6,26.803,qc_approved,2026-05-19,Unallocated
30s-Navy-Navy-Cotton/Compact,PO-2026-1104,SUTLEJ TEXTILES AND INDUSTRIES LIMITED,goods_partially_received,BOX-PO-2026-1104-95137-18052026-1779166738726-2,6a0bee127e46a375245e1080,95137-18052026,SDY53391-A,40,22.346000000000004,46.555,22.346000000000004,qc_approved,2026-05-19,Unallocated
20s-Deep Grey-Eiffel Tower (Deep Grey)-Cotton/Compact,PO-2026-1104,SUTLEJ TEXTILES AND INDUSTRIES LIMITED,goods_partially_received,BOX-PO-2026-1104-90022-18052026-1779166679058-2,6a0bedd77e46a375245e0e08,90022-18052026,SDY61531,40,13.796,45.7,13.796,qc_approved,2026-05-19,Unallocated
20s-Deep Grey-Eiffel Tower (Deep Grey)-Cotton/Compact,PO-2026-1104,SUTLEJ TEXTILES AND INDUSTRIES LIMITED,goods_partially_received,BOX-PO-2026-1104-90022-18052026-1779166679058-4,6a0bedd77e46a375245e0e0a,90022-18052026,SDY61531,40,6.341999999999992,45.6,6.341999999999992,qc_approved,2026-05-19,Unallocated
20s-Deep Grey-Eiffel Tower (Deep Grey)-Cotton/Compact,PO-2026-1104,SUTLEJ TEXTILES AND INDUSTRIES LIMITED,goods_partially_received,BOX-PO-2026-1104-90022-18052026-1779166679058-5,6a0bedd77e46a375245e0e0b,90022-18052026,SDY61531,40,34.089999999999996,45.55,34.089999999999996,qc_approved,2026-05-19,Unallocated
20s-Deep Grey-Eiffel Tower (Deep Grey)-Cotton/Compact,PO-2026-1104,SUTLEJ TEXTILES AND INDUSTRIES LIMITED,goods_partially_received,BOX-PO-2026-1104-90022-18052026-1779166679058-6,6a0bedd77e46a375245e0e0c,90022-18052026,SDY61531,33,17.654999999999994,35.85,17.654999999999994,qc_approved,2026-05-19,Unallocated
20s-Navy-Navy-Cotton/Compact,PO-2026-1104,SUTLEJ TEXTILES AND INDUSTRIES LIMITED,goods_partially_received,BOX-PO-2026-1104-95099-18052026-1779166606794-16,6a0bed8e7e46a375245e0a3f,95099-18052026,SDY53391-A,40,36.295,47.5,36.295,qc_approved,2026-05-19,Unallocated
20s-Navy-Navy-Cotton/Compact,PO-2026-1104,SUTLEJ TEXTILES AND INDUSTRIES LIMITED,goods_partially_received,BOX-PO-2026-1104-95099-18052026-1779166606794-14,6a0bed8e7e46a375245e0a3d,95099-18052026,SDY53391-A,29,2.1220000000000034,33.725,2.1220000000000034,qc_approved,2026-05-19,Unallocated
20s-Navy-Navy-Cotton/Compact,PO-2026-1104,SUTLEJ TEXTILES AND INDUSTRIES LIMITED,goods_partially_received,BOX-PO-2026-1104-95099-18052026-1779166606794-15,6a0bed8e7e46a375245e0a3e,95099-18052026,SDY53391-A,40,42.893,47.4,42.893,qc_approved,2026-05-19,Unallocated
20s-Navy-Navy-Cotton/Compact,PO-2026-1104,SUTLEJ TEXTILES AND INDUSTRIES LIMITED,goods_partially_received,BOX-PO-2026-1104-95099-18052026-1779166606794-1,6a0bed8e7e46a375245e0a30,95099-18052026,SDY53391-A,40,4.988000000000007,47.52,4.988000000000007,qc_approved,2026-05-19,Unallocated
20s-Navy-Navy-Cotton/Compact,PO-2026-1104,SUTLEJ TEXTILES AND INDUSTRIES LIMITED,goods_partially_received,BOX-PO-2026-1104-95099-18052026-1779166606794-2,6a0bed8e7e46a375245e0a31,95099-18052026,SDY53391-A,40,4.417000000000002,47.195,4.417000000000002,qc_approved,2026-05-19,Unallocated
20s-Navy-Navy-Cotton/Compact,PO-2026-1104,SUTLEJ TEXTILES AND INDUSTRIES LIMITED,goods_partially_received,BOX-PO-2026-1104-95099-18052026-1779166606794-4,6a0bed8e7e46a375245e0a33,95099-18052026,SDY53391-A,40,9.341999999999999,47.165,9.341999999999999,qc_approved,2026-05-19,Unallocated
20s-Navy-Navy-Cotton/Compact,PO-2026-1104,SUTLEJ TEXTILES AND INDUSTRIES LIMITED,goods_partially_received,BOX-PO-2026-1104-95099-18052026-1779166606794-9,6a0bed8e7e46a375245e0a38,95099-18052026,SDY53391-A,40,23.403000000000006,47.51,23.403000000000006,qc_approved,2026-05-19,Unallocated
20s-Navy-Navy-Cotton/Compact,PO-2026-1104,SUTLEJ TEXTILES AND INDUSTRIES LIMITED,goods_partially_received,BOX-PO-2026-1104-95099-18052026-1779166606794-10,6a0bed8e7e46a375245e0a39,95099-18052026,SDY53391-A,40,4.63000000000001,47.25,4.63000000000001,qc_approved,2026-05-19,Unallocated
20s-Light Grey Melange-Light Grey Melange-Cotton/Combed Melange,PO-2026-1104,SUTLEJ TEXTILES AND INDUSTRIES LIMITED,goods_partially_received,BOX-PO-2026-1104-75063-18052026-1779166524395-1,6a0bed3c7e46a375245dfde0,75063-18052026,DM68503-I,24,1.4639999999999986,52.26,1.4639999999999986,qc_approved,2026-05-19,Unallocated
20s-Light Grey Melange-Light Grey Melange-Cotton/Combed Melange,PO-2026-1104,SUTLEJ TEXTILES AND INDUSTRIES LIMITED,goods_partially_received,BOX-PO-2026-1104-75063-18052026-1779166524395-2,6a0bed3c7e46a375245dfde1,75063-18052026,DM68503-I,24,14.091000000000001,52.56,14.091000000000001,qc_approved,2026-05-19,Unallocated
20s-Light Grey Melange-Light Grey Melange-Cotton/Combed Melange,PO-2026-1104,SUTLEJ TEXTILES AND INDUSTRIES LIMITED,goods_partially_received,BOX-PO-2026-1104-75063-18052026-1779166524395-3,6a0bed3c7e46a375245dfde2,75063-18052026,DM68503-I,24,0.7040000000000077,52.4,0.7040000000000077,qc_approved,2026-05-19,Unallocated
20s-Light Grey Melange-Light Grey Melange-Cotton/Combed Melange,PO-2026-1104,SUTLEJ TEXTILES AND INDUSTRIES LIMITED,goods_partially_received,BOX-PO-2026-1104-75063-18052026-1779166524395-4,6a0bed3c7e46a375245dfde3,75063-18052026,DM68503-I,21,1.1620000000000061,46,1.1620000000000061,qc_approved,2026-05-19,Unallocated
20s-Light Grey Melange-Light Grey Melange-Cotton/Combed Melange,PO-2026-1104,SUTLEJ TEXTILES AND INDUSTRIES LIMITED,goods_partially_received,BOX-PO-2026-1104-75063-18052026-1779166524395-5,6a0bed3c7e46a375245dfde4,75063-18052026,DM68503-I,24,43.903,52.56,43.903,qc_approved,2026-05-19,Unallocated
20s-Light Grey Melange-Light Grey Melange-Cotton/Combed Melange,PO-2026-1104,SUTLEJ TEXTILES AND INDUSTRIES LIMITED,goods_partially_received,BOX-PO-2026-1104-75063-18052026-1779166524395-6,6a0bed3c7e46a375245dfde5,75063-18052026,DM68503-I,24,42.714,52.32,42.714,qc_approved,2026-05-19,Unallocated
20s-Light Grey Melange-Light Grey Melange-Cotton/Combed Melange,PO-2026-1104,SUTLEJ TEXTILES AND INDUSTRIES LIMITED,goods_partially_received,BOX-PO-2026-1104-75063-18052026-1779166524395-7,6a0bed3c7e46a375245dfde6,75063-18052026,DM68503-I,24,43.29,52.38,43.29,qc_approved,2026-05-19,Unallocated
20s-Light Grey Melange-Light Grey Melange-Cotton/Combed Melange,PO-2026-1104,SUTLEJ TEXTILES AND INDUSTRIES LIMITED,goods_partially_received,BOX-PO-2026-1104-75063-18052026-1779166524395-9,6a0bed3c7e46a375245dfde8,75063-18052026,DM68503-I,24,39.7,52.44,39.7,qc_approved,2026-05-19,Unallocated
20s-Light Grey Melange-Light Grey Melange-Cotton/Combed Melange,PO-2026-1104,SUTLEJ TEXTILES AND INDUSTRIES LIMITED,goods_partially_received,BOX-PO-2026-1104-75063-18052026-1779166524395-10,6a0bed3c7e46a375245dfde9,75063-18052026,DM68503-I,24,46.178,52.46,46.178,qc_approved,2026-05-19,Unallocated
20s-Light Grey Melange-Light Grey Melange-Cotton/Combed Melange,PO-2026-1104,SUTLEJ TEXTILES AND INDUSTRIES LIMITED,goods_partially_received,BOX-PO-2026-1104-75063-18052026-1779166524395-11,6a0bed3c7e46a375245dfdea,75063-18052026,DM68503-I,24,28.652,52.24,28.652,qc_approved,2026-05-19,Unallocated
30s-Navy-Navy-Cotton/Cotton Micro Modal,PO-2026-1070,VARDHMAN TEXTILES LIMITED,goods_partially_received,BOX-PO-2026-1070-M0116827 13052026-1778758956543-3,6a05b52c5107c263793efdcc,M0116827 13052026,A-77558-1,27,17.29,29.14,17.29,qc_approved,2026-05-14,Unallocated
30s-Navy-Navy-Cotton/Cotton Micro Modal,PO-2026-1070,VARDHMAN TEXTILES LIMITED,goods_partially_received,BOX-PO-2026-1070-M0116827 13052026-1778758956543-9,6a05b52c5107c263793efdd2,M0116827 13052026,A-77558-1,27,7.751999999999999,28.92,7.751999999999999,qc_approved,2026-05-14,Unallocated
20s-White-White-Cotton/Compact,PO-2026-771,VARDHMAN TEXTILES LIMITED,goods_received,BOX-PO-2026-771-M0116849-13052026-1778758511953-18,6a05b36ff0921f63225cd376,M0116849-13052026,MRL03339,18,1.7140000000000022,20.62,1.7140000000000022,qc_approved,2026-05-14,Unallocated
20s-White-White-Cotton/Compact,PO-2026-771,VARDHMAN TEXTILES LIMITED,goods_received,BOX-PO-2026-771-M0116849-13052026-1778758511953-19,6a05b36ff0921f63225cd377,M0116849-13052026,MRL03339,18,6.939,20.92,6.939,qc_approved,2026-05-14,Unallocated
30s-Navy-Navy-Cotton/Compact,PO-2026-1104,SUTLEJ TEXTILES AND INDUSTRIES LIMITED,goods_partially_received,BOX-PO-2026-1104-95137 12052026-1778573255503-27,6a02dfc72dde18399ea4ae47,95137 12052026,SDY53391-A,40,1.016999999999996,46.619,1.016999999999996,qc_approved,2026-05-12,Unallocated
20s-Deep Grey-Eiffel Tower (Deep Grey)-Cotton/Compact,PO-2026-1104,SUTLEJ TEXTILES AND INDUSTRIES LIMITED,goods_partially_received,BOX-PO-2026-1104-90022 12052026-1778573255503-19,6a02dfc72dde18399ea4ae3e,90022 12052026,SDY61531,40,32.69499999999999,45.22,32.69499999999999,qc_approved,2026-05-12,Unallocated
30s-Navy-Navy-Cotton/Compact,PO-2026-1104,SUTLEJ TEXTILES AND INDUSTRIES LIMITED,goods_partially_received,BOX-PO-2026-1104-95137 12052026-1778573255503-21,6a02dfc72dde18399ea4ae41,95137 12052026,SDY53391-A,40,3.857999999999997,46.815,3.857999999999997,qc_approved,2026-05-12,Unallocated
30s-Navy-Navy-Cotton/Compact,PO-2026-1104,SUTLEJ TEXTILES AND INDUSTRIES LIMITED,goods_partially_received,BOX-PO-2026-1104-95137 12052026-1778573255503-22,6a02dfc72dde18399ea4ae42,95137 12052026,SDY53391-A,40,0.9380000000000095,46.76,0.9380000000000095,qc_approved,2026-05-12,Unallocated
20s-Beige-Beige-Cotton/Compact,PO-2026-1104,SUTLEJ TEXTILES AND INDUSTRIES LIMITED,goods_partially_received,BOX-PO-2026-1104-90021 12052026-1778573255503-2,6a02dfc72dde18399ea4ae2b,90021 12052026,SDY50144-B,40,26.846000000000004,46.58,26.846000000000004,qc_approved,2026-05-12,Unallocated
20s-Beige-Beige-Cotton/Compact,PO-2026-1104,SUTLEJ TEXTILES AND INDUSTRIES LIMITED,goods_partially_received,BOX-PO-2026-1104-90021 12052026-1778573255503-3,6a02dfc72dde18399ea4ae2c,90021 12052026,SDY50144-B,17,8.564,18.52,8.564,qc_approved,2026-05-12,Unallocated
20s-Beige-Beige-Cotton/Compact,PO-2026-1104,SUTLEJ TEXTILES AND INDUSTRIES LIMITED,goods_partially_received,BOX-PO-2026-1104-90021 12052026-1778573255503-4,6a02dfc72dde18399ea4ae2d,90021 12052026,SDY50144-B,40,17.03700000000001,46.68,17.03700000000001,qc_approved,2026-05-12,Unallocated
20s-Beige-Beige-Cotton/Compact,PO-2026-1104,SUTLEJ TEXTILES AND INDUSTRIES LIMITED,goods_partially_received,BOX-PO-2026-1104-90021 12052026-1778573255503-5,6a02dfc72dde18399ea4ae2e,90021 12052026,SDY50144-B,40,23.398,46.6,23.398,qc_approved,2026-05-12,Unallocated
20s-Beige-Beige-Cotton/Compact,PO-2026-1104,SUTLEJ TEXTILES AND INDUSTRIES LIMITED,goods_partially_received,BOX-PO-2026-1104-90021 12052026-1778573255503-6,6a02dfc72dde18399ea4ae2f,90021 12052026,SDY50144-B,40,0.3780000000000072,46.72,0.3780000000000072,qc_approved,2026-05-12,Unallocated
20s-Navy-Navy-Cotton/Compact,PO-2026-1104,SUTLEJ TEXTILES AND INDUSTRIES LIMITED,goods_partially_received,BOX-PO-2026-1104-95099 12052026-1778573255503-9,6a02dfc72dde18399ea4ae33,95099 12052026,SDY53391-A,40,30.786,47.62,30.786,qc_approved,2026-05-12,Unallocated
20s-Navy-Navy-Cotton/Compact,PO-2026-1104,SUTLEJ TEXTILES AND INDUSTRIES LIMITED,goods_partially_received,BOX-PO-2026-1104-95099 12052026-1778573255503-10,6a02dfc72dde18399ea4ae34,95099 12052026,SDY53391-A,40,11.935000000000002,47.5,11.935000000000002,qc_approved,2026-05-12,Unallocated
20s-Navy-Navy-Cotton/Compact,PO-2026-1104,SUTLEJ TEXTILES AND INDUSTRIES LIMITED,goods_partially_received,BOX-PO-2026-1104-95099 12052026-1778573255503-12,6a02dfc72dde18399ea4ae36,95099 12052026,SDY53391-A,40,21.590000000000003,45.84,21.590000000000003,qc_approved,2026-05-12,Unallocated
20s-Navy-Navy-Cotton/Compact,PO-2026-1104,SUTLEJ TEXTILES AND INDUSTRIES LIMITED,goods_partially_received,BOX-PO-2026-1104-95099 12052026-1778573255503-13,6a02dfc72dde18399ea4ae37,95099 12052026,SDY53391-A,40,36.374,47.46,36.374,qc_approved,2026-05-12,Unallocated
20s-Navy-Navy-Cotton/Compact,PO-2026-1104,SUTLEJ TEXTILES AND INDUSTRIES LIMITED,goods_partially_received,BOX-PO-2026-1104-95099 12052026-1778573255503-15,6a02dfc72dde18399ea4ae39,95099 12052026,SDY53391-A,40,10.081000000000003,47.5,10.081000000000003,qc_approved,2026-05-12,Unallocated
Soft top-Black-Black-Rubber/Soft top,PO-2026-1087,VALSON POLYESTER PRIVATE LIMITED,goods_partially_received,BOX-PO-2026-1087-NC/1645-1777536804895-1,69f30f24a4b45a51622a7186,NC/1645,VNY850,40,4.240000000000002,17.2,4.240000000000002,qc_approved,2026-04-30,Unallocated
Soft top-Black-Black-Rubber/Soft top,PO-2026-1087,VALSON POLYESTER PRIVATE LIMITED,goods_partially_received,BOX-PO-2026-1087-NC/1645-1777536804895-2,69f30f24a4b45a51622a7187,NC/1645,VNY850,38,4.764999999999999,17.16,4.764999999999999,qc_approved,2026-04-30,Unallocated
Soft top-Black-Black-Rubber/Soft top,PO-2026-1087,VALSON POLYESTER PRIVATE LIMITED,goods_partially_received,BOX-PO-2026-1087-NC/1645-1777536804895-3,69f30f24a4b45a51622a7188,NC/1645,VNY850,32,9.786000000000001,16.04,9.786000000000001,qc_approved,2026-04-30,Unallocated
Soft top-Black-Black-Rubber/Soft top,PO-2026-1087,VALSON POLYESTER PRIVATE LIMITED,goods_partially_received,BOX-PO-2026-1087-NC/1645-1777536804895-4,69f30f24a4b45a51622a7189,NC/1645,VNY850,35,10.184000000000001,16.5,10.184000000000001,qc_approved,2026-04-30,Unallocated
Soft top-Black-Black-Rubber/Soft top,PO-2026-1087,VALSON POLYESTER PRIVATE LIMITED,goods_partially_received,BOX-PO-2026-1087-NC/1645-1777536804895-6,69f30f24a4b45a51622a718b,NC/1645,VNY850,40,11.485000000000001,17.45,11.485000000000001,qc_approved,2026-04-30,Unallocated
70/2-Raw White-Raw White-Nylon/Nylon,PO-2026-1183,VALSON POLYESTER PRIVATE LIMITED,goods_received,BOX-PO-2026-1183-G77171/80-1777461637786-1,69f1e985294f6c3bef8245ba,G77171/80,Raw White,0,11.836,0,11.836,qc_approved,2026-04-29,Unallocated
70/2-Light Beige-Pebble-Nylon/Nylon,PO-2026-1177,WAMPUM SYNTEX PRIVATE LIMITED,goods_partially_received,BOX-PO-2026-1177-EW55417-1777284034673-1,69ef33c286f7ddd153104067,EW55417,WN97664 (N.SAM 10860/3),0,0.834,0,0.834,qc_approved,2026-04-27,Unallocated
70/2-Light Blue-Light Blue-Nylon/Nylon,PO-2026-1177,WAMPUM SYNTEX PRIVATE LIMITED,goods_partially_received,BOX-PO-2026-1177-EW42298-1777284034673-2,69ef33c286f7ddd153104069,EW42298,WN2165,0,2.89,0,2.89,qc_approved,2026-04-27,Unallocated
70/2-Beige-Beige-Nylon/Nylon,PO-2026-1177,WAMPUM SYNTEX PRIVATE LIMITED,goods_partially_received,BOX-PO-2026-1177-EW38425-1777282539492-12,69ef2deb86f7ddd1531020c9,EW38425,WN1881,0,7.87,0,7.87,qc_approved,2026-04-27,Unallocated
70/2-Pastel Green-Tea-Nylon/Nylon,PO-2026-1177,WAMPUM SYNTEX PRIVATE LIMITED,goods_partially_received,BOX-PO-2026-1177-53426-1777282539492-15,69ef2deb86f7ddd1531020cf,53426,WN97520/N.SAM 10829/2,0,2.858,0,2.858,qc_approved,2026-04-27,Unallocated
70/2-Dark Grey-Dark Grey-Nylon/Nylon,PO-2026-1177,WAMPUM SYNTEX PRIVATE LIMITED,goods_partially_received,BOX-PO-2026-1177-49224-1777282539492-2,69ef2deb86f7ddd1531020b5,49224,WN1883,0,3.9,0,3.9,qc_approved,2026-04-27,Unallocated
20s-Brown-Brown-Cotton/Compact,PO-2026-1182,RSWM LTD.,goods_received,BOX-PO-2026-1182-2554106329-1777114344162-1,69ec9ce886f7ddd153f3a934,2554106329,8590196 / YS26410-C,0,14.775,0,14.775,qc_approved,2026-04-25,Unallocated
30s-Navy-Navy-Cotton/Compact,PO-2026-1181,SUTLEJ TEXTILES AND INDUSTRIES LIMITED,goods_received,BOX-PO-2026-1181-92269-1777114082265-1,69ec9be286f7ddd153f375a5,92269,SDY53391-A,0,0.33899999999999997,0,0.33899999999999997,qc_approved,2026-04-25,Unallocated
70/2-Deep Grey-Deep Grey-Nylon/Nylon,PO-2026-1180,WAMPUM SYNTEX PRIVATE LIMITED,goods_received,BOX-PO-2026-1180-EW71809-1777113386469-1,69ec992a86f7ddd153f34aae,EW71809,WN98756,0,0.616,0,0.616,qc_approved,2026-04-25,Unallocated
30s-White-White-Cotton/Compact,PO-2026-771,VARDHMAN TEXTILES LIMITED,goods_received,BOX-PO-2026-771-M0116737 24.04-1777010103254-1,69eb05b786f7ddd153e2e837,M0116737 24.04,MRL03363,18,16.083,23.05,16.083,qc_approved,2026-04-24,Unallocated
30s-White-White-Cotton/Compact,PO-2026-771,VARDHMAN TEXTILES LIMITED,goods_received,BOX-PO-2026-771-M0116737 24.04-1777010103254-2,69eb05b786f7ddd153e2e838,M0116737 24.04,MRL03363,18,8.866,22.8,8.866,qc_approved,2026-04-24,Unallocated
30s-White-White-Cotton/Compact,PO-2026-771,VARDHMAN TEXTILES LIMITED,goods_received,BOX-PO-2026-771-M0116737 24.04-1777010103254-4,69eb05b786f7ddd153e2e83a,M0116737 24.04,MRL03363,18,7.426,22.95,7.426,qc_approved,2026-04-24,Unallocated
30s-White-White-Cotton/Compact,PO-2026-771,VARDHMAN TEXTILES LIMITED,goods_received,BOX-PO-2026-771-M0116739 24.04-1777010103254-8,69eb05b786f7ddd153e2e83f,M0116739 24.04,MRL03363,11,0.5340000000000007,14.3,0.5340000000000007,qc_approved,2026-04-24,Unallocated
30s-White-White-Cotton/Cotton Micro Modal,PO-2026-1070,VARDHMAN TEXTILES LIMITED,goods_partially_received,BOX-PO-2026-1070-M0116754 24.04-1777009943557-1,69eb051786f7ddd153e2ba58,M0116754 24.04,MRL03437/A-77082 -1,36,18.059000000000005,37.92,18.059000000000005,qc_approved,2026-04-24,Unallocated
30s-White-White-Cotton/Cotton Micro Modal,PO-2026-1070,VARDHMAN TEXTILES LIMITED,goods_partially_received,BOX-PO-2026-1070-M0116754 24.04-1777009943557-3,69eb051786f7ddd153e2ba5a,M0116754 24.04,MRL03437/A-77082 -1,36,4.89200000000001,37.64,4.89200000000001,qc_approved,2026-04-24,Unallocated
30s-White-White-Cotton/Cotton Micro Modal,PO-2026-1070,VARDHMAN TEXTILES LIMITED,goods_partially_received,BOX-PO-2026-1070-M0116754 24.04-1777009943557-4,69eb051786f7ddd153e2ba5b,M0116754 24.04,MRL03437/A-77082 -1,36,17.852000000000004,37.66,17.852000000000004,qc_approved,2026-04-24,Unallocated
30s-White-White-Cotton/Cotton Micro Modal,PO-2026-1070,VARDHMAN TEXTILES LIMITED,goods_partially_received,BOX-PO-2026-1070-M0116754 24.04-1777009943557-7,69eb051786f7ddd153e2ba5e,M0116754 24.04,MRL03437/A-77082 -1,36,19.564,37.38,19.564,qc_approved,2026-04-24,Unallocated
30s-Deep Grey-Eiffel Tower (Deep Grey)-Cotton/Compact,PO-2026-1056,SUTLEJ TEXTILES AND INDUSTRIES LIMITED,goods_received,BOX-PO-2026-1056-94976-1776757384224-33,69e72a88f0694e7c1e231f32,94976,SDY61531,40,0.10000000000000142,46.08,0.10000000000000142,qc_approved,2026-04-21,Unallocated
30s-Deep Grey-Eiffel Tower (Deep Grey)-Cotton/Compact,PO-2026-1056,SUTLEJ TEXTILES AND INDUSTRIES LIMITED,goods_received,BOX-PO-2026-1056-94976-1776757384224-35,69e72a88f0694e7c1e231f34,94976,SDY61531,40,1.6259999999999977,46.08,1.6259999999999977,qc_approved,2026-04-21,Unallocated
30s-Deep Grey-Eiffel Tower (Deep Grey)-Cotton/Compact,PO-2026-1056,SUTLEJ TEXTILES AND INDUSTRIES LIMITED,goods_received,BOX-PO-2026-1056-94976-1776757384224-37,69e72a88f0694e7c1e231f36,94976,SDY61531,40,0.127999999999993,46.1,0.127999999999993,qc_approved,2026-04-21,Unallocated
30s-Deep Grey-Eiffel Tower (Deep Grey)-Cotton/Compact,PO-2026-1056,SUTLEJ TEXTILES AND INDUSTRIES LIMITED,goods_received,BOX-PO-2026-1056-94976-1776757384224-38,69e72a88f0694e7c1e231f37,94976,SDY61531,40,3.197000000000017,47.255,3.197000000000017,qc_approved,2026-04-21,Unallocated
20s-Deep Grey-Eiffel Tower (Deep Grey)-Cotton/Compact,PO-2026-1056,SUTLEJ TEXTILES AND INDUSTRIES LIMITED,goods_received,BOX-PO-2026-1056-94890-1776757384224-12,69e72a88f0694e7c1e231f1c,94890,SDY61531,40,27.199000000000005,52.88,27.199000000000005,qc_approved,2026-04-21,Unallocated
20s-Deep Grey-Eiffel Tower (Deep Grey)-Cotton/Compact,PO-2026-1056,SUTLEJ TEXTILES AND INDUSTRIES LIMITED,goods_received,BOX-PO-2026-1056-94890-1776757384224-13,69e72a88f0694e7c1e231f1d,94890,SDY61531,40,17.613000000000007,53.02,17.613000000000007,qc_approved,2026-04-21,Unallocated
20s-Deep Grey-Eiffel Tower (Deep Grey)-Cotton/Compact,PO-2026-1056,SUTLEJ TEXTILES AND INDUSTRIES LIMITED,goods_received,BOX-PO-2026-1056-94890-1776757384224-14,69e72a88f0694e7c1e231f1e,94890,SDY61531,40,33.758,52.98,33.758,qc_approved,2026-04-21,Unallocated
20s-Deep Grey-Eiffel Tower (Deep Grey)-Cotton/Compact,PO-2026-1056,SUTLEJ TEXTILES AND INDUSTRIES LIMITED,goods_received,BOX-PO-2026-1056-94890-1776757384224-15,69e72a88f0694e7c1e231f1f,94890,SDY61531,40,16.875999999999998,52.98,16.875999999999998,qc_approved,2026-04-21,Unallocated
20s-Deep Grey-Eiffel Tower (Deep Grey)-Cotton/Compact,PO-2026-1056,SUTLEJ TEXTILES AND INDUSTRIES LIMITED,goods_received,BOX-PO-2026-1056-94890-1776757384224-16,69e72a88f0694e7c1e231f20,94890,SDY61531,40,39.62,52.6,39.62,qc_approved,2026-04-21,Unallocated
20s-Deep Grey-Eiffel Tower (Deep Grey)-Cotton/Compact,PO-2026-1056,SUTLEJ TEXTILES AND INDUSTRIES LIMITED,goods_received,BOX-PO-2026-1056-94890-1776757384224-21,69e72a88f0694e7c1e231f25,94890,SDY61531,40,1.198999999999991,53.02,1.198999999999991,qc_approved,2026-04-21,Unallocated
30s-Deep Grey-Eiffel Tower (Deep Grey)-Cotton/Compact,PO-2026-1056,SUTLEJ TEXTILES AND INDUSTRIES LIMITED,goods_received,BOX-PO-2026-1056-94976-1776757384224-25,69e72a88f0694e7c1e231f2a,94976,SDY61531,40,1.4669999999999987,46.06,1.4669999999999987,qc_approved,2026-04-21,Unallocated
30s-Deep Grey-Eiffel Tower (Deep Grey)-Cotton/Compact,PO-2026-1056,SUTLEJ TEXTILES AND INDUSTRIES LIMITED,goods_received,BOX-PO-2026-1056-94976-1776757384224-29,69e72a88f0694e7c1e231f2e,94976,SDY61531,40,22.950999999999993,48.8,22.950999999999993,qc_approved,2026-04-21,Unallocated
30s-Deep Grey-Eiffel Tower (Deep Grey)-Cotton/Compact,PO-2026-1056,SUTLEJ TEXTILES AND INDUSTRIES LIMITED,goods_received,BOX-PO-2026-1056-94976-1776757384224-30,69e72a88f0694e7c1e231f2f,94976,SDY61531,29,24.576,32.22,24.576,qc_approved,2026-04-21,Unallocated
20s-Deep Grey-Eiffel Tower (Deep Grey)-Cotton/Compact,PO-2026-1056,SUTLEJ TEXTILES AND INDUSTRIES LIMITED,goods_received,BOX-PO-2026-1056-94890-1776757384224-1,69e72a88f0694e7c1e231f11,94890,SDY61531,40,27.398,53.04,27.398,qc_approved,2026-04-21,Unallocated
20s-Deep Grey-Eiffel Tower (Deep Grey)-Cotton/Compact,PO-2026-1056,SUTLEJ TEXTILES AND INDUSTRIES LIMITED,goods_received,BOX-PO-2026-1056-94890-1776757384224-3,69e72a88f0694e7c1e231f13,94890,SDY61531,0,32.215,0,32.215,qc_approved,2026-04-21,Unallocated
20s-Deep Grey-Eiffel Tower (Deep Grey)-Cotton/Compact,PO-2026-1056,SUTLEJ TEXTILES AND INDUSTRIES LIMITED,goods_received,BOX-PO-2026-1056-94890-1776757384224-5,69e72a88f0694e7c1e231f15,94890,SDY61531,40,14.582,52.76,14.582,qc_approved,2026-04-21,Unallocated
20s-Deep Grey-Eiffel Tower (Deep Grey)-Cotton/Compact,PO-2026-1056,SUTLEJ TEXTILES AND INDUSTRIES LIMITED,goods_received,BOX-PO-2026-1056-94890-1776757384224-7,69e72a88f0694e7c1e231f17,94890,SDY61531,0,43.507999999999996,0,43.507999999999996,qc_approved,2026-04-21,Unallocated
20s-Deep Grey-Eiffel Tower (Deep Grey)-Cotton/Compact,PO-2026-1056,SUTLEJ TEXTILES AND INDUSTRIES LIMITED,goods_received,BOX-PO-2026-1056-94890-1776757384224-8,69e72a88f0694e7c1e231f18,94890,SDY61531,0,40.219,0,40.219,qc_approved,2026-04-21,Unallocated
20s-Deep Grey-Eiffel Tower (Deep Grey)-Cotton/Compact,PO-2026-1056,SUTLEJ TEXTILES AND INDUSTRIES LIMITED,goods_received,BOX-PO-2026-1056-94890-1776757384224-9,69e72a88f0694e7c1e231f19,94890,SDY61531,0,42.174,0,42.174,qc_approved,2026-04-21,Unallocated
20s-Deep Grey-Eiffel Tower (Deep Grey)-Cotton/Compact,PO-2026-1056,SUTLEJ TEXTILES AND INDUSTRIES LIMITED,goods_received,BOX-PO-2026-1056-94890-1776757384224-10,69e72a88f0694e7c1e231f1a,94890,SDY61531,0,45.223,0,45.223,qc_approved,2026-04-21,Unallocated
20s-Deep Grey-Eiffel Tower (Deep Grey)-Cotton/Compact,PO-2026-1056,SUTLEJ TEXTILES AND INDUSTRIES LIMITED,goods_received,BOX-PO-2026-1056-94890-1776757384224-11,69e72a88f0694e7c1e231f1b,94890,SDY61531,0,40.980000000000004,0,40.980000000000004,qc_approved,2026-04-21,Unallocated
30s-Denim Blue-Denim Blue-Cotton/Compact,PO-2026-1172,SUTLEJ TEXTILES AND INDUSTRIES LIMITED,goods_received,BOX-PO-2026-1172-93070-1776755744539-3,69e72420f0694e7c1e22e85a,93070,SDY50165-A,0,1.806,0,1.806,qc_approved,2026-04-21,Unallocated
30s-Navy-Navy-Cotton/Compact,PO-2026-1172,SUTLEJ TEXTILES AND INDUSTRIES LIMITED,goods_received,BOX-PO-2026-1172-94175-1776755744539-6,69e72420f0694e7c1e22e86d,94175,SDY53391-A,0,1.298,0,1.298,qc_approved,2026-04-21,Unallocated
30s-Navy-Navy-Cotton/Compact,PO-2026-1172,SUTLEJ TEXTILES AND INDUSTRIES LIMITED,goods_received,BOX-PO-2026-1172-92269-1776755744539-1,69e72420f0694e7c1e22e848,92269,SDY53391-A,0,0.756,0,0.756,qc_approved,2026-04-21,Unallocated
30s-Black-Black-Cotton/Compact,PO-2026-1171,RSWM LTD.,goods_received,BOX-PO-2026-1171-2554106340-1776752205740-2,69e7164df0694e7c1e22513d,2554106340,8780340 / YS26174-A,0,8.173,0,8.173,qc_approved,2026-04-21,Unallocated
20/70-Peacock Blue-Peacock Blue-Nylon/Spandex,PO-2026-1168,WAMPUM SYNTEX PRIVATE LIMITED,goods_received,BOX-PO-2026-1168-42306-1776745821571-3,69e6fd5df0694e7c1e21c000,42306,WN92815,0,1.064,0,1.064,qc_approved,2026-04-21,Unallocated
70/2-Dark Grey-Dark Grey-Nylon/Nylon,PO-2026-1168,WAMPUM SYNTEX PRIVATE LIMITED,goods_received,BOX-PO-2026-1168-65600-1776745821571-1,69e6fd5df0694e7c1e21bffc,65600,WN1883,0,4.609,0,4.609,qc_approved,2026-04-21,Unallocated
20/40-Deep Grey-Deep Grey-Nylon/Spandex,PO-2026-1167,WAMPUM SYNTEX PRIVATE LIMITED,goods_received,BOX-PO-2026-1167-EW71578-1776661773571-3,69e5b50d4dfe50532a154ae8,EW71578,WN98756,0,13.848999999999998,0,13.848999999999998,qc_approved,2026-04-20,Unallocated
30s-Black-Black-Cotton/Compact,PO-2026-1166,SUTLEJ TEXTILES AND INDUSTRIES LIMITED,goods_received,BOX-PO-2026-1166-94384 14.04-1776166561519-25,69de26a1007e05d7e741e75d,94384 14.04,SDY55525,0,29.073,0,29.073,qc_approved,2026-04-14,Unallocated
30s-Black-Black-Cotton/Compact,PO-2026-1166,SUTLEJ TEXTILES AND INDUSTRIES LIMITED,goods_received,BOX-PO-2026-1166-94384 14.04-1776166561519-22,69de26a1007e05d7e741e75a,94384 14.04,SDY55525,40,25.142000000000003,45.34,25.142000000000003,qc_approved,2026-04-14,Unallocated
30s-Black-Black-Cotton/Compact,PO-2026-1166,SUTLEJ TEXTILES AND INDUSTRIES LIMITED,goods_received,BOX-PO-2026-1166-94384 14.04-1776166561519-23,69de26a1007e05d7e741e75b,94384 14.04,SDY55525,0,7.913999999999999,0,7.913999999999999,qc_approved,2026-04-14,Unallocated
30s-Black-Black-Cotton/Compact,PO-2026-1166,SUTLEJ TEXTILES AND INDUSTRIES LIMITED,goods_received,BOX-PO-2026-1166-94384 14.04-1776166561519-24,69de26a1007e05d7e741e75c,94384 14.04,SDY55525,40,19.803999999999995,45.2,19.803999999999995,qc_approved,2026-04-14,Unallocated
30s-Black-Black-Cotton/Compact,PO-2026-1166,SUTLEJ TEXTILES AND INDUSTRIES LIMITED,goods_received,BOX-PO-2026-1166-94384 14.04-1776166561519-19,69de26a1007e05d7e741e757,94384 14.04,SDY55525,40,27.271,44.86,27.271,qc_approved,2026-04-14,Unallocated
30s-Black-Black-Cotton/Compact,PO-2026-1166,SUTLEJ TEXTILES AND INDUSTRIES LIMITED,goods_received,BOX-PO-2026-1166-94384 14.04-1776166561519-20,69de26a1007e05d7e741e758,94384 14.04,SDY55525,40,20.178,44.98,20.178,qc_approved,2026-04-14,Unallocated
30s-Black-Black-Cotton/Compact,PO-2026-1166,SUTLEJ TEXTILES AND INDUSTRIES LIMITED,goods_received,BOX-PO-2026-1166-94384 14.04-1776166561519-21,69de26a1007e05d7e741e759,94384 14.04,SDY55525,40,29.456000000000003,45.06,29.456000000000003,qc_approved,2026-04-14,Unallocated
30s-Black-Black-Cotton/Compact,PO-2026-1166,SUTLEJ TEXTILES AND INDUSTRIES LIMITED,goods_received,BOX-PO-2026-1166-94384 14.04-1776166561519-15,69de26a1007e05d7e741e753,94384 14.04,SDY55525,40,37.799,45.18,37.799,qc_approved,2026-04-14,Unallocated
30s-Black-Black-Cotton/Compact,PO-2026-1166,SUTLEJ TEXTILES AND INDUSTRIES LIMITED,goods_received,BOX-PO-2026-1166-94384 14.04-1776166561519-16,69de26a1007e05d7e741e754,94384 14.04,SDY55525,40,9.059999999999995,45.32,9.059999999999995,qc_approved,2026-04-14,Unallocated
30s-Black-Black-Cotton/Compact,PO-2026-1166,SUTLEJ TEXTILES AND INDUSTRIES LIMITED,goods_received,BOX-PO-2026-1166-94384 14.04-1776166561519-17,69de26a1007e05d7e741e755,94384 14.04,SDY55525,40,27.092,44.7,27.092,qc_approved,2026-04-14,Unallocated
30s-Black-Black-Cotton/Compact,PO-2026-1166,SUTLEJ TEXTILES AND INDUSTRIES LIMITED,goods_received,BOX-PO-2026-1166-94384 14.04-1776166561519-18,69de26a1007e05d7e741e756,94384 14.04,SDY55525,0,33.634,0,33.634,qc_approved,2026-04-14,Unallocated
20s-Black-Black-Cotton/Compact,PO-2026-1166,SUTLEJ TEXTILES AND INDUSTRIES LIMITED,goods_received,BOX-PO-2026-1166-94382 14.04-1776166561519-5,69de26a1007e05d7e741e748,94382 14.04,SDY55525,40,35.093999999999994,49.9,35.093999999999994,qc_approved,2026-04-14,Unallocated
30s-Black-Black-Cotton/Cotton Micro Modal,PO-2026-1070,VARDHMAN TEXTILES LIMITED,goods_partially_received,BOX-PO-2026-1070-M0116758-1776073701050-4,69dcbbe5a19ee8d30f4ab500,M0116758,MRP91502/A-77081 -3,0,7.393999999999999,0,7.393999999999999,qc_approved,2026-04-13,Unallocated
30s-Black-Black-Cotton/Cotton Micro Modal,PO-2026-1070,VARDHMAN TEXTILES LIMITED,goods_partially_received,BOX-PO-2026-1070-M0116758-1776073701050-5,69dcbbe5a19ee8d30f4ab501,M0116758,MRP91502/A-77081 -3,36,14.683999999999997,39.59,14.683999999999997,qc_approved,2026-04-13,Unallocated
30s-Black-Black-Cotton/Cotton Micro Modal,PO-2026-1070,VARDHMAN TEXTILES LIMITED,goods_partially_received,BOX-PO-2026-1070-M0116758-1776073701050-6,69dcbbe5a19ee8d30f4ab502,M0116758,MRP91502/A-77081 -3,0,58.69799999999999,0,58.69799999999999,qc_approved,2026-04-13,Unallocated
30s-Black-Black-Cotton/Cotton Micro Modal,PO-2026-1070,VARDHMAN TEXTILES LIMITED,goods_partially_received,BOX-PO-2026-1070-M0116758-1776073701050-7,69dcbbe5a19ee8d30f4ab503,M0116758,MRP91502/A-77081 -3,36,16.115999999999996,38.74,16.115999999999996,qc_approved,2026-04-13,Unallocated
30s-Black-Black-Cotton/Cotton Micro Modal,PO-2026-1070,VARDHMAN TEXTILES LIMITED,goods_partially_received,BOX-PO-2026-1070-M0116758-1776073701050-8,69dcbbe5a19ee8d30f4ab504,M0116758,MRP91502/A-77081 -3,36,10.905999999999999,39.16,10.905999999999999,qc_approved,2026-04-13,Unallocated
30s-Black-Black-Cotton/Cotton Micro Modal,PO-2026-1070,VARDHMAN TEXTILES LIMITED,goods_partially_received,BOX-PO-2026-1070-M0116758-1776073701050-9,69dcbbe5a19ee8d30f4ab505,M0116758,MRP91502/A-77081 -3,36,4.461999999999993,38.38,4.461999999999993,qc_approved,2026-04-13,Unallocated
30s-Brown-Brown-Cotton/Cotton Micro Modal,PO-2026-1070,VARDHMAN TEXTILES LIMITED,goods_partially_received,BOX-PO-2026-1070-M0116790-1776073701050-10,69dcbbe5a19ee8d30f4ab507,M0116790,MRS50217/A-77085 -2,36,33.094,38.64,33.094,qc_approved,2026-04-13,Unallocated
30s-Brown-Brown-Cotton/Cotton Micro Modal,PO-2026-1070,VARDHMAN TEXTILES LIMITED,goods_partially_received,BOX-PO-2026-1070-M0116790-1776073701050-13,69dcbbe5a19ee8d30f4ab50a,M0116790,MRS50217/A-77085 -2,36,1.1110000000000042,39.275,1.1110000000000042,qc_approved,2026-04-13,Unallocated
30s-Black-Black-Cotton/Cotton Micro Modal,PO-2026-1070,VARDHMAN TEXTILES LIMITED,goods_partially_received,BOX-PO-2026-1070-M0116758-1776073701050-2,69dcbbe5a19ee8d30f4ab4fe,M0116758,MRP91502/A-77081 -3,36,29.212000000000003,38.86,29.212000000000003,qc_approved,2026-04-13,Unallocated
30s-Black-Black-Cotton/Cotton Micro Modal,PO-2026-1070,VARDHMAN TEXTILES LIMITED,goods_partially_received,BOX-PO-2026-1070-M0116758-1776073701050-3,69dcbbe5a19ee8d30f4ab4ff,M0116758,MRP91502/A-77081 -3,36,32.091,39.06,32.091,qc_approved,2026-04-13,Unallocated
20s-White-White-Cotton/Compact,PO-2026-771,VARDHMAN TEXTILES LIMITED,goods_received,BOX-PO-2026-771-M116608-1776062716161-10,69dc90fca19ee8d30f4a0f11,M116608,MRL03339,33,9.884000000000004,37.035,9.884000000000004,qc_approved,2026-04-13,Unallocated
20s-White-White-Cotton/Compact,PO-2026-771,VARDHMAN TEXTILES LIMITED,goods_received,BOX-PO-2026-771-M116608-1776062716161-11,69dc90fca19ee8d30f4a0f12,M116608,MRL03339,33,15.953999999999994,37.14,15.953999999999994,qc_approved,2026-04-13,Unallocated
20s-White-White-Cotton/Compact,PO-2026-771,VARDHMAN TEXTILES LIMITED,goods_received,BOX-PO-2026-771-M116608-1776062716161-12,69dc90fca19ee8d30f4a0f13,M116608,MRL03339,33,22.066,37.205,22.066,qc_approved,2026-04-13,Unallocated
30s-White-White-Cotton/Compact,PO-2026-771,VARDHMAN TEXTILES LIMITED,goods_received,BOX-PO-2026-771-M0116738-1776062716161-16,69dc90fca19ee8d30f4a0f18,M0116738,MRL03363,18,1.5990000000000073,22.4,1.5990000000000073,qc_approved,2026-04-13,Unallocated
30s-White-White-Cotton/Compact,PO-2026-771,VARDHMAN TEXTILES LIMITED,goods_received,BOX-PO-2026-771-M0116738-1776062716161-17,69dc90fca19ee8d30f4a0f19,M0116738,MRL03363,18,3.803000000000001,22.9,3.803000000000001,qc_approved,2026-04-13,Unallocated
20s-White-White-Cotton/Compact,PO-2026-771,VARDHMAN TEXTILES LIMITED,goods_received,BOX-PO-2026-771-M116608-1776062716161-1,69dc90fca19ee8d30f4a0f08,M116608,MRL03339,33,0.3059999999999974,37.005,0.3059999999999974,qc_approved,2026-04-13,Unallocated
20s-White-White-Cotton/Compact,PO-2026-771,VARDHMAN TEXTILES LIMITED,goods_received,BOX-PO-2026-771-M116608-1776062716161-2,69dc90fca19ee8d30f4a0f09,M116608,MRL03339,33,22.937999999999995,36.099,22.937999999999995,qc_approved,2026-04-13,Unallocated
20s-White-White-Cotton/Compact,PO-2026-771,VARDHMAN TEXTILES LIMITED,goods_received,BOX-PO-2026-771-M116608-1776062716161-3,69dc90fca19ee8d30f4a0f0a,M116608,MRL03339,33,22.881,37.15,22.881,qc_approved,2026-04-13,Unallocated
20s-White-White-Cotton/Compact,PO-2026-771,VARDHMAN TEXTILES LIMITED,goods_received,BOX-PO-2026-771-M116608-1776062716161-5,69dc90fca19ee8d30f4a0f0c,M116608,MRL03339,33,27.447999999999997,36.625,27.447999999999997,qc_approved,2026-04-13,Unallocated
20s-White-White-Cotton/Compact,PO-2026-771,VARDHMAN TEXTILES LIMITED,goods_received,BOX-PO-2026-771-M116608-1776062716161-9,69dc90fca19ee8d30f4a0f10,M116608,MRL03339,10,4.136000000000001,11.495,4.136000000000001,qc_approved,2026-04-13,Unallocated
20s-Sky Blue Melange-Sky Blue Melange-Cotton/Combed Melange,PO-2026-1165,SUTLEJ TEXTILES AND INDUSTRIES LIMITED,goods_received,BOX-PO-2026-1165-T1717-1775896524460-3,69da07ccedc59d9ec10a5e6b,T1717,PMF5BL35,0,18.487,0,18.487,qc_approved,2026-04-11,Unallocated
20/70-Raw White-Raw White-Nylon/Spandex,PO-2026-1162,WAMPUM SYNTEX PRIVATE LIMITED,goods_received,BOX-PO-2026-1162-1596/1-1775884395153-6,69d9d86bedc59d9ec1095d8d,1596/1,Raw White,0,0.714,0,0.714,qc_approved,2026-04-11,Unallocated
20s-Black-Black-Cotton/Compact,PO-2026-087,RSWM LTD.,goods_received,BOX-PO-2026-087-2554106477-10.04-1775816212209-6,69d8ce14edc59d9ec1062e3e,2554106477-10.04,8780340 / YS26174-A,40,41.150999999999996,55.04,41.150999999999996,qc_approved,2026-04-10,Unallocated
20s-Black-Black-Cotton/Compact,PO-2026-087,RSWM LTD.,goods_received,BOX-PO-2026-087-2554106477-10.04-1775816212209-9,69d8ce14edc59d9ec1062e41,2554106477-10.04,8780340 / YS26174-A,40,45.856,54.62,45.856,qc_approved,2026-04-10,Unallocated
20s-Black-Black-Cotton/Compact,PO-2026-087,RSWM LTD.,goods_received,BOX-PO-2026-087-2554106477-10.04-1775816212209-10,69d8ce14edc59d9ec1062e42,2554106477-10.04,8780340 / YS26174-A,40,2.7099999999999937,54.7,2.7099999999999937,qc_approved,2026-04-10,Unallocated
20s-Black-Black-Cotton/Compact,PO-2026-087,RSWM LTD.,goods_received,BOX-PO-2026-087-2554106477-10.04-1775816212209-11,69d8ce14edc59d9ec1062e43,2554106477-10.04,8780340 / YS26174-A,40,42.608000000000004,54.8,42.608000000000004,qc_approved,2026-04-10,Unallocated
20s-Black-Black-Cotton/Compact,PO-2026-087,RSWM LTD.,goods_received,BOX-PO-2026-087-2554106477-10.04-1775816212209-12,69d8ce14edc59d9ec1062e44,2554106477-10.04,8780340 / YS26174-A,40,45.653999999999996,54.72,45.653999999999996,qc_approved,2026-04-10,Unallocated
20s-Black-Black-Cotton/Compact,PO-2026-087,RSWM LTD.,goods_received,BOX-PO-2026-087-2554106477-10.04-1775816212209-13,69d8ce14edc59d9ec1062e45,2554106477-10.04,8780340 / YS26174-A,0,37.074,0,37.074,qc_approved,2026-04-10,Unallocated
20s-Black-Black-Cotton/Compact,PO-2026-087,RSWM LTD.,goods_received,BOX-PO-2026-087-2554106477-10.04-1775816212209-14,69d8ce14edc59d9ec1062e46,2554106477-10.04,8780340 / YS26174-A,40,4.009999999999998,54.82,4.009999999999998,qc_approved,2026-04-10,Unallocated
20s-Black-Black-Cotton/Compact,PO-2026-087,RSWM LTD.,goods_received,BOX-PO-2026-087-2554106477-10.04-1775816212209-15,69d8ce14edc59d9ec1062e47,2554106477-10.04,8780340 / YS26174-A,40,44.926,54.76,44.926,qc_approved,2026-04-10,Unallocated
20s-Black-Black-Cotton/Compact,PO-2026-087,RSWM LTD.,goods_received,BOX-PO-2026-087-2554106477-10.04-1775816212209-1,69d8ce14edc59d9ec1062e39,2554106477-10.04,8780340 / YS26174-A,40,17.026000000000003,54.7,17.026000000000003,qc_approved,2026-04-10,Unallocated
20/70-Black-Black-Nylon/Spandex,PO-2026-1097,VALSON POLYESTER PRIVATE LIMITED,goods_partially_received,BOX-PO-2026-1097-CN/2132-1775797410626-28,69d884a2edc59d9ec10462de,CN/2132,VNY850,20,9.675999999999998,20.9,9.675999999999998,qc_approved,2026-04-10,Unallocated
20/70-Black-Black-Nylon/Spandex,PO-2026-1097,VALSON POLYESTER PRIVATE LIMITED,goods_partially_received,BOX-PO-2026-1097-CN/2133-1775797410626-29,69d884a2edc59d9ec10462e0,CN/2133,VNY850,19,14.258,0,14.258,qc_approved,2026-04-10,Unallocated
20/70-Black-Black-Nylon/Spandex,PO-2026-1097,VALSON POLYESTER PRIVATE LIMITED,goods_partially_received,BOX-PO-2026-1097-CN/2133-1775797410626-30,69d884a2edc59d9ec10462e1,CN/2133,VNY850,20,13.430000000000001,20.36,13.430000000000001,qc_approved,2026-04-10,Unallocated
20/70-Black-Black-Nylon/Spandex,PO-2026-1097,VALSON POLYESTER PRIVATE LIMITED,goods_partially_received,BOX-PO-2026-1097-CN/2133-1775797410626-31,69d884a2edc59d9ec10462e2,CN/2133,VNY850,20,4.716000000000005,20.34,4.716000000000005,qc_approved,2026-04-10,Unallocated
20/70-Black-Black-Nylon/Spandex,PO-2026-1097,VALSON POLYESTER PRIVATE LIMITED,goods_partially_received,BOX-PO-2026-1097-CN/2133-1775797410626-32,69d884a2edc59d9ec10462e3,CN/2133,VNY850,0,13.694,0,13.694,qc_approved,2026-04-10,Unallocated
20/70-Black-Black-Nylon/Spandex,PO-2026-1097,VALSON POLYESTER PRIVATE LIMITED,goods_partially_received,BOX-PO-2026-1097-CN/2133-1775797410626-33,69d884a2edc59d9ec10462e4,CN/2133,VNY850,19,1.6929999999999996,19.44,1.6929999999999996,qc_approved,2026-04-10,Unallocated
20/70-Black-Black-Nylon/Spandex,PO-2026-1097,VALSON POLYESTER PRIVATE LIMITED,goods_partially_received,BOX-PO-2026-1097-CN/2133-1775797410626-34,69d884a2edc59d9ec10462e5,CN/2133,VNY850,20,10.534,21.06,10.534,qc_approved,2026-04-10,Unallocated
20/70-Black-Black-Nylon/Spandex,PO-2026-1097,VALSON POLYESTER PRIVATE LIMITED,goods_partially_received,BOX-PO-2026-1097-CN/2131 10.04-1775797410626-12,69d884a2edc59d9ec10462cd,CN/2131 10.04,VNY850,0,11.832,0,11.832,qc_approved,2026-04-10,Unallocated
20/70-Black-Black-Nylon/Spandex,PO-2026-1097,VALSON POLYESTER PRIVATE LIMITED,goods_partially_received,BOX-PO-2026-1097-CN/2131 10.04-1775797410626-13,69d884a2edc59d9ec10462ce,CN/2131 10.04,VNY850,0,12.355,0,12.355,qc_approved,2026-04-10,Unallocated
20/70-Black-Black-Nylon/Spandex,PO-2026-1097,VALSON POLYESTER PRIVATE LIMITED,goods_partially_received,BOX-PO-2026-1097-CN/2131 10.04-1775797410626-14,69d884a2edc59d9ec10462cf,CN/2131 10.04,VNY850,20,13.293,19.56,13.293,qc_approved,2026-04-10,Unallocated
20/70-Black-Black-Nylon/Spandex,PO-2026-1097,VALSON POLYESTER PRIVATE LIMITED,goods_partially_received,BOX-PO-2026-1097-CN/2131 10.04-1775797410626-15,69d884a2edc59d9ec10462d0,CN/2131 10.04,VNY850,19,10.712,20.08,10.712,qc_approved,2026-04-10,Unallocated
20/70-Black-Black-Nylon/Spandex,PO-2026-1097,VALSON POLYESTER PRIVATE LIMITED,goods_partially_received,BOX-PO-2026-1097-CN/2131 10.04-1775797410626-16,69d884a2edc59d9ec10462d1,CN/2131 10.04,VNY850,20,13.687999999999999,20.92,13.687999999999999,qc_approved,2026-04-10,Unallocated
20/70-Black-Black-Nylon/Spandex,PO-2026-1097,VALSON POLYESTER PRIVATE LIMITED,goods_partially_received,BOX-PO-2026-1097-CN/2131 10.04-1775797410626-17,69d884a2edc59d9ec10462d2,CN/2131 10.04,VNY850,20,10.480999999999998,19.78,10.480999999999998,qc_approved,2026-04-10,Unallocated
20/70-Black-Black-Nylon/Spandex,PO-2026-1097,VALSON POLYESTER PRIVATE LIMITED,goods_partially_received,BOX-PO-2026-1097-CN/2131 10.04-1775797410626-18,69d884a2edc59d9ec10462d3,CN/2131 10.04,VNY850,20,12.989999999999998,20.44,12.989999999999998,qc_approved,2026-04-10,Unallocated
20/70-Black-Black-Nylon/Spandex,PO-2026-1097,VALSON POLYESTER PRIVATE LIMITED,goods_partially_received,BOX-PO-2026-1097-CN/2131 10.04-1775797410626-19,69d884a2edc59d9ec10462d4,CN/2131 10.04,VNY850,20,2.4160000000000004,20.12,2.4160000000000004,qc_approved,2026-04-10,Unallocated
20/70-Black-Black-Nylon/Spandex,PO-2026-1097,VALSON POLYESTER PRIVATE LIMITED,goods_partially_received,BOX-PO-2026-1097-CN/2131 10.04-1775797410626-21,69d884a2edc59d9ec10462d6,CN/2131 10.04,VNY850,20,15.669,20.52,15.669,qc_approved,2026-04-10,Unallocated
20/70-Black-Black-Nylon/Spandex,PO-2026-1097,VALSON POLYESTER PRIVATE LIMITED,goods_partially_received,BOX-PO-2026-1097-CN/2131 10.04-1775797410626-22,69d884a2edc59d9ec10462d7,CN/2131 10.04,VNY850,0,13.797,0,13.797,qc_approved,2026-04-10,Unallocated
20/70-Black-Black-Nylon/Spandex,PO-2026-1097,VALSON POLYESTER PRIVATE LIMITED,goods_partially_received,BOX-PO-2026-1097-CN/2131 10.04-1775797410626-23,69d884a2edc59d9ec10462d8,CN/2131 10.04,VNY850,20,15.408,21.26,15.408,qc_approved,2026-04-10,Unallocated
20/70-Black-Black-Nylon/Spandex,PO-2026-1097,VALSON POLYESTER PRIVATE LIMITED,goods_partially_received,BOX-PO-2026-1097-CN/2131 10.04-1775797410626-24,69d884a2edc59d9ec10462d9,CN/2131 10.04,VNY850,20,12.438000000000002,20.32,12.438000000000002,qc_approved,2026-04-10,Unallocated
20/70-Black-Black-Nylon/Spandex,PO-2026-1097,VALSON POLYESTER PRIVATE LIMITED,goods_partially_received,BOX-PO-2026-1097-CN/2132-1775797410626-25,69d884a2edc59d9ec10462db,CN/2132,VNY850,20,10.921,20.78,10.921,qc_approved,2026-04-10,Unallocated
20/70-Black-Black-Nylon/Spandex,PO-2026-1097,VALSON POLYESTER PRIVATE LIMITED,goods_partially_received,BOX-PO-2026-1097-CN/2132-1775797410626-27,69d884a2edc59d9ec10462dd,CN/2132,VNY850,20,11.043,19.9,11.043,qc_approved,2026-04-10,Unallocated
90/70-Black-Black-Rubber/Rubber,PO-2026-1087,VALSON POLYESTER PRIVATE LIMITED,goods_partially_received,BOX-PO-2026-1087-NCR/1643 10.03-1775796094983-2,69d87f7eedc59d9ec1042fbb,NCR/1643 10.03,VNY850,0,5.954999999999999,0,5.954999999999999,qc_approved,2026-04-10,Unallocated
30s-Maroon-Maroon-Cotton/Compact,PO-2026-1161,MARAL OVERSEAS LTD.,goods_received,BOX-PO-2026-1161-2105473-1775740512399-4,69d7a660edc59d9ec102f78a,2105473,DYL-36517-C,0,1.79,0,1.79,qc_approved,2026-04-09,Unallocated
30s-Anthra Melange-Anthra Melange-Cotton/Combed Melange,PO-2026-1158,RSWM LTD.,goods_received,BOX-PO-2026-1158-2552100338-1775733193740-1,69d789c9edc59d9ec1027acf,2552100338,86100006,0,1.85,0,1.85,qc_approved,2026-04-09,Unallocated
20/70-Deep Grey-Deep Grey-Nylon/Spandex,PO-2026-1156,WAMPUM SYNTEX PRIVATE LIMITED,goods_received,BOX-PO-2026-1156-EW71924-1775554554477-3,69d4cffab89662732f7ecce7,EW71924,WN98756,19,17.488,26.08,17.488,qc_approved,2026-04-07,Unallocated
20/70-Deep Grey-Deep Grey-Nylon/Spandex,PO-2026-1156,WAMPUM SYNTEX PRIVATE LIMITED,goods_received,BOX-PO-2026-1156-EW71924-1775554554477-4,69d4cffab89662732f7ecce8,EW71924,WN98756,19,11.46,26,11.46,qc_approved,2026-04-07,Unallocated
20/70-Deep Grey-Deep Grey-Nylon/Spandex,PO-2026-1156,WAMPUM SYNTEX PRIVATE LIMITED,goods_received,BOX-PO-2026-1156-EW71924-1775554554477-5,69d4cffab89662732f7ecce9,EW71924,WN98756,19,18.065,25.98,18.065,qc_approved,2026-04-07,Unallocated
20/70-Deep Grey-Deep Grey-Nylon/Spandex,PO-2026-1156,WAMPUM SYNTEX PRIVATE LIMITED,goods_received,BOX-PO-2026-1156-EW71924-1775554554477-6,69d4cffab89662732f7eccea,EW71924,WN98756,19,20.099,26.42,20.099,qc_approved,2026-04-07,Unallocated
20/70-Deep Grey-Deep Grey-Nylon/Spandex,PO-2026-1156,WAMPUM SYNTEX PRIVATE LIMITED,goods_received,BOX-PO-2026-1156-EW71924-1775554554477-1,69d4cffab89662732f7ecce5,EW71924,WN98756,7,1.7200000000000006,10.2,1.7200000000000006,qc_approved,2026-04-07,Unallocated
70/1-Black-Black-Nylon/Nylon,PO-2026-1098,WAMPUM SYNTEX PRIVATE LIMITED,goods_received,BOX-PO-2026-1098-EW71892-1775553376999-1,69d4cb61b89662732f7eba71,EW71892,WN93388,5,1.2229999999999999,6.34,1.2229999999999999,qc_approved,2026-04-07,Unallocated
70/2-Dark Orange-Dark Orange-Nylon/Nylon,PO-2026-1151,WAMPUM SYNTEX PRIVATE LIMITED,goods_partially_received,BOX-PO-2026-1151-DW64656-1775472444571-5,69d38f3c2614366a5d882f75,DW64656,WN92421,0,0.20399999999999996,0,0.20399999999999996,qc_approved,2026-04-06,Unallocated
20/70-Navy-Navy-Nylon/Spandex,PO-2026-1151,WAMPUM SYNTEX PRIVATE LIMITED,goods_partially_received,BOX-PO-2026-1151-DW59136-1775472444571-10,69d38f3c2614366a5d882f7f,DW59136,WN0613,0,1.819,0,1.819,qc_approved,2026-04-06,Unallocated
70/2-Black-Black-Nylon/Nylon,PO-2026-1151,WAMPUM SYNTEX PRIVATE LIMITED,goods_partially_received,BOX-PO-2026-1151-EW66008-1775472444571-12,69d38f3c2614366a5d882f83,EW66008,WN93388,0,1.584,0,1.584,qc_approved,2026-04-06,Unallocated
70/1-Raw White-Raw White-Nylon/Nylon,PO-2026-1149,VALSON POLYESTER PRIVATE LIMITED,goods_received,BOX-PO-2026-1149-G710B10/80-1775466947924-7,69d379c32614366a5d87d6d5,G710B10/80,Raw White,0,2.1,0,2.1,qc_approved,2026-04-06,Unallocated
70/1-Pastel Yellow-Lemon Yellow-Nylon/Nylon,PO-2026-1149,VALSON POLYESTER PRIVATE LIMITED,goods_received,BOX-PO-2026-1149-NL56189-1775466947924-10,69d379c32614366a5d87d6da,NL56189,VNY8033,0,0.45999999999999996,0,0.45999999999999996,qc_approved,2026-04-06,Unallocated
Soft top-Black-Black-Rubber/Soft top,PO-2026-1149,VALSON POLYESTER PRIVATE LIMITED,goods_received,BOX-PO-2026-1149-NC/1614-1775466947924-1,69d379c32614366a5d87d6c9,NC/1614,VNY850,0,0.912,0,0.912,qc_approved,2026-04-06,Unallocated
70/1-Navy-Navy-Nylon/Nylon,PO-2026-1061,VALSON POLYESTER PRIVATE LIMITED,goods_received,BOX-PO-2026-1061-NL62515-1775461406435-5,69d3641e2614366a5d87955d,NL62515,VNY7340,25,12.924000000000001,21.04,12.924000000000001,qc_approved,2026-04-06,Unallocated
70/1-Navy-Navy-Nylon/Nylon,PO-2026-1061,VALSON POLYESTER PRIVATE LIMITED,goods_received,BOX-PO-2026-1061-NL62515-1775461406435-2,69d3641e2614366a5d87955a,NL62515,VNY7340,30,18.560000000000002,28.145,18.560000000000002,qc_approved,2026-04-06,Unallocated
70/1-Navy-Navy-Nylon/Nylon,PO-2026-1061,VALSON POLYESTER PRIVATE LIMITED,goods_received,BOX-PO-2026-1061-NL62515-1775461406435-4,69d3641e2614366a5d87955c,NL62515,VNY7340,30,7.9460000000000015,27.3,7.9460000000000015,qc_approved,2026-04-06,Unallocated
70/2-Navy-Navy-Nylon/Nylon,PO-2026-1097,VALSON POLYESTER PRIVATE LIMITED,goods_partially_received,BOX-PO-2026-1097-NL63072-1775461306802-21,69d363ba2614366a5d87945e,NL63072,VNY7340,30,2.0020000000000024,30.18,2.0020000000000024,qc_approved,2026-04-06,Unallocated
70/2-Navy-Navy-Nylon/Nylon,PO-2026-1097,VALSON POLYESTER PRIVATE LIMITED,goods_partially_received,BOX-PO-2026-1097-NL63072-1775461306802-23,69d363ba2614366a5d879460,NL63072,VNY7340,0,57.61000000000001,0,57.61000000000001,qc_approved,2026-04-06,Unallocated
70/2-Navy-Navy-Nylon/Nylon,PO-2026-1097,VALSON POLYESTER PRIVATE LIMITED,goods_partially_received,BOX-PO-2026-1097-NL63072-1775461306802-24,69d363ba2614366a5d879461,NL63072,VNY7340,30,18.951,29.56,18.951,qc_approved,2026-04-06,Unallocated
70/2-Navy-Navy-Nylon/Nylon,PO-2026-1097,VALSON POLYESTER PRIVATE LIMITED,goods_partially_received,BOX-PO-2026-1097-NL63072-1775461306802-25,69d363ba2614366a5d879462,NL63072,VNY7340,36,29.776,34.75,29.776,qc_approved,2026-04-06,Unallocated
70/2-Black-Black-Nylon/Nylon,PO-2026-1097,VALSON POLYESTER PRIVATE LIMITED,goods_partially_received,BOX-PO-2026-1097-NL63020-1775461306802-11,69d363ba2614366a5d879453,NL63020,VNY850,25,16.811999999999998,24.85,16.811999999999998,qc_approved,2026-04-06,Unallocated
70/2-Black-Black-Nylon/Nylon,PO-2026-1097,VALSON POLYESTER PRIVATE LIMITED,goods_partially_received,BOX-PO-2026-1097-NL63020-1775461306802-12,69d363ba2614366a5d879454,NL63020,VNY850,25,14.058,24.95,14.058,qc_approved,2026-04-06,Unallocated
70/2-Black-Black-Nylon/Nylon,PO-2026-1097,VALSON POLYESTER PRIVATE LIMITED,goods_partially_received,BOX-PO-2026-1097-NL63020-1775461306802-13,69d363ba2614366a5d879455,NL63020,VNY850,25,15.315999999999999,24.6,15.315999999999999,qc_approved,2026-04-06,Unallocated
70/2-Black-Black-Nylon/Nylon,PO-2026-1097,VALSON POLYESTER PRIVATE LIMITED,goods_partially_received,BOX-PO-2026-1097-NL63020-1775461306802-15,69d363ba2614366a5d879457,NL63020,VNY850,25,17.061,25.02,17.061,qc_approved,2026-04-06,Unallocated
70/2-Black-Black-Nylon/Nylon,PO-2026-1097,VALSON POLYESTER PRIVATE LIMITED,goods_partially_received,BOX-PO-2026-1097-NL63020-1775461306802-16,69d363ba2614366a5d879458,NL63020,VNY850,0,18.882,0,18.882,qc_approved,2026-04-06,Unallocated
70/2-Navy-Navy-Nylon/Nylon,PO-2026-1097,VALSON POLYESTER PRIVATE LIMITED,goods_partially_received,BOX-PO-2026-1097-NL63072-1775461306802-18,69d363ba2614366a5d87945b,NL63072,VNY7340,34,2.558999999999994,33.66,2.558999999999994,qc_approved,2026-04-06,Unallocated
70/2-Navy-Navy-Nylon/Nylon,PO-2026-1097,VALSON POLYESTER PRIVATE LIMITED,goods_partially_received,BOX-PO-2026-1097-NL63072-1775461306802-19,69d363ba2614366a5d87945c,NL63072,VNY7340,33,16.788000000000004,33.52,16.788000000000004,qc_approved,2026-04-06,Unallocated
70/2-Navy-Navy-Nylon/Nylon,PO-2026-1097,VALSON POLYESTER PRIVATE LIMITED,goods_partially_received,BOX-PO-2026-1097-NL63072-1775461306802-20,69d363ba2614366a5d87945d,NL63072,VNY7340,0,16.659,0,16.659,qc_approved,2026-04-06,Unallocated
70/2-Black-Black-Nylon/Nylon,PO-2026-1097,VALSON POLYESTER PRIVATE LIMITED,goods_partially_received,BOX-PO-2026-1097-NL63020-1775461306802-1,69d363ba2614366a5d879449,NL63020,VNY850,25,12.547,24.62,12.547,qc_approved,2026-04-06,Unallocated
70/2-Black-Black-Nylon/Nylon,PO-2026-1097,VALSON POLYESTER PRIVATE LIMITED,goods_partially_received,BOX-PO-2026-1097-NL63020-1775461306802-3,69d363ba2614366a5d87944b,NL63020,VNY850,25,18.359,24.34,18.359,qc_approved,2026-04-06,Unallocated
70/2-Black-Black-Nylon/Nylon,PO-2026-1097,VALSON POLYESTER PRIVATE LIMITED,goods_partially_received,BOX-PO-2026-1097-NL63020-1775461306802-4,69d363ba2614366a5d87944c,NL63020,VNY850,25,4.260000000000005,24.82,4.260000000000005,qc_approved,2026-04-06,Unallocated
70/2-Black-Black-Nylon/Nylon,PO-2026-1097,VALSON POLYESTER PRIVATE LIMITED,goods_partially_received,BOX-PO-2026-1097-NL63020-1775461306802-6,69d363ba2614366a5d87944e,NL63020,VNY850,25,7.4289999999999985,24.95,7.4289999999999985,qc_approved,2026-04-06,Unallocated
70/2-Black-Black-Nylon/Nylon,PO-2026-1097,VALSON POLYESTER PRIVATE LIMITED,goods_partially_received,BOX-PO-2026-1097-NL63020-1775461306802-8,69d363ba2614366a5d879450,NL63020,VNY850,18,0.3249999999999975,17.68,0.3249999999999975,qc_approved,2026-04-06,Unallocated
30s-Dark Orange-Dark Orange-Cotton/Compact,PO-2026-1147,MARAL OVERSEAS LTD.,goods_received,BOX-PO-2026-1147-DDM2107062-1775298208988-7,69d0e6a197fe9152fa9fc59f,DDM2107062,DYL-25560-C,0,2.659,0,2.659,qc_approved,2026-04-04,Unallocated
20s-Purple-Fushia-Cotton/Compact,PO-2026-1147,MARAL OVERSEAS LTD.,goods_received,BOX-PO-2026-1147-DDM1906178-1775298208988-2,69d0e6a097fe9152fa9fc595,DDM1906178,DYL-25556-C,0,0.21299999999999997,0,0.21299999999999997,qc_approved,2026-04-04,Unallocated
70/2-Deep Grey-Deep Grey-Nylon/Nylon,PO-2026-1074,WAMPUM SYNTEX PRIVATE LIMITED,goods_partially_received,BOX-PO-2026-1074-EW71809-1775291246431-12,69d0cb6e97fe9152fa9f358e,EW71809,WN98756,0,18.84,0,18.84,qc_approved,2026-04-04,Unallocated
70/2-Deep Grey-Deep Grey-Nylon/Nylon,PO-2026-1074,WAMPUM SYNTEX PRIVATE LIMITED,goods_partially_received,BOX-PO-2026-1074-EW71809-1775291246431-13,69d0cb6e97fe9152fa9f358f,EW71809,WN98756,0,16.9819999,0,16.9819999,qc_approved,2026-04-04,Unallocated
70/2-Deep Grey-Deep Grey-Nylon/Nylon,PO-2026-1074,WAMPUM SYNTEX PRIVATE LIMITED,goods_partially_received,BOX-PO-2026-1074-EW71809-1775291246431-14,69d0cb6e97fe9152fa9f3590,EW71809,WN98756,23,17.507,24.64,17.507,qc_approved,2026-04-04,Unallocated
70/2-Deep Grey-Deep Grey-Nylon/Nylon,PO-2026-1074,WAMPUM SYNTEX PRIVATE LIMITED,goods_partially_received,BOX-PO-2026-1074-EW71809-1775291246431-15,69d0cb6e97fe9152fa9f3591,EW71809,WN98756,0,16.145,0,16.145,qc_approved,2026-04-04,Unallocated
70/2-Deep Grey-Deep Grey-Nylon/Nylon,PO-2026-1074,WAMPUM SYNTEX PRIVATE LIMITED,goods_partially_received,BOX-PO-2026-1074-EW71809-1775291246431-1,69d0cb6e97fe9152fa9f3583,EW71809,WN98756,11,5.925000000000001,11.9,5.925000000000001,qc_approved,2026-04-04,Unallocated
70/2-Deep Grey-Deep Grey-Nylon/Nylon,PO-2026-1074,WAMPUM SYNTEX PRIVATE LIMITED,goods_partially_received,BOX-PO-2026-1074-EW71809-1775291246431-3,69d0cb6e97fe9152fa9f3585,EW71809,WN98756,23,11.868,24.7,11.868,qc_approved,2026-04-04,Unallocated
70/2-Deep Grey-Deep Grey-Nylon/Nylon,PO-2026-1074,WAMPUM SYNTEX PRIVATE LIMITED,goods_partially_received,BOX-PO-2026-1074-EW71809-1775291246431-4,69d0cb6e97fe9152fa9f3586,EW71809,WN98756,22,5.543999999999997,23.55,5.543999999999997,qc_approved,2026-04-04,Unallocated
70/2-Deep Grey-Deep Grey-Nylon/Nylon,PO-2026-1074,WAMPUM SYNTEX PRIVATE LIMITED,goods_partially_received,BOX-PO-2026-1074-EW71809-1775291246431-6,69d0cb6e97fe9152fa9f3588,EW71809,WN98756,22,6.730000000000002,23.9,6.730000000000002,qc_approved,2026-04-04,Unallocated
70/2-Deep Grey-Deep Grey-Nylon/Nylon,PO-2026-1074,WAMPUM SYNTEX PRIVATE LIMITED,goods_partially_received,BOX-PO-2026-1074-EW71809-1775291246431-7,69d0cb6e97fe9152fa9f3589,EW71809,WN98756,22,10.325999999999997,23.9,10.325999999999997,qc_approved,2026-04-04,Unallocated
70/2-Deep Grey-Deep Grey-Nylon/Nylon,PO-2026-1074,WAMPUM SYNTEX PRIVATE LIMITED,goods_partially_received,BOX-PO-2026-1074-EW71809-1775291246431-8,69d0cb6e97fe9152fa9f358a,EW71809,WN98756,22,0.21999999999999886,23.8,0.21999999999999886,qc_approved,2026-04-04,Unallocated
70/2-Deep Grey-Deep Grey-Nylon/Nylon,PO-2026-1074,WAMPUM SYNTEX PRIVATE LIMITED,goods_partially_received,BOX-PO-2026-1074-EW71809-1775291246431-9,69d0cb6e97fe9152fa9f358b,EW71809,WN98756,23,8.832000000000003,25.3,8.832000000000003,qc_approved,2026-04-04,Unallocated
70/1-Black-Black-Nylon/Nylon,PO-2026-1098,WAMPUM SYNTEX PRIVATE LIMITED,goods_received,BOX-PO-2026-1098-EW71982-1775290928164-1,69d0ca3097fe9152fa9f307a,EW71982,WN93388,18,13.783000000000001,18.1,13.783000000000001,qc_approved,2026-04-04,Unallocated
70/1-Black-Black-Nylon/Nylon,PO-2026-1098,WAMPUM SYNTEX PRIVATE LIMITED,goods_received,BOX-PO-2026-1098-EW71982-1775290928164-2,69d0ca3097fe9152fa9f307b,EW71982,WN93388,0,35.736000000000004,0,35.736000000000004,qc_approved,2026-04-04,Unallocated
70/1-Black-Black-Nylon/Nylon,PO-2026-1098,WAMPUM SYNTEX PRIVATE LIMITED,goods_received,BOX-PO-2026-1098-EW71982-1775290928164-3,69d0ca3097fe9152fa9f307c,EW71982,WN93388,0,14.406,0,14.406,qc_approved,2026-04-04,Unallocated
70/1-Black-Black-Nylon/Nylon,PO-2026-1098,WAMPUM SYNTEX PRIVATE LIMITED,goods_received,BOX-PO-2026-1098-EW71982-1775290928164-4,69d0ca3097fe9152fa9f307d,EW71982,WN93388,23,15.269000000000002,22.54,15.269000000000002,qc_approved,2026-04-04,Unallocated
70/1-Black-Black-Nylon/Nylon,PO-2026-1098,WAMPUM SYNTEX PRIVATE LIMITED,goods_received,BOX-PO-2026-1098-EW71982-1775290928164-5,69d0ca3097fe9152fa9f307e,EW71982,WN93388,23,13.687000000000001,22.54,13.687000000000001,qc_approved,2026-04-04,Unallocated
70/1-Black-Black-Nylon/Nylon,PO-2026-1098,WAMPUM SYNTEX PRIVATE LIMITED,goods_received,BOX-PO-2026-1098-EW71982-1775290928164-6,69d0ca3097fe9152fa9f307f,EW71982,WN93388,23,13.787999999999998,22.66,13.787999999999998,qc_approved,2026-04-04,Unallocated
Soft top-Dark Grey-Dark Grey-Rubber/Soft top,PO-2026-1146,SARLA PERFORMANCE FIBERS LIMITED,goods_received,BOX-PO-2026-1146-0000-1775218379483-1,69cfaecb97fe9152fa9d9d22,0000,NS-119,0,16.4,0,16.4,qc_approved,2026-04-03,Unallocated
70/1-Maroon-Maroon-Nylon/Nylon,PO-2026-1145,SARLA PERFORMANCE FIBERS LIMITED,goods_received,BOX-PO-2026-1145-18633-1775214374045-2,69cf9f2697fe9152fa9d5d67,18633,9103,0,0.5939999999999999,0,0.5939999999999999,qc_approved,2026-04-03,Unallocated
20s-Anthra Melange-Anthra Melange-Cotton/Combed Melange,PO-2026-419,RSWM LTD.,goods_received,BOX-PO-2026-419-2562102317-1775191950328-2,69cf478e7cd22f3f9dadb6e3,2562102317,86100006,0,22.506,0,22.506,qc_approved,2026-04-03,Unallocated
20s-Anthra Melange-Anthra Melange-Cotton/Combed Melange,PO-2026-419,RSWM LTD.,goods_received,BOX-PO-2026-419-2562102317-1775191950328-3,69cf478e7cd22f3f9dadb6e4,2562102317,86100006,0,26.037999999999997,0,26.037999999999997,qc_approved,2026-04-03,Unallocated
20s-Anthra Melange-Anthra Melange-Cotton/Combed Melange,PO-2026-419,RSWM LTD.,goods_received,BOX-PO-2026-419-2562102317-1775191950328-5,69cf478e7cd22f3f9dadb6e6,2562102317,86100006,0,9.387999999999991,0,9.387999999999991,qc_approved,2026-04-03,Unallocated
20s-Anthra Melange-Anthra Melange-Cotton/Combed Melange,PO-2026-419,RSWM LTD.,goods_received,BOX-PO-2026-419-2562102317-1775191950328-7,69cf478e7cd22f3f9dadb6e8,2562102317,86100006,23,36.864,56.64,36.864,qc_approved,2026-04-03,Unallocated
30s-Blue Melange-Blue Melange-Cotton/Combed Melange,PO-2026-1142,TECHNOCRAFT INDUSTRIES (INDIA) LIMITED,goods_received,BOX-PO-2026-1142-22278-1775119397836-1,69ce2c25ff9f99209b6d4fae,22278,TCC01BL73 / DTMCC-2446D,0,1.2669999999999997,0,1.2669999999999997,qc_approved,2026-04-02,Unallocated
20s-MedIum Royal Blue-Medium Royal Blue-Cotton/Compact,PO-2026-1137,RSWM LTD.,goods_received,BOX-PO-2026-1137-8560214-1775110345686-4,69ce08c9ff9f99209b6ca2c5,8560214,YS25463-B / 8560214,0,2.582,0,2.582,qc_approved,2026-04-02,Unallocated
20/70-Navy-Navy-Nylon/Spandex,PO-2026-1088,WAMPUM SYNTEX PRIVATE LIMITED,goods_received,BOX-PO-2026-1088-EW70932-1775032087491-2,69ccd717ff9f99209b699a0b,EW70932,WN93329,0,7.450000000000003,0,7.450000000000003,qc_approved,2026-04-01,Unallocated
20/70-Navy-Navy-Nylon/Spandex,PO-2026-1088,WAMPUM SYNTEX PRIVATE LIMITED,goods_received,BOX-PO-2026-1088-EW70932-1775032087491-3,69ccd717ff9f99209b699a0c,EW70932,WN93329,0,43.015,0,43.015,qc_approved,2026-04-01,Unallocated
20/70-Navy-Navy-Nylon/Spandex,PO-2026-1088,WAMPUM SYNTEX PRIVATE LIMITED,goods_received,BOX-PO-2026-1088-EW70932-1775032087491-4,69ccd717ff9f99209b699a0d,EW70932,WN93329,0,17.880000000000003,0,17.880000000000003,qc_approved,2026-04-01,Unallocated
20/70-Navy-Navy-Nylon/Spandex,PO-2026-1088,WAMPUM SYNTEX PRIVATE LIMITED,goods_received,BOX-PO-2026-1088-EW70932-1775032087491-5,69ccd717ff9f99209b699a0e,EW70932,WN93329,0,15.846000000000002,0,15.846000000000002,qc_approved,2026-04-01,Unallocated
20/70-Navy-Navy-Nylon/Spandex,PO-2026-1088,WAMPUM SYNTEX PRIVATE LIMITED,goods_received,BOX-PO-2026-1088-EW70932-1775032087491-6,69ccd717ff9f99209b699a0f,EW70932,WN93329,19,11.897999999999998,26.52,11.897999999999998,qc_approved,2026-04-01,Unallocated
20/70-Navy-Navy-Nylon/Spandex,PO-2026-1088,WAMPUM SYNTEX PRIVATE LIMITED,goods_received,BOX-PO-2026-1088-EW70932-1775032087491-8,69ccd717ff9f99209b699a11,EW70932,WN93329,0,20.560000000000002,0,20.560000000000002,qc_approved,2026-04-01,Unallocated
20/70-Navy-Navy-Nylon/Spandex,PO-2026-1088,WAMPUM SYNTEX PRIVATE LIMITED,goods_received,BOX-PO-2026-1088-EW70932-1775032087491-1,69ccd717ff9f99209b699a0a,EW70932,WN93329,19,18.493000000000002,26.7,18.493000000000002,qc_approved,2026-04-01,Unallocated
70/2-Light Grey Melange-Light Grey Melange-Nylon/Nylon,PO-2026-1062,WAMPUM SYNTEX PRIVATE LIMITED,goods_received,BOX-PO-2026-1062-EW71417-1775031589437-6,69ccd525ff9f99209b699164,EW71417,WN96693,22,17.319,24.32,17.319,qc_approved,2026-04-01,Unallocated
70/2-Light Grey Melange-Light Grey Melange-Nylon/Nylon,PO-2026-1062,WAMPUM SYNTEX PRIVATE LIMITED,goods_received,BOX-PO-2026-1062-EW71417-1775031589437-7,69ccd525ff9f99209b699165,EW71417,WN96693,0,19.499,0,19.499,qc_approved,2026-04-01,Unallocated
70/2-Light Grey Melange-Light Grey Melange-Nylon/Nylon,PO-2026-1062,WAMPUM SYNTEX PRIVATE LIMITED,goods_received,BOX-PO-2026-1062-EW71417-1775031589437-8,69ccd525ff9f99209b699166,EW71417,WN96693,23,15.198,25.04,15.198,qc_approved,2026-04-01,Unallocated
70/2-Light Grey Melange-Light Grey Melange-Nylon/Nylon,PO-2026-1062,WAMPUM SYNTEX PRIVATE LIMITED,goods_received,BOX-PO-2026-1062-EW71417-1775031589437-10,69ccd525ff9f99209b699168,EW71417,WN96693,23,9.979000000000001,25.82,9.979000000000001,qc_approved,2026-04-01,Unallocated
70/2-Light Grey Melange-Light Grey Melange-Nylon/Nylon,PO-2026-1062,WAMPUM SYNTEX PRIVATE LIMITED,goods_received,BOX-PO-2026-1062-EW71417-1775031589437-11,69ccd525ff9f99209b699169,EW71417,WN96693,23,3.766000000000002,25.8,3.766000000000002,qc_approved,2026-04-01,Unallocated
30s-Black-Black-Cotton/Compact,PO-2026-869,SUTLEJ TEXTILES AND INDUSTRIES LIMITED,goods_partially_received,BOX-PO-2026-869-94384-1774946641505-22,69cb8951ff9f99209b6609a4,94384,SDY55525,0,36.17,0,36.17,qc_approved,2026-03-31,Unallocated
30s-Black-Black-Cotton/Compact,PO-2026-869,SUTLEJ TEXTILES AND INDUSTRIES LIMITED,goods_partially_received,BOX-PO-2026-869-94384-1774946641505-23,69cb8951ff9f99209b6609a5,94384,SDY55525,40,40.438,45.32,40.438,qc_approved,2026-03-31,Unallocated
30s-Black-Black-Cotton/Compact,PO-2026-869,SUTLEJ TEXTILES AND INDUSTRIES LIMITED,goods_partially_received,BOX-PO-2026-869-94384-1774946641505-15,69cb8951ff9f99209b66099d,94384,SDY55525,0,40.17,0,40.17,qc_approved,2026-03-31,Unallocated
30s-Black-Black-Cotton/Compact,PO-2026-869,SUTLEJ TEXTILES AND INDUSTRIES LIMITED,goods_partially_received,BOX-PO-2026-869-94384-1774946641505-17,69cb8951ff9f99209b66099f,94384,SDY55525,0,34.82,0,34.82,qc_approved,2026-03-31,Unallocated
30s-Black-Black-Cotton/Compact,PO-2026-869,SUTLEJ TEXTILES AND INDUSTRIES LIMITED,goods_partially_received,BOX-PO-2026-869-94384-1774946641505-18,69cb8951ff9f99209b6609a0,94384,SDY55525,0,18.694,0,18.694,qc_approved,2026-03-31,Unallocated
30s-Black-Black-Cotton/Compact,PO-2026-869,SUTLEJ TEXTILES AND INDUSTRIES LIMITED,goods_partially_received,BOX-PO-2026-869-94384-1774946641505-19,69cb8951ff9f99209b6609a1,94384,SDY55525,0,39.226,0,39.226,qc_approved,2026-03-31,Unallocated
30s-Black-Black-Cotton/Compact,PO-2026-869,SUTLEJ TEXTILES AND INDUSTRIES LIMITED,goods_partially_received,BOX-PO-2026-869-94384-1774946641505-14,69cb8951ff9f99209b66099c,94384,SDY55525,0,27.682000000000002,0,27.682000000000002,qc_approved,2026-03-31,Unallocated
30s-Black-Black-Cotton/Compact,PO-2026-869,SUTLEJ TEXTILES AND INDUSTRIES LIMITED,goods_partially_received,BOX-PO-2026-869-94384-1774946641505-12,69cb8951ff9f99209b66099a,94384,SDY55525,40,39.43,45.14,39.43,qc_approved,2026-03-31,Unallocated
30s-White-White-Cotton/Compact,PO-2026-771,VARDHMAN TEXTILES LIMITED,goods_received,BOX-PO-2026-771-M0116620-1774937966503-8,69cb676eff9f99209b657912,M0116620,MRL03363,18,1.881999999999998,23.21,1.881999999999998,qc_approved,2026-03-31,Unallocated
30s-White-White-Cotton/Compact,PO-2026-771,VARDHMAN TEXTILES LIMITED,goods_received,BOX-PO-2026-771-M0116620-1774937966503-13,69cb676eff9f99209b657917,M0116620,MRL03363,18,0.11100000000000065,23.085,0.11100000000000065,qc_approved,2026-03-31,Unallocated
30s-White-White-Cotton/Compact,PO-2026-771,VARDHMAN TEXTILES LIMITED,goods_received,BOX-PO-2026-771-M0116620-1774937966503-3,69cb676eff9f99209b65790d,M0116620,MRL03363,18,0.5560000000000009,23.26,0.5560000000000009,qc_approved,2026-03-31,Unallocated
20/70-Raw White-Raw White-Nylon/Spandex,PO-2026-1131,WAMPUM SYNTEX PRIVATE LIMITED,goods_partially_received,BOX-PO-2026-1131-SP00172-1774875728671-11,69ca7450ff9f99209b64b900,SP00172,Raw White,0,0.98,0,0.98,qc_approved,2026-03-30,Unallocated
70/2-Dark Grey-Dark Grey-Nylon/Nylon,PO-2026-1131,WAMPUM SYNTEX PRIVATE LIMITED,goods_partially_received,BOX-PO-2026-1131-EW44087-1774875229571-1,69ca725dff9f99209b64afff,EW44087,WN1883,0,0.774,0,0.774,qc_approved,2026-03-30,Unallocated
20/70-Deep Grey-Deep Grey-Nylon/Spandex,PO-2026-1074,WAMPUM SYNTEX PRIVATE LIMITED,goods_partially_received,BOX-PO-2026-1074-EW70944-1774871201728-16,69ca62a1ff9f99209b6488bf,EW70944,WN98756,0,19.051000000000002,0,19.051000000000002,qc_approved,2026-03-30,Unallocated
70/1-Deep Grey-Deep Grey-Nylon/Nylon,PO-2026-1074,WAMPUM SYNTEX PRIVATE LIMITED,goods_partially_received,BOX-PO-2026-1074-EW71035-1774871201728-5,69ca62a1ff9f99209b6488b3,EW71035,WN98756,23,5.233999999999998,22.4,5.233999999999998,qc_approved,2026-03-30,Unallocated
70/1-Deep Grey-Deep Grey-Nylon/Nylon,PO-2026-1074,WAMPUM SYNTEX PRIVATE LIMITED,goods_partially_received,BOX-PO-2026-1074-EW71035-1774871201728-6,69ca62a1ff9f99209b6488b4,EW71035,WN98756,23,0.2640000000000029,22.3,0.2640000000000029,qc_approved,2026-03-30,Unallocated
70/1-Deep Grey-Deep Grey-Nylon/Nylon,PO-2026-1074,WAMPUM SYNTEX PRIVATE LIMITED,goods_partially_received,BOX-PO-2026-1074-EW71035-1774871201728-7,69ca62a1ff9f99209b6488b5,EW71035,WN98756,23,10.104,22.35,10.104,qc_approved,2026-03-30,Unallocated
20/70-Deep Grey-Deep Grey-Nylon/Spandex,PO-2026-1074,WAMPUM SYNTEX PRIVATE LIMITED,goods_partially_received,BOX-PO-2026-1074-EW70944-1774871201728-8,69ca62a1ff9f99209b6488b7,EW70944,WN98756,19,20.239,26.56,20.239,qc_approved,2026-03-30,Unallocated
20/70-Deep Grey-Deep Grey-Nylon/Spandex,PO-2026-1074,WAMPUM SYNTEX PRIVATE LIMITED,goods_partially_received,BOX-PO-2026-1074-EW70944-1774871201728-9,69ca62a1ff9f99209b6488b8,EW70944,WN98756,9,7.243,14.08,7.243,qc_approved,2026-03-30,Unallocated
20/70-Deep Grey-Deep Grey-Nylon/Spandex,PO-2026-1074,WAMPUM SYNTEX PRIVATE LIMITED,goods_partially_received,BOX-PO-2026-1074-EW70944-1774871201728-10,69ca62a1ff9f99209b6488b9,EW70944,WN98756,0,20.552,0,20.552,qc_approved,2026-03-30,Unallocated
20/70-Deep Grey-Deep Grey-Nylon/Spandex,PO-2026-1074,WAMPUM SYNTEX PRIVATE LIMITED,goods_partially_received,BOX-PO-2026-1074-EW70944-1774871201728-11,69ca62a1ff9f99209b6488ba,EW70944,WN98756,19,16.006999999999998,26.48,16.006999999999998,qc_approved,2026-03-30,Unallocated
20/70-Deep Grey-Deep Grey-Nylon/Spandex,PO-2026-1074,WAMPUM SYNTEX PRIVATE LIMITED,goods_partially_received,BOX-PO-2026-1074-EW70944-1774871201728-12,69ca62a1ff9f99209b6488bb,EW70944,WN98756,0,19.344,0,19.344,qc_approved,2026-03-30,Unallocated
20/70-Deep Grey-Deep Grey-Nylon/Spandex,PO-2026-1074,WAMPUM SYNTEX PRIVATE LIMITED,goods_partially_received,BOX-PO-2026-1074-EW70944-1774871201728-14,69ca62a1ff9f99209b6488bd,EW70944,WN98756,0,21.65,0,21.65,qc_approved,2026-03-30,Unallocated
20/70-Deep Grey-Deep Grey-Nylon/Spandex,PO-2026-1074,WAMPUM SYNTEX PRIVATE LIMITED,goods_partially_received,BOX-PO-2026-1074-EW70944-1774871201728-15,69ca62a1ff9f99209b6488be,EW70944,WN98756,0,19.270999999999997,0,19.270999999999997,qc_approved,2026-03-30,Unallocated
70/1-Deep Grey-Deep Grey-Nylon/Nylon,PO-2026-1074,WAMPUM SYNTEX PRIVATE LIMITED,goods_partially_received,BOX-PO-2026-1074-EW71035-1774871201728-1,69ca62a1ff9f99209b6488af,EW71035,WN98756,23,12.376999999999997,22.36,12.376999999999997,qc_approved,2026-03-30,Unallocated
70/1-Deep Grey-Deep Grey-Nylon/Nylon,PO-2026-1074,WAMPUM SYNTEX PRIVATE LIMITED,goods_partially_received,BOX-PO-2026-1074-EW71035-1774871201728-2,69ca62a1ff9f99209b6488b0,EW71035,WN98756,0,34.62400000000001,0,34.62400000000001,qc_approved,2026-03-30,Unallocated
70/1-Deep Grey-Deep Grey-Nylon/Nylon,PO-2026-1074,WAMPUM SYNTEX PRIVATE LIMITED,goods_partially_received,BOX-PO-2026-1074-EW71035-1774871201728-3,69ca62a1ff9f99209b6488b1,EW71035,WN98756,0,13.363999999999999,0,13.363999999999999,qc_approved,2026-03-30,Unallocated
20/70-Black-Black-Nylon/Spandex,PO-2026-1088,WAMPUM SYNTEX PRIVATE LIMITED,goods_received,BOX-PO-2026-1088-EW69885-1774870401318-9,69ca5f81ff9f99209b647a09,EW69885,WN93388,0,32.11999999999999,0,32.11999999999999,qc_approved,2026-03-30,Unallocated
20/70-Black-Black-Nylon/Spandex,PO-2026-1088,WAMPUM SYNTEX PRIVATE LIMITED,goods_received,BOX-PO-2026-1088-EW69885-1774870401318-10,69ca5f81ff9f99209b647a0a,EW69885,WN93388,0,19.52,0,19.52,qc_approved,2026-03-30,Unallocated
20/70-Black-Black-Nylon/Spandex,PO-2026-1088,WAMPUM SYNTEX PRIVATE LIMITED,goods_received,BOX-PO-2026-1088-EW69885-1774870401318-11,69ca5f81ff9f99209b647a0b,EW69885,WN93388,0,21.514,0,21.514,qc_approved,2026-03-30,Unallocated
20/70-Black-Black-Nylon/Spandex,PO-2026-1088,WAMPUM SYNTEX PRIVATE LIMITED,goods_received,BOX-PO-2026-1088-EW69885-1774870401318-2,69ca5f81ff9f99209b647a02,EW69885,WN93388,0,18.316,0,18.316,qc_approved,2026-03-30,Unallocated
20/70-Black-Black-Nylon/Spandex,PO-2026-1088,WAMPUM SYNTEX PRIVATE LIMITED,goods_received,BOX-PO-2026-1088-EW69885-1774870401318-3,69ca5f81ff9f99209b647a03,EW69885,WN93388,18,15.215,25.46,15.215,qc_approved,2026-03-30,Unallocated
20/70-Black-Black-Nylon/Spandex,PO-2026-1088,WAMPUM SYNTEX PRIVATE LIMITED,goods_received,BOX-PO-2026-1088-EW69885-1774870401318-4,69ca5f81ff9f99209b647a04,EW69885,WN93388,0,17.624,0,17.624,qc_approved,2026-03-30,Unallocated
20/70-Black-Black-Nylon/Spandex,PO-2026-1088,WAMPUM SYNTEX PRIVATE LIMITED,goods_received,BOX-PO-2026-1088-EW69885-1774870401318-5,69ca5f81ff9f99209b647a05,EW69885,WN93388,0,20.715,0,20.715,qc_approved,2026-03-30,Unallocated
70/1-Slate Grey-Slate Grey-Nylon/Nylon,PO-2026-1128,VALSON POLYESTER PRIVATE LIMITED,goods_received,BOX-PO-2026-1128-NL56081-1774858148810-9,69ca2fa40ab7021c82e4dbea,NL56081,VNY8036,0,2.5220000000000002,0,2.5220000000000002,qc_approved,2026-03-30,Unallocated
30s-Dark Orange-Dark Orange-Cotton/Compact,PO-2026-1127,MARAL OVERSEAS LTD.,goods_received,BOX-PO-2026-1127-DDM2107062-1774850691661-4,69ca12839fe45c0c5924e66c,DDM2107062,DYL-36998-A,0,0.235,0,0.235,qc_approved,2026-03-30,Unallocated
20s-Maroon-Maroon-Cotton/Compact,PO-2026-1127,MARAL OVERSEAS LTD.,goods_received,BOX-PO-2026-1127-DDM1906343-1774850691661-6,69ca12839fe45c0c5924e670,DDM1906343,DYL-28564-C,0,0.71,0,0.71,qc_approved,2026-03-30,Unallocated
20s-Dark Orange-Dark Orange-Cotton/Compact,PO-2026-1127,MARAL OVERSEAS LTD.,goods_received,BOX-PO-2026-1127-DDM2102408-1774850691661-8,69ca12839fe45c0c5924e674,DDM2102408,DYL-25560-C,0,4.088,0,4.088,qc_approved,2026-03-30,Unallocated
30s-Navy-Navy-Cotton/Compact,PO-2026-1126,VARDHMAN TEXTILES LIMITED,goods_partially_received,BOX-PO-2026-1126-M0112250-1774848000529-2,69ca08009fe45c0c5924bd70,M0112250,MRX81472,0,7.921,0,7.921,qc_approved,2026-03-30,Unallocated
20s-Ivory-Ivory-Cotton/Compact,PO-2026-1125,SUTLEJ TEXTILES AND INDUSTRIES LIMITED,goods_partially_received,BOX-PO-2026-1125-94766-1774702360199-16,69c7cf187b9dd20a856a4d7a,94766,SDY61659,0,1.2330000000000014,0,1.2330000000000014,qc_approved,2026-03-28,Unallocated
20s-Khaki-Khaki-Cotton/Compact,PO-2026-1125,SUTLEJ TEXTILES AND INDUSTRIES LIMITED,goods_partially_received,BOX-PO-2026-1125-95131-1774701638932-4,69c7cc467b9dd20a856a3e98,95131,SDY50129-B,0,0.03200000000000003,0,0.03200000000000003,qc_approved,2026-03-28,Unallocated
30s-Denim Blue-Denim Blue-Cotton/Compact,PO-2026-1125,SUTLEJ TEXTILES AND INDUSTRIES LIMITED,goods_partially_received,BOX-PO-2026-1125-94176-1774701638932-5,69c7cc467b9dd20a856a3e9a,94176,SDY50165-A,0,1.916,0,1.916,qc_approved,2026-03-28,Unallocated
Soft top-Dark Grey-Dark Grey-Rubber/Soft top,PO-2026-1123,SARLA PERFORMANCE FIBERS LIMITED,goods_partially_received,BOX-PO-2026-1123---1774694664842-2,69c7b108a077d3fbb3908296,-,NS-119,0,39.37,0,39.37,qc_approved,2026-03-28,Unallocated
Soft top-Brown-Brown-Rubber/Soft top,PO-2026-1121,SARLA PERFORMANCE FIBERS LIMITED,goods_received,BOX-PO-2026-1121-BROWN-1774688394043-1,69c7988aa077d3fbb38fe43e,BROWN,224,0,13.326,0,13.326,qc_approved,2026-03-28,Unallocated
20s-Dark Brown Melange-Dark Brown Melange-Cotton/Combed Melange,PO-2026-1119,RSWM LTD.,goods_received,BOX-PO-2026-1119-2562102345-1774680426571-8,69c7796aa077d3fbb38eaa51,2562102345,89300011/L2488,0,43.488,0,43.488,qc_approved,2026-03-28,Unallocated
20s-Light Grey-Light Grey-Cotton/Compact,PO-2026-1119,RSWM LTD.,goods_received,BOX-PO-2026-1119-2054105090-1774680426571-1,69c7796aa077d3fbb38eaa3b,2054105090,8480140,0,0.14,0,0.14,qc_approved,2026-03-28,Unallocated
70/2-Light Grey-Light Grey-Nylon/Nylon,PO-2026-1118,WAMPUM SYNTEX PRIVATE LIMITED,goods_received,BOX-PO-2026-1118-EW57667-1774678298602-1,69c7711aa077d3fbb38de44b,EW57667,WN1882,0,0.9250000000000002,0,0.9250000000000002,qc_approved,2026-03-28,Unallocated
20s-Anthra Melange-Anthra Melange-Cotton/Combed Melange,PO-2026-1116,SUTLEJ TEXTILES AND INDUSTRIES LIMITED,goods_received,BOX-PO-2026-1116-11105-1774672942901-4,69c75c2ea077d3fbb38cea9d,11105,DM-68500-I,0,9.19,0,9.19,qc_approved,2026-03-28,Unallocated
30s-Beige-Beige-Cotton/Compact,PO-2026-1116,SUTLEJ TEXTILES AND INDUSTRIES LIMITED,goods_received,BOX-PO-2026-1116-95201-1774672942901-5,69c75c2ea077d3fbb38cea9f,95201,SDY50144-B,0,4.846,0,4.846,qc_approved,2026-03-28,Unallocated
70/1-Raw White-Raw White-Nylon/Nylon,PO-2026-1114,VALSON POLYESTER PRIVATE LIMITED,goods_received,BOX-PO-2026-1114-7101310-1774617192563-5,69c6826814badff1b9e779b4,7101310,Raw White,0,4.466,0,4.466,qc_approved,2026-03-27,Unallocated
70/1-Raw White-Raw White-Nylon/Nylon,PO-2026-1114,VALSON POLYESTER PRIVATE LIMITED,goods_received,BOX-PO-2026-1114-77171/80-1774616889446-5,69c6813914badff1b9e778ba,77171/80,Raw White,0,17.055999999999997,0,17.055999999999997,qc_approved,2026-03-27,Unallocated
70/2-Dark Orange-Dark Orange-Nylon/Nylon,PO-2026-1113,WAMPUM SYNTEX PRIVATE LIMITED,goods_partially_received,BOX-PO-2026-1113-64656-1774612589820-1,69c6706d14badff1b9e73f16,64656,WN92421,0,4.571,0,4.571,qc_approved,2026-03-27,Unallocated
20/40-Black-Black-Nylon/Spandex,PO-2026-1113,WAMPUM SYNTEX PRIVATE LIMITED,goods_partially_received,BOX-PO-2026-1113-49826-1774612589820-4,69c6706d14badff1b9e73f1c,49826,WN93388,0,7.48,0,7.48,qc_approved,2026-03-27,Unallocated
20/40-Dark Grey-Dark Grey-Nylon/Spandex,PO-2026-1113,WAMPUM SYNTEX PRIVATE LIMITED,goods_partially_received,BOX-PO-2026-1113-45187-1774612589820-5,69c6706d14badff1b9e73f1e,45187,WN1883,0,5.848000000000001,0,5.848000000000001,qc_approved,2026-03-27,Unallocated
70/2-Light Blue-Light Blue-Nylon/Nylon,PO-2026-1112,WAMPUM SYNTEX PRIVATE LIMITED,goods_partially_received,BOX-PO-2026-1112-EW42298-1774609652556-1,69c664f414badff1b9e70308,EW42298,WN2165,0,1.7879999999999998,0,1.7879999999999998,qc_approved,2026-03-27,Unallocated
70/2-Light Beige-Pebble-Nylon/Nylon,PO-2026-1112,WAMPUM SYNTEX PRIVATE LIMITED,goods_partially_received,BOX-PO-2026-1112-EW55417-1774609652556-7,69c664f414badff1b9e70314,EW55417,WN97664 (N.SAM 10860/3),0,1.883,0,1.883,qc_approved,2026-03-27,Unallocated
70/2-Brown-Brown-Nylon/Nylon,PO-2026-1112,WAMPUM SYNTEX PRIVATE LIMITED,goods_partially_received,BOX-PO-2026-1112-EW33430-1774609652556-8,69c664f414badff1b9e70316,EW33430,WN0042,0,0.774,0,0.774,qc_approved,2026-03-27,Unallocated
70/4-Dark Grey-Dark Grey-Nylon/Nylon,PO-2026-1111,WAMPUM SYNTEX PRIVATE LIMITED,goods_received,BOX-PO-2026-1111-EW37708-1774607262035-3,69c65b9e14badff1b9e6d7bc,EW37708,WN1883,0,4.554,0,4.554,qc_approved,2026-03-27,Unallocated
70/2-Light Grey-Light Grey-Nylon/Nylon,PO-2026-1111,WAMPUM SYNTEX PRIVATE LIMITED,goods_received,BOX-PO-2026-1111-EW57667-1774607262035-4,69c65b9e14badff1b9e6d7be,EW57667,WN1882,0,18.826,0,18.826,qc_approved,2026-03-27,Unallocated
70/4-Maroon-Maroon-Nylon/Nylon,PO-2026-1111,WAMPUM SYNTEX PRIVATE LIMITED,goods_received,BOX-PO-2026-1111-EW37667-1774607262035-2,69c65b9e14badff1b9e6d7ba,EW37667,WN0614,0,12.431000000000001,0,12.431000000000001,qc_approved,2026-03-27,Unallocated
20s-Light Grey-Light Grey-Cotton/Compact,PO-2026-1109,SUTLEJ TEXTILES AND INDUSTRIES LIMITED,goods_received,BOX-PO-2026-1109-92372-1774603744992-2,69c64de114badff1b9e6a26a,92372,SDY50374-A,0,52.696,0,52.696,qc_approved,2026-03-27,Unallocated
70/2-Black-Black-Nylon/Nylon,PO-2026-1108,VALSON POLYESTER PRIVATE LIMITED,goods_received,BOX-PO-2026-1108-NL60325-1774603380194-2,69c64c7414badff1b9e6a09f,NL60325,VNY850,0,25.743,0,25.743,qc_approved,2026-03-27,Unallocated
70/2-Mustard Yellow-Mustard Yellow-Nylon/Nylon,PO-2026-1107,SARLA PERFORMANCE FIBERS LIMITED,goods_partially_received,BOX-PO-2026-1107-1562-1774600759263-5,69c6423714badff1b9e6467e,1562,150955,0,7.494,0,7.494,qc_approved,2026-03-27,Unallocated
70/2-Mustard Yellow-Mustard Yellow-Nylon/Nylon,PO-2026-1107,SARLA PERFORMANCE FIBERS LIMITED,goods_partially_received,BOX-PO-2026-1107-01547-1774600759263-6,69c6423714badff1b9e64680,01547,150955,0,2.531,0,2.531,qc_approved,2026-03-27,Unallocated
70/2-Mustard Yellow-Mustard Yellow-Nylon/Nylon,PO-2026-1107,SARLA PERFORMANCE FIBERS LIMITED,goods_partially_received,BOX-PO-2026-1107-20243-1774600759263-7,69c6423714badff1b9e64682,20243,150955,0,4.56,0,4.56,qc_approved,2026-03-27,Unallocated
70/2-Olive-Olive-Nylon/Nylon,PO-2026-1106,WAMPUM SYNTEX PRIVATE LIMITED,goods_received,BOX-PO-2026-1106-EW64361-1774596629867-7,69c6321514badff1b9e5d4a3,EW64361,WN9610,0,11.396,0,11.396,qc_approved,2026-03-27,Unallocated
70/2-Light Grey-Light Grey-Nylon/Nylon,PO-2026-1106,WAMPUM SYNTEX PRIVATE LIMITED,goods_received,BOX-PO-2026-1106-EW57667-1774596629867-1,69c6321514badff1b9e5d497,EW57667,WN1882,0,23.906,0,23.906,qc_approved,2026-03-27,Unallocated
70/2-Navy-Navy-Nylon/Nylon,PO-2026-1062,WAMPUM SYNTEX PRIVATE LIMITED,goods_received,BOX-PO-2026-1062-EW70453-1774502615166-5,69c4c2d7a7819fd050b33dce,EW70453,WN93329,23,13.559000000000001,25.24,13.559000000000001,qc_approved,2026-03-26,Unallocated
70/2-Navy-Navy-Nylon/Nylon,PO-2026-1062,WAMPUM SYNTEX PRIVATE LIMITED,goods_received,BOX-PO-2026-1062-EW70453-1774502615166-7,69c4c2d7a7819fd050b33dd0,EW70453,WN93329,0,38.44799999999999,0,38.44799999999999,qc_approved,2026-03-26,Unallocated
70/2-Navy-Navy-Nylon/Nylon,PO-2026-1062,WAMPUM SYNTEX PRIVATE LIMITED,goods_received,BOX-PO-2026-1062-EW70453-1774502615166-8,69c4c2d7a7819fd050b33dd1,EW70453,WN93329,0,14.696000000000002,0,14.696000000000002,qc_approved,2026-03-26,Unallocated
70/2-Navy-Navy-Nylon/Nylon,PO-2026-1062,WAMPUM SYNTEX PRIVATE LIMITED,goods_received,BOX-PO-2026-1062-EW70453-1774502615166-9,69c4c2d7a7819fd050b33dd2,EW70453,WN93329,0,14.731000000000002,0,14.731000000000002,qc_approved,2026-03-26,Unallocated
70/2-Navy-Navy-Nylon/Nylon,PO-2026-1062,WAMPUM SYNTEX PRIVATE LIMITED,goods_received,BOX-PO-2026-1062-EW70453-1774502615166-11,69c4c2d7a7819fd050b33dd4,EW70453,WN93329,23,12.261000000000001,24.84,12.261000000000001,qc_approved,2026-03-26,Unallocated
70/2-Navy-Navy-Nylon/Nylon,PO-2026-1062,WAMPUM SYNTEX PRIVATE LIMITED,goods_received,BOX-PO-2026-1062-EW70453-1774502615166-3,69c4c2d7a7819fd050b33dcc,EW70453,WN93329,23,14.294,25.22,14.294,qc_approved,2026-03-26,Unallocated
30s-Anthra Melange-Anthra Melange-Cotton/Combed Melange,PO-2026-419,RSWM LTD.,goods_received,BOX-PO-2026-419-2562102318-1774431263223-13,69c3ac1fa7819fd050b0bd88,2562102318,86100006,0,22.564,0,22.564,qc_approved,2026-03-25,Unallocated
30s-Anthra Melange-Anthra Melange-Cotton/Combed Melange,PO-2026-419,RSWM LTD.,goods_received,BOX-PO-2026-419-2562102318-1774431263223-14,69c3ac1fa7819fd050b0bd89,2562102318,86100006,0,35.78,0,35.78,qc_approved,2026-03-25,Unallocated
30s-Anthra Melange-Anthra Melange-Cotton/Combed Melange,PO-2026-419,RSWM LTD.,goods_received,BOX-PO-2026-419-2562102318-1774431263223-15,69c3ac1fa7819fd050b0bd8a,2562102318,86100006,0,5.405999999999999,0,5.405999999999999,qc_approved,2026-03-25,Unallocated
20s-Blue Melange-Blue Melange-Cotton/Combed Melange,PO-2026-419,RSWM LTD.,goods_received,BOX-PO-2026-419-2562102292-1774431263223-3,69c3ac1fa7819fd050b0bd7d,2562102292,88200182,0,12.463999999999999,0,12.463999999999999,qc_approved,2026-03-25,Unallocated
20s-Blue Melange-Blue Melange-Cotton/Combed Melange,PO-2026-419,RSWM LTD.,goods_received,BOX-PO-2026-419-2562102292-1774431263223-9,69c3ac1fa7819fd050b0bd83,2562102292,88200182,0,54.308,0,54.308,qc_approved,2026-03-25,Unallocated
20/70-Black-Black-Nylon/Spandex,PO-2026-1102,WAMPUM SYNTEX PRIVATE LIMITED,goods_received,BOX-PO-2026-1102-EW40965-1774416565148-20,69c372b5696bdcc5dbb7052d,EW40965,WN93388,0,2.4939999999999998,0,2.4939999999999998,qc_approved,2026-03-25,Unallocated
20/40-Dark Grey-Dark Grey-Nylon/Spandex,PO-2026-1102,WAMPUM SYNTEX PRIVATE LIMITED,goods_received,BOX-PO-2026-1102-EW40313-1774416565148-22,69c372b5696bdcc5dbb70531,EW40313,WN1883,0,0.8239999999999998,0,0.8239999999999998,qc_approved,2026-03-25,Unallocated
70/1-Brown-Brown-Nylon/Nylon,PO-2026-1102,WAMPUM SYNTEX PRIVATE LIMITED,goods_received,BOX-PO-2026-1102-EW50230-1774416565148-26,69c372b5696bdcc5dbb70539,EW50230,WN0042,0,20.611,0,20.611,qc_approved,2026-03-25,Unallocated
70/2-Red-Red-Nylon/Nylon,PO-2026-1102,WAMPUM SYNTEX PRIVATE LIMITED,goods_received,BOX-PO-2026-1102-DW64630-1774416565148-9,69c372b5696bdcc5dbb70517,DW64630,WN0620,0,4.764,0,4.764,qc_approved,2026-03-25,Unallocated
70/2-Red-Red-Nylon/Nylon,PO-2026-1102,WAMPUM SYNTEX PRIVATE LIMITED,goods_received,BOX-PO-2026-1102-DW78969-1774416565148-11,69c372b5696bdcc5dbb7051b,DW78969,WN0620,0,3.517,0,3.517,qc_approved,2026-03-25,Unallocated
70/1-Black-Black-Nylon/Nylon,PO-2026-1102,WAMPUM SYNTEX PRIVATE LIMITED,goods_received,BOX-PO-2026-1102-EW11364-1774416565148-12,69c372b5696bdcc5dbb7051d,EW11364,WN93388,0,8.556000000000001,0,8.556000000000001,qc_approved,2026-03-25,Unallocated
70/1-Black-Black-Nylon/Nylon,PO-2026-1102,WAMPUM SYNTEX PRIVATE LIMITED,goods_received,BOX-PO-2026-1102-EW09885-1774416565148-14,69c372b5696bdcc5dbb70521,EW09885,WN93388,0,0.864,0,0.864,qc_approved,2026-03-25,Unallocated
70/2-Dark Grey-Dark Grey-Nylon/Nylon,PO-2026-1102,WAMPUM SYNTEX PRIVATE LIMITED,goods_received,BOX-PO-2026-1102-EW66029-1774416565148-1,69c372b5696bdcc5dbb70507,EW66029,WN1883,0,6.744,0,6.744,qc_approved,2026-03-25,Unallocated
30s-Black-Black-Cotton/Compact,PO-2026-869,SUTLEJ TEXTILES AND INDUSTRIES LIMITED,goods_partially_received,BOX-PO-2026-869-23.03 - 94383-1774344112956-4,69c257b1421268c3c1b2bd9e,23.03 - 94383,SDY55525,0,43.177,0,43.177,qc_approved,2026-03-24,Unallocated
30s-Black-Black-Cotton/Compact,PO-2026-869,SUTLEJ TEXTILES AND INDUSTRIES LIMITED,goods_partially_received,BOX-PO-2026-869-23.03 - 94383-1774344112956-6,69c257b1421268c3c1b2bda0,23.03 - 94383,SDY55525,0,45.602,0,45.602,qc_approved,2026-03-24,Unallocated
30s-Black-Black-Cotton/Compact,PO-2026-869,SUTLEJ TEXTILES AND INDUSTRIES LIMITED,goods_partially_received,BOX-PO-2026-869-23.03 - 94383-1774344112956-9,69c257b1421268c3c1b2bda3,23.03 - 94383,SDY55525,0,45.874,0,45.874,qc_approved,2026-03-24,Unallocated
20s-Black-Black-Cotton/Compact,PO-2026-869,SUTLEJ TEXTILES AND INDUSTRIES LIMITED,goods_partially_received,BOX-PO-2026-869-94459-1774343236270-3,69c25444421268c3c1b2a7a8,94459,SDY55525,40,26.205999999999996,48.48,26.205999999999996,qc_approved,2026-03-24,Unallocated
20s-Black-Black-Cotton/Compact,PO-2026-869,SUTLEJ TEXTILES AND INDUSTRIES LIMITED,goods_partially_received,BOX-PO-2026-869-94459-1774343236270-6,69c25444421268c3c1b2a7ab,94459,SDY55525,40,1.816999999999993,48.085,1.816999999999993,qc_approved,2026-03-24,Unallocated
20s-Brown-Brown-Cotton/Compact,PO-2026-1091,RSWM LTD.,goods_partially_received,BOX-PO-2026-1091-a2554104465-1774265904087-1,69c12630beea45a970c51bea,a2554104465,8590196 / YS26410-C,0,5.457,0,5.457,qc_approved,2026-03-23,Unallocated
20s-Anthra Melange-Anthra Melange-Cotton/Combed Melange,PO-2026-1091,RSWM LTD.,goods_partially_received,BOX-PO-2026-1091-a2552307704-1774265904087-2,69c12630beea45a970c51bec,a2552307704,86100006,0,1.008,0,1.008,qc_approved,2026-03-23,Unallocated
20s-White-White-Cotton/Compact,PO-2026-771,VARDHMAN TEXTILES LIMITED,goods_received,BOX-PO-2026-771-M0116400-1774259372220-25,69c10cacbeea45a970c4b019,M0116400,MRL03339,10,7.505000000000001,11.64,7.505000000000001,qc_approved,2026-03-23,Unallocated
20s-White-White-Cotton/Compact,PO-2026-771,VARDHMAN TEXTILES LIMITED,goods_received,BOX-PO-2026-771-M0116400-1774259372220-26,69c10cacbeea45a970c4b01a,M0116400,MRL03339,33,23.807,37.68,23.807,qc_approved,2026-03-23,Unallocated
20s-White-White-Cotton/Compact,PO-2026-771,VARDHMAN TEXTILES LIMITED,goods_received,BOX-PO-2026-771-M0116400-1774259372220-27,69c10cacbeea45a970c4b01b,M0116400,MRL03339,0,28.745000000000005,0,28.745000000000005,qc_approved,2026-03-23,Unallocated
20s-White-White-Cotton/Compact,PO-2026-771,VARDHMAN TEXTILES LIMITED,goods_received,BOX-PO-2026-771-M0116400-1774259372220-28,69c10cacbeea45a970c4b01c,M0116400,MRL03339,33,19.114999999999995,37.7,19.114999999999995,qc_approved,2026-03-23,Unallocated
20s-White-White-Cotton/Compact,PO-2026-771,VARDHMAN TEXTILES LIMITED,goods_received,BOX-PO-2026-771-M0116400-1774259372220-29,69c10cacbeea45a970c4b01d,M0116400,MRL03339,33,17.976,37.7,17.976,qc_approved,2026-03-23,Unallocated
20s-White-White-Cotton/Compact,PO-2026-771,VARDHMAN TEXTILES LIMITED,goods_received,BOX-PO-2026-771-M0116400-1774259372220-30,69c10cacbeea45a970c4b01e,M0116400,MRL03339,33,24.013999999999996,37.54,24.013999999999996,qc_approved,2026-03-23,Unallocated
20s-White-White-Cotton/Compact,PO-2026-771,VARDHMAN TEXTILES LIMITED,goods_received,BOX-PO-2026-771-M0116400-1774259372220-31,69c10cacbeea45a970c4b01f,M0116400,MRL03339,33,22.002,37.46,22.002,qc_approved,2026-03-23,Unallocated
30s-White-White-Cotton/Compact,PO-2026-771,VARDHMAN TEXTILES LIMITED,goods_received,BOX-PO-2026-771-M0116303-1774259372220-13,69c10cacbeea45a970c4b00c,M0116303,MRL03363,21,11.557000000000002,27.055,11.557000000000002,qc_approved,2026-03-23,Unallocated
30s-White-White-Cotton/Compact,PO-2026-771,VARDHMAN TEXTILES LIMITED,goods_received,BOX-PO-2026-771-M0116303-1774259372220-14,69c10cacbeea45a970c4b00d,M0116303,MRL03363,21,0.9220000000000006,26.94,0.9220000000000006,qc_approved,2026-03-23,Unallocated
30s-White-White-Cotton/Compact,PO-2026-771,VARDHMAN TEXTILES LIMITED,goods_received,BOX-PO-2026-771-M0116303-1774259372220-15,69c10cacbeea45a970c4b00e,M0116303,MRL03363,21,6.005999999999997,27.09,6.005999999999997,qc_approved,2026-03-23,Unallocated
30s-White-White-Cotton/Compact,PO-2026-771,VARDHMAN TEXTILES LIMITED,goods_received,BOX-PO-2026-771-M0116303-1774259372220-16,69c10cacbeea45a970c4b00f,M0116303,MRL03363,21,9.109999999999998,26.965,9.109999999999998,qc_approved,2026-03-23,Unallocated
20s-White-White-Cotton/Compact,PO-2026-771,VARDHMAN TEXTILES LIMITED,goods_received,BOX-PO-2026-771-M0116400-1774259372220-17,69c10cacbeea45a970c4b011,M0116400,MRL03339,33,8.869999999999994,38.12,8.869999999999994,qc_approved,2026-03-23,Unallocated
20s-White-White-Cotton/Compact,PO-2026-771,VARDHMAN TEXTILES LIMITED,goods_received,BOX-PO-2026-771-M0116400-1774259372220-18,69c10cacbeea45a970c4b012,M0116400,MRL03339,33,25.714,37.58,25.714,qc_approved,2026-03-23,Unallocated
20s-White-White-Cotton/Compact,PO-2026-771,VARDHMAN TEXTILES LIMITED,goods_received,BOX-PO-2026-771-M0116400-1774259372220-19,69c10cacbeea45a970c4b013,M0116400,MRL03339,33,24.031999999999996,37.675,24.031999999999996,qc_approved,2026-03-23,Unallocated
20s-White-White-Cotton/Compact,PO-2026-771,VARDHMAN TEXTILES LIMITED,goods_received,BOX-PO-2026-771-M0116400-1774259372220-20,69c10cacbeea45a970c4b014,M0116400,MRL03339,0,28.228,0,28.228,qc_approved,2026-03-23,Unallocated
20s-White-White-Cotton/Compact,PO-2026-771,VARDHMAN TEXTILES LIMITED,goods_received,BOX-PO-2026-771-M0116400-1774259372220-21,69c10cacbeea45a970c4b015,M0116400,MRL03339,33,2.9149999999999885,37.535,2.9149999999999885,qc_approved,2026-03-23,Unallocated
20s-White-White-Cotton/Compact,PO-2026-771,VARDHMAN TEXTILES LIMITED,goods_received,BOX-PO-2026-771-M0116400-1774259372220-23,69c10cacbeea45a970c4b017,M0116400,MRL03339,33,24.299,37.72,24.299,qc_approved,2026-03-23,Unallocated
30s-White-White-Cotton/Compact,PO-2026-771,VARDHMAN TEXTILES LIMITED,goods_received,BOX-PO-2026-771-M0116302-1774259372220-5,69c10cacbeea45a970c4b003,M0116302,MRL03363,6,2.654,8,2.654,qc_approved,2026-03-23,Unallocated
30s-White-White-Cotton/Compact,PO-2026-771,VARDHMAN TEXTILES LIMITED,goods_received,BOX-PO-2026-771-M0116302-1774259372220-6,69c10cacbeea45a970c4b004,M0116302,MRL03363,0,19.094,0,19.094,qc_approved,2026-03-23,Unallocated
30s-White-White-Cotton/Compact,PO-2026-771,VARDHMAN TEXTILES LIMITED,goods_received,BOX-PO-2026-771-M0116302-1774259372220-7,69c10cacbeea45a970c4b005,M0116302,MRL03363,18,11.457999999999998,23.095,11.457999999999998,qc_approved,2026-03-23,Unallocated
30s-White-White-Cotton/Compact,PO-2026-771,VARDHMAN TEXTILES LIMITED,goods_received,BOX-PO-2026-771-M0116303-1774259372220-9,69c10cacbeea45a970c4b008,M0116303,MRL03363,19,9.302000000000001,24.3,9.302000000000001,qc_approved,2026-03-23,Unallocated
30s-White-White-Cotton/Compact,PO-2026-771,VARDHMAN TEXTILES LIMITED,goods_received,BOX-PO-2026-771-M0116303-1774259372220-11,69c10cacbeea45a970c4b00a,M0116303,MRL03363,21,2.701000000000004,26.97,2.701000000000004,qc_approved,2026-03-23,Unallocated
30s-White-White-Cotton/Compact,PO-2026-771,VARDHMAN TEXTILES LIMITED,goods_received,BOX-PO-2026-771-M0116303-1774259372220-12,69c10cacbeea45a970c4b00b,M0116303,MRL03363,21,22.677,26.9,22.677,qc_approved,2026-03-23,Unallocated
30s-White-White-Cotton/Compact,PO-2026-771,VARDHMAN TEXTILES LIMITED,goods_received,BOX-PO-2026-771-M0116302-1774259372220-2,69c10cacbeea45a970c4b000,M0116302,MRL03363,18,15.524,22.875,15.524,qc_approved,2026-03-23,Unallocated
30s-White-White-Cotton/Compact,PO-2026-771,VARDHMAN TEXTILES LIMITED,goods_received,BOX-PO-2026-771-M0116302-1774259372220-1,69c10cacbeea45a970c4afff,M0116302,MRL03363,18,10.102,22.78,10.102,qc_approved,2026-03-23,Unallocated
70/1-Navy-Navy-Nylon/Nylon,PO-2026-1062,WAMPUM SYNTEX PRIVATE LIMITED,goods_received,BOX-PO-2026-1062-EW69932-1774245554600-1,69c0d6b2beea45a970c44619,EW69932,WN93329,0,16.193999999999996,0,16.193999999999996,qc_approved,2026-03-23,Unallocated
Soft top-Olive-Olive-Rubber/Soft top,PO-2026-1096,VALSON POLYESTER PRIVATE LIMITED,goods_partially_received,BOX-PO-2026-1096-NC 1524-1774172621140-4,69bfb9cdbeea45a970c3f522,NC 1524,VNY8032,0,72.074,0,72.074,qc_approved,2026-03-22,Unallocated
20s-Brown-Brown-Cotton/Compact,PO-2026-1091,RSWM LTD.,goods_partially_received,BOX-PO-2026-1091-2554104465-1774160921258-1,69bf8c19beea45a970c3a177,2554104465,8590196 / YS26410-C,0,4.761,0,4.761,qc_approved,2026-03-22,Unallocated
Soft top-Black-Black-Rubber/Soft top,PO-2026-506,VALSON POLYESTER PRIVATE LIMITED,goods_received,BOX-PO-2026-506-NC/1614-1774079449331-7,69be4dd922f72a9b530e77f6,NC/1614,VNY850,38,2.158000000000003,14.8,2.158000000000003,qc_approved,2026-03-21,Unallocated
Soft top-Black-Black-Rubber/Soft top,PO-2026-506,VALSON POLYESTER PRIVATE LIMITED,goods_received,BOX-PO-2026-506-NC/1614-1774079449331-12,69be4dd922f72a9b530e77fb,NC/1614,VNY850,34,4.731999999999999,15,4.731999999999999,qc_approved,2026-03-21,Unallocated
Soft top-Brown-Brown-Rubber/Soft top,PO-2026-278,VALSON POLYESTER PRIVATE LIMITED,goods_received,BOX-PO-2026-278-NC/1640-1774078266326-1,69be493a22f72a9b530e77a9,NC/1640,VNY7341,32,9.736,15.3,9.736,qc_approved,2026-03-21,Unallocated
Soft top-Brown-Brown-Rubber/Soft top,PO-2026-278,VALSON POLYESTER PRIVATE LIMITED,goods_received,BOX-PO-2026-278-NC/1640-1774078266326-3,69be493a22f72a9b530e77ab,NC/1640,VNY7341,12,0.7610000000000001,4.95,0.7610000000000001,qc_approved,2026-03-21,Unallocated
Soft top-Brown-Brown-Rubber/Soft top,PO-2026-278,VALSON POLYESTER PRIVATE LIMITED,goods_received,BOX-PO-2026-278-NC/1640-1774078266326-4,69be493a22f72a9b530e77ac,NC/1640,VNY7341,35,6.538,15.65,6.538,qc_approved,2026-03-21,Unallocated
Soft top-Brown-Brown-Rubber/Soft top,PO-2026-278,VALSON POLYESTER PRIVATE LIMITED,goods_received,BOX-PO-2026-278-NC/1640-1774078266326-6,69be493a22f72a9b530e77ae,NC/1640,VNY7341,32,1.7799999999999994,15.6,1.7799999999999994,qc_approved,2026-03-21,Unallocated
70/1-Raw White-Raw White-Nylon/Nylon,PO-2026-1061,VALSON POLYESTER PRIVATE LIMITED,goods_received,BOX-PO-2026-1061-G78141/80-1774069812020-14,69be283422f72a9b530de205,G78141/80,Raw White,12,12.739,21.05,12.739,qc_approved,2026-03-21,Unallocated
70/1-Raw White-Raw White-Nylon/Nylon,PO-2026-1061,VALSON POLYESTER PRIVATE LIMITED,goods_received,BOX-PO-2026-1061-G78141/80-1774069812020-17,69be283422f72a9b530de208,G78141/80,Raw White,14,17.528000000000002,24.02,17.528000000000002,qc_approved,2026-03-21,Unallocated
70/2-Raw White-Raw White-Nylon/Nylon,PO-2026-1061,VALSON POLYESTER PRIVATE LIMITED,goods_received,BOX-PO-2026-1061-G710B31-1774069812020-3,69be283422f72a9b530de1f9,G710B31,Raw White,13,9.103000000000002,24.54,9.103000000000002,qc_approved,2026-03-21,Unallocated
70/2-Raw White-Raw White-Nylon/Nylon,PO-2026-1061,VALSON POLYESTER PRIVATE LIMITED,goods_received,BOX-PO-2026-1061-G710B31-1774069812020-4,69be283422f72a9b530de1fa,G710B31,Raw White,14,2.3520000000000003,25.7,2.3520000000000003,qc_approved,2026-03-21,Unallocated
70/2-Raw White-Raw White-Nylon/Nylon,PO-2026-1061,VALSON POLYESTER PRIVATE LIMITED,goods_received,BOX-PO-2026-1061-G710B31-1774069812020-6,69be283422f72a9b530de1fc,G710B31,Raw White,13,17.508000000000003,24.6,17.508000000000003,qc_approved,2026-03-21,Unallocated
70/2-Raw White-Raw White-Nylon/Nylon,PO-2026-1061,VALSON POLYESTER PRIVATE LIMITED,goods_received,BOX-PO-2026-1061-G710B31-1774069812020-7,69be283422f72a9b530de1fd,G710B31,Raw White,0,12.827,0,12.827,qc_approved,2026-03-21,Unallocated
70/2-Raw White-Raw White-Nylon/Nylon,PO-2026-1061,VALSON POLYESTER PRIVATE LIMITED,goods_received,BOX-PO-2026-1061-G710B31-1774069812020-9,69be283422f72a9b530de1ff,G710B31,Raw White,0,12.003,0,12.003,qc_approved,2026-03-21,Unallocated
70/2-Raw White-Raw White-Nylon/Nylon,PO-2026-1061,VALSON POLYESTER PRIVATE LIMITED,goods_received,BOX-PO-2026-1061-G710B31-1774069812020-1,69be283422f72a9b530de1f7,G710B31,Raw White,13,17.865000000000002,24.36,17.865000000000002,qc_approved,2026-03-21,Unallocated
70/2-Raw White-Raw White-Nylon/Nylon,PO-2026-1061,VALSON POLYESTER PRIVATE LIMITED,goods_received,BOX-PO-2026-1061-G710B31-1774069812020-2,69be283422f72a9b530de1f8,G710B31,Raw White,14,13.643999999999998,25.86,13.643999999999998,qc_approved,2026-03-21,Unallocated
70/2-Red-Red-Nylon/Nylon,PO-2026-1090,WAMPUM SYNTEX PRIVATE LIMITED,goods_partially_received,BOX-PO-2026-1090-DW64630-1773916371454-7,69bbd0d3571f5889bf5c8e4b,DW64630,WN0620,0,9.061,0,9.061,qc_approved,2026-03-19,Unallocated
70/2-Red-Red-Nylon/Nylon,PO-2026-1090,WAMPUM SYNTEX PRIVATE LIMITED,goods_partially_received,BOX-PO-2026-1090-DW54265-1773916371454-8,69bbd0d3571f5889bf5c8e4d,DW54265,WN0620,0,0.823,0,0.823,qc_approved,2026-03-19,Unallocated
70/2-Dark Grey-Dark Grey-Nylon/Nylon,PO-2026-1089,WAMPUM SYNTEX PRIVATE LIMITED,goods_partially_received,BOX-PO-2026-1089-EW65600-1773902398195-5,69bb9a3e0490966d869d2aeb,EW65600,WN1883,0,29.6,0,29.6,qc_approved,2026-03-19,Unallocated
20/70-Black-Black-Nylon/Spandex,PO-2026-1089,WAMPUM SYNTEX PRIVATE LIMITED,goods_partially_received,BOX-PO-2026-1089-EW65701-1773898520834-3,69bb8b180490966d869d05f6,EW65701,WN93388,0,17.69,0,17.69,qc_approved,2026-03-19,Unallocated
70/2-Light Grey Melange-Light Grey Melange-Nylon/Nylon,PO-2026-1061,VALSON POLYESTER PRIVATE LIMITED,goods_received,BOX-PO-2026-1061-NL62507-1773815470364-18,69ba46ae36a721508719671c,NL62507,NLM54351,0,12.995999999999999,0,12.995999999999999,qc_approved,2026-03-18,Unallocated
70/2-Navy-Navy-Nylon/Nylon,PO-2026-1061,VALSON POLYESTER PRIVATE LIMITED,goods_received,BOX-PO-2026-1061-NL62514-1773815470364-11,69ba46ae36a7215087196714,NL62514,VNY7340,0,23.776,0,23.776,qc_approved,2026-03-18,Unallocated
70/2-Navy-Navy-Nylon/Nylon,PO-2026-1061,VALSON POLYESTER PRIVATE LIMITED,goods_received,BOX-PO-2026-1061-NL62514-1773815470364-3,69ba46ae36a721508719670c,NL62514,VNY7340,0,22.882,0,22.882,qc_approved,2026-03-18,Unallocated
70/2-Navy-Navy-Nylon/Nylon,PO-2026-1061,VALSON POLYESTER PRIVATE LIMITED,goods_received,BOX-PO-2026-1061-NL62514-1773815470364-4,69ba46ae36a721508719670d,NL62514,VNY7340,0,23.301000000000002,0,23.301000000000002,qc_approved,2026-03-18,Unallocated
70/2-Navy-Navy-Nylon/Nylon,PO-2026-1061,VALSON POLYESTER PRIVATE LIMITED,goods_received,BOX-PO-2026-1061-NL62514-1773815470364-7,69ba46ae36a7215087196710,NL62514,VNY7340,0,22.84,0,22.84,qc_approved,2026-03-18,Unallocated
70/2-Raw White-Raw White-Nylon/Nylon,PO-2026-1086,VALSON POLYESTER PRIVATE LIMITED,goods_received,BOX-PO-2026-1086-G79157/80-1773736215225-1,69b911176337f93f422f5623,G79157/80,Raw White,0,25.117,0,25.117,qc_approved,2026-03-17,Unallocated
20/40-Raw White-Raw White-Nylon/Spandex,PO-2026-1085,WAMPUM SYNTEX PRIVATE LIMITED,goods_partially_received,BOX-PO-2026-1085-SP00084-1773730609512-4,69b8fb316337f93f422f3920,SP00084,Raw White,0,10.682,0,10.682,qc_approved,2026-03-17,Unallocated
20/40-Light Grey-Light Grey-Nylon/Spandex,PO-2026-1082,VALSON POLYESTER PRIVATE LIMITED,goods_received,BOX-PO-2026-1082-CN1948-1773644782211-2,69b7abeea6225d28d31c4714,CN1948,VNY8000,0,2.949,0,2.949,qc_approved,2026-03-16,Unallocated
70/1-Raw White-Raw White-Nylon/Nylon,PO-2026-1082,VALSON POLYESTER PRIVATE LIMITED,goods_received,BOX-PO-2026-1082-G710810-1773644782211-6,69b7abeea6225d28d31c471c,G710810,Raw White,0,24.2959999,0,24.2959999,qc_approved,2026-03-16,Unallocated
30s-Denim Blue-Denim Blue-Cotton/Compact,PO-2026-1084,SUTLEJ TEXTILES AND INDUSTRIES LIMITED,goods_received,BOX-PO-2026-1084-93070-1773495677792-1,69b5657da6225d28d31be403,93070,SDY50165-A,0,35.275999999999996,0,35.275999999999996,qc_approved,2026-03-14,Unallocated
20s-Sky Blue Melange-Sky Blue Melange-Cotton/Combed Melange,PO-2026-1084,SUTLEJ TEXTILES AND INDUSTRIES LIMITED,goods_received,BOX-PO-2026-1084-Q5117-1773495677792-2,69b5657da6225d28d31be405,Q5117,PMF5BL35,0,19.774,0,19.774,qc_approved,2026-03-14,Unallocated
30s-Black-Black-Cotton/Compact,PO-2026-869,SUTLEJ TEXTILES AND INDUSTRIES LIMITED,goods_partially_received,BOX-PO-2026-869-94383-1773479427763-10,69b52603a6225d28d31b2999,94383,SDY55525,0,0.29500000000000004,0,0.29500000000000004,qc_approved,2026-03-14,Unallocated
30s-Black-Black-Cotton/Compact,PO-2026-869,SUTLEJ TEXTILES AND INDUSTRIES LIMITED,goods_partially_received,BOX-PO-2026-869-94383-1773479427763-13,69b52603a6225d28d31b299c,94383,SDY55525,0,49.505,0,49.505,qc_approved,2026-03-14,Unallocated
20s-Ivory-Ivory-Cotton/Compact,PO-2026-869,SUTLEJ TEXTILES AND INDUSTRIES LIMITED,goods_partially_received,BOX-PO-2026-869-94766-1773479427763-5,69b52603a6225d28d31b2993,94766,SDY61659,0,2.231,0,2.231,qc_approved,2026-03-14,Unallocated
20s-White-White-Cotton/Compact,PO-2026-771,VARDHMAN TEXTILES LIMITED,goods_received,BOX-PO-2026-771-M0116192-1773474722193-6,69b513a23d64f8257c10510b,M0116192,MRL03339,0,26.436,0,26.436,qc_approved,2026-03-14,Unallocated
20s-White-White-Cotton/Compact,PO-2026-771,VARDHMAN TEXTILES LIMITED,goods_received,BOX-PO-2026-771-M0116196-1773474722193-10,69b513a23d64f8257c105110,M0116196,MRL03339,0,36.623000000000005,0,36.623000000000005,qc_approved,2026-03-14,Unallocated
20s-White-White-Cotton/Compact,PO-2026-771,VARDHMAN TEXTILES LIMITED,goods_received,BOX-PO-2026-771-M0116192-1773474722193-1,69b513a23d64f8257c105106,M0116192,MRL03339,0,39.202000000000005,0,39.202000000000005,qc_approved,2026-03-14,Unallocated
20s-White-White-Cotton/Compact,PO-2026-771,VARDHMAN TEXTILES LIMITED,goods_received,BOX-PO-2026-771-M0116192-1773474722193-2,69b513a23d64f8257c105107,M0116192,MRL03339,0,38.519000000000005,0,38.519000000000005,qc_approved,2026-03-14,Unallocated
30s-Navy-Navy-Cotton/Compact,PO-2026-1076,SUTLEJ TEXTILES AND INDUSTRIES LIMITED,goods_received,BOX-PO-2026-1076-95551-1773386945786-2,69b3bcc15565040bb07d90dc,95551,SDY53391-A,0,39.327,0,39.327,qc_approved,2026-03-13,Unallocated
70/2-Bottle Green-Bottle Green-Nylon/Nylon,PO-2026-1075,VALSON POLYESTER PRIVATE LIMITED,goods_partially_received,BOX-PO-2026-1075-NL58854-1773382131629-3,69b3a9f333290afcb562b505,NL58854,VNY8038,0,4.178,0,4.178,qc_approved,2026-03-13,Unallocated
30s-Burgundy-Burgundy-Cotton/Compact,PO-2026-104,SUTLEJ TEXTILES AND INDUSTRIES LIMITED,goods_partially_received,BOX-PO-2026-104-A95410-1773229597496-1,69b1561d54209be8b90415d5,A95410,SDY56788-C,0,3.1929999999999996,0,3.1929999999999996,qc_approved,2026-03-11,Unallocated
20/70-Slate Grey-Slate Grey-Nylon/Spandex,PO-2026-1073,WAMPUM SYNTEX PRIVATE LIMITED,goods_partially_received,BOX-PO-2026-1073-EW50007-1773217263871-3,69b125ef05b3bddb85281c3f,EW50007,WN95287,20,9.933,,9.933,qc_approved,2026-03-11,Unallocated
Soft top-Denim Blue-Denim Blue-Rubber/Soft top,PO-2026-1072,VALSON POLYESTER PRIVATE LIMITED,goods_partially_received,BOX-PO-2026-1072-NC-1518-1773210393794-3,69b10b1905b3bddb85280f09,NC-1518,VNY8001,36,0.7220000000000013,,0.7220000000000013,qc_approved,2026-03-11,Unallocated
Soft top-Olive-Olive-Rubber/Soft top,PO-2026-1069,VALSON POLYESTER PRIVATE LIMITED,goods_partially_received,BOX-PO-2026-1069-NC-1524-1773135753687-2,69afe78905b3bddb8527e833,NC-1524,VNY8032,0,5.269,0,5.269,qc_approved,2026-03-10,Unallocated
30s-Brown-Brown-Cotton/Compact,PO-2026-419,RSWM LTD.,goods_received,BOX-PO-2026-419-2554106342-1773130178596-2,69afd1c275ce3cd7dfb0548d,2554106342,8590196 / YS26410-C,0,41.137,0,41.137,qc_approved,2026-03-10,Unallocated
30s-Brown-Brown-Cotton/Compact,PO-2026-419,RSWM LTD.,goods_received,BOX-PO-2026-419-2554106342-1773130178596-3,69afd1c275ce3cd7dfb0548e,2554106342,8590196 / YS26410-C,0,11.695999999999998,0,11.695999999999998,qc_approved,2026-03-10,Unallocated
30s-Brown-Brown-Cotton/Compact,PO-2026-419,RSWM LTD.,goods_received,BOX-PO-2026-419-2554106342-1773130178596-4,69afd1c275ce3cd7dfb0548f,2554106342,8590196 / YS26410-C,37,20.169000000000004,0.06,20.169000000000004,qc_approved,2026-03-10,Unallocated
30s-Brown-Brown-Cotton/Compact,PO-2026-419,RSWM LTD.,goods_received,BOX-PO-2026-419-2554106342-1773130178596-5,69afd1c275ce3cd7dfb05490,2554106342,8590196 / YS26410-C,40,1.7220000000000226,53.64,1.7220000000000226,qc_approved,2026-03-10,Unallocated
70/2-Dark Grey-Dark Grey-Nylon/Nylon,PO-2026-506,VALSON POLYESTER PRIVATE LIMITED,goods_received,BOX-PO-2026-506-NL61770-1773038271781-1,69ae6abfbec7c1c9b31cc0ab,NL61770,VNY7342,0,33.382999999999996,0,33.382999999999996,qc_approved,2026-03-09,Unallocated
70/2-Dark Grey-Dark Grey-Nylon/Nylon,PO-2026-506,VALSON POLYESTER PRIVATE LIMITED,goods_received,BOX-PO-2026-506-NL61770-1773038271781-2,69ae6abfbec7c1c9b31cc0ac,NL61770,VNY7342,0,3.8979999999999997,0,3.8979999999999997,qc_approved,2026-03-09,Unallocated
70/2-Dark Grey-Dark Grey-Nylon/Nylon,PO-2026-506,VALSON POLYESTER PRIVATE LIMITED,goods_received,BOX-PO-2026-506-NL61770-1773038271781-4,69ae6abfbec7c1c9b31cc0ae,NL61770,VNY7342,0,31.171000000000003,0,31.171000000000003,qc_approved,2026-03-09,Unallocated
Soft top-Light Grey-Light Grey-Rubber/Soft top,PO-2026-278,VALSON POLYESTER PRIVATE LIMITED,goods_received,BOX-PO-2026-278-NC-1624-1773036775124-9,69ae64e7bec7c1c9b31c8b49,NC-1624,VNY8000,31,2.991999999999998,2.82,2.991999999999998,qc_approved,2026-03-09,Unallocated
Soft top-Olive-Olive-Rubber/Soft top,PO-2026-278,VALSON POLYESTER PRIVATE LIMITED,goods_received,BOX-PO-2026-278-NC-1627-1773036775124-14,69ae64e7bec7c1c9b31c8b4f,NC-1627,VNY8032,35,4.396000000000001,,4.396000000000001,qc_approved,2026-03-09,Unallocated
Soft top-Beige-Beige-Rubber/Soft top,PO-2026-278,VALSON POLYESTER PRIVATE LIMITED,goods_received,BOX-PO-2026-278-NC-1623-1773036775124-2,69ae64e7bec7c1c9b31c8b41,NC-1623,VNY7353,0,2.026,0,2.026,qc_approved,2026-03-09,Unallocated
Soft top-Black-Black-Rubber/Soft top,PO-2026-506,VALSON POLYESTER PRIVATE LIMITED,goods_received,BOX-PO-2026-506-NC-1614-1773036040224-37,69ae6208bec7c1c9b31c847f,NC-1614,VNY850,0,14.059999999999999,0,14.059999999999999,qc_approved,2026-03-09,Unallocated
Soft top-Raw White-Raw White-Rubber/Soft top,PO-2026-506,VALSON POLYESTER PRIVATE LIMITED,goods_received,BOX-PO-2026-506-NC-1618-1773036040224-45,69ae6208bec7c1c9b31c8488,NC-1618,Raw White,33,8.079,,8.079,qc_approved,2026-03-09,Unallocated
Soft top-Black-Black-Rubber/Soft top,PO-2026-506,VALSON POLYESTER PRIVATE LIMITED,goods_received,BOX-PO-2026-506-NC-1614-1773036040224-28,69ae6208bec7c1c9b31c8476,NC-1614,VNY850,36,8.287000000000003,15.8,8.287000000000003,qc_approved,2026-03-09,Unallocated
Soft top-Black-Black-Rubber/Soft top,PO-2026-506,VALSON POLYESTER PRIVATE LIMITED,goods_received,BOX-PO-2026-506-NC-1614-1773036040224-30,69ae6208bec7c1c9b31c8478,NC-1614,VNY850,0,3.3469999999999978,0,3.3469999999999978,qc_approved,2026-03-09,Unallocated
Soft top-Black-Black-Rubber/Soft top,PO-2026-506,VALSON POLYESTER PRIVATE LIMITED,goods_received,BOX-PO-2026-506-NC-1614-1773036040224-31,69ae6208bec7c1c9b31c8479,NC-1614,VNY850,34,7.204,13.885,7.204,qc_approved,2026-03-09,Unallocated
Soft top-Black-Black-Rubber/Soft top,PO-2026-506,VALSON POLYESTER PRIVATE LIMITED,goods_received,BOX-PO-2026-506-NC-1614-1773036040224-33,69ae6208bec7c1c9b31c847b,NC-1614,VNY850,35,3.6560000000000006,,3.6560000000000006,qc_approved,2026-03-09,Unallocated
Soft top-Black-Black-Rubber/Soft top,PO-2026-506,VALSON POLYESTER PRIVATE LIMITED,goods_received,BOX-PO-2026-506-NC-1614-1773036040224-21,69ae6208bec7c1c9b31c846f,NC-1614,VNY850,0,1.878000000000002,0,1.878000000000002,qc_approved,2026-03-09,Unallocated
20s-Dark Brown Melange-Dark Brown Melange-Cotton/Combed Melange,PO-2026-1066,RSWM LTD.,goods_received,BOX-PO-2026-1066-2562102345-1772876609586-1,69abf341777d8cba6a199644,2562102345,89300011/L2488,0,61.66,0,61.66,qc_approved,2026-03-07,Unallocated
20s-Dark Brown Melange-Dark Brown Melange-Cotton/Combed Melange,PO-2026-1066,RSWM LTD.,goods_received,BOX-PO-2026-1066-2562102345-1772876609586-4,69abf341777d8cba6a199647,2562102345,89300011/L2488,0,31.641999999999996,0,31.641999999999996,qc_approved,2026-03-07,Unallocated
20s-Anthra Melange-Anthra Melange-Cotton/Combed Melange,PO-2026-986,SUTLEJ TEXTILES AND INDUSTRIES LIMITED,goods_partially_received,BOX-PO-2026-986-11105-1772713825353-2,69a9776193145c5b285a3835,11105,DM-68500-I,0,40.278999999999996,0,40.278999999999996,qc_approved,2026-03-05,Unallocated
20s-Skin Melange-Skin Melange-Cotton/Combed Melange,PO-2026-426,SUTLEJ TEXTILES AND INDUSTRIES LIMITED,goods_partially_received,BOX-PO-2026-426-U3392-1772712092076-1,69a9709c93145c5b285a2f99,U3392,CM11BR15,0,0.7530000000000001,0,0.7530000000000001,qc_approved,2026-03-05,Unallocated
20s-Dark Grey Melange-Dark Grey Melange-Cotton/Combed Melange,PO-2026-101,SUTLEJ TEXTILES AND INDUSTRIES LIMITED,goods_partially_received,BOX-PO-2026-101-58072-1772694647065-1,69a92c7793145c5b285a0dc7,58072,DM-68501-K,0,9.651999999999994,0,9.651999999999994,qc_approved,2026-03-05,Unallocated
20s-Dark Grey Melange-Dark Grey Melange-Cotton/Combed Melange,PO-2026-101,SUTLEJ TEXTILES AND INDUSTRIES LIMITED,goods_partially_received,BOX-PO-2026-101-58072-1772694647065-2,69a92c7793145c5b285a0dc8,58072,DM-68501-K,0,10.129999999999995,0,10.129999999999995,qc_approved,2026-03-05,Unallocated
30s-White-White-Cotton/Compact,PO-2026-771,VARDHMAN TEXTILES LIMITED,goods_received,BOX-PO-2026-771-M0116194-1772687477550-9,69a9107593145c5b2859b441,M0116194,MRL03363,18,11.713000000000001,,11.713000000000001,qc_approved,2026-03-05,Unallocated
70/2-Yellow-Sulphur-Nylon/Nylon,PO-2026-1049,WAMPUM SYNTEX PRIVATE LIMITED,goods_partially_received,BOX-PO-2026-1049-EW10857-1772443003872-5,69a5557b93145c5b28575b2e,EW10857,WN94807,0,2.758,0,2.758,qc_approved,2026-03-02,Unallocated
70/2-Light Grey-Light Grey-Nylon/Nylon,PO-2026-1049,WAMPUM SYNTEX PRIVATE LIMITED,goods_partially_received,BOX-PO-2026-1049-EW57667-1772439857312-7,69a5493193145c5b2855d744,EW57667,WN1882,0,29.691,0,29.691,qc_approved,2026-03-02,Unallocated
70/2-Light Brown Melange-Light Brown Melange-Nylon/Nylon,PO-2026-1047,VALSON POLYESTER PRIVATE LIMITED,goods_received,BOX-PO-2026-1047-NL58391-1772364281555-2,69a421f993145c5b28553a61,NL58391,VNY8034,0,1.82,0,1.82,qc_approved,2026-03-01,Unallocated
70/2-Light Purple-Lavender-Nylon/Nylon,PO-2026-1046,SARLA PERFORMANCE FIBERS LIMITED,goods_received,BOX-PO-2026-1046-LN18520-1772363468646-8,69a41ecc93145c5b2855385a,LN18520,NS-5073,0,8.716000000000001,0,8.716000000000001,qc_approved,2026-03-01,Unallocated
70/1-Black-Black-Nylon/Nylon,PO-2026-1045,JCT LIMITED,goods_received,BOX-PO-2026-1045-238-1772362303074-1,69a41a3f93145c5b2855343d,238,139J,0,8.165,0,8.165,qc_approved,2026-03-01,Unallocated
70/2-Black-Black-Nylon/Nylon,PO-2026-1045,JCT LIMITED,goods_received,BOX-PO-2026-1045-00-2-1772362303074-2,69a41a3f93145c5b2855343f,00-2,239,0,15.141000000000002,0,15.141000000000002,qc_approved,2026-03-01,Unallocated
20/40-Navy-Navy-Nylon/Spandex,PO-2026-1043,WAMPUM SYNTEX PRIVATE LIMITED,goods_received,BOX-PO-2026-1043-EW23748-1772357903893-4,69a4090f93145c5b28551953,EW23748,WN93329,0,24.333,0,24.333,qc_approved,2026-03-01,Unallocated
70/4-Maroon-Maroon-Nylon/Nylon,PO-2026-1043,WAMPUM SYNTEX PRIVATE LIMITED,goods_received,BOX-PO-2026-1043-EW37687-1772357903893-6,69a4090f93145c5b28551957,EW37687,WN0614,0,15.161999999999999,0,15.161999999999999,qc_approved,2026-03-01,Unallocated
70/4-Black-Black-Nylon/Nylon,PO-2026-1043,WAMPUM SYNTEX PRIVATE LIMITED,goods_received,BOX-PO-2026-1043-EW37702-1772357903893-7,69a4090f93145c5b28551959,EW37702,WN93388,0,7.9719999999999995,0,7.9719999999999995,qc_approved,2026-03-01,Unallocated
70/1-Light Grey-Light Grey-Nylon/Nylon,PO-2026-1043,WAMPUM SYNTEX PRIVATE LIMITED,goods_received,BOX-PO-2026-1043-EW44097-1772357903893-11,69a4090f93145c5b28551961,EW44097,WN1882,0,32.432,0,32.432,qc_approved,2026-03-01,Unallocated
70/1-Raw White-Raw White-Nylon/Nylon,PO-2026-1041,VALSON POLYESTER PRIVATE LIMITED,goods_partially_received,BOX-PO-2026-1041-G710810-1772355358203-1,69a3ff1e93145c5b2855158e,G710810,Raw White,0,3.4939999999999998,0,3.4939999999999998,qc_approved,2026-03-01,Unallocated
Soft top-Brown-Brown-Rubber/Soft top,PO-2026-1040,SARLA PERFORMANCE FIBERS LIMITED,goods_partially_received,BOX-PO-2026-1040-000-5-1772353197140-2,69a3f6ad93145c5b28550c30,000-5,224,0,6.686,0,6.686,qc_approved,2026-03-01,Unallocated
70/1-Red-Red-Nylon/Nylon,PO-2026-1040,SARLA PERFORMANCE FIBERS LIMITED,goods_partially_received,BOX-PO-2026-1040-LNC18220-1772352594958-5,69a3f45293145c5b28550a95,LNC18220,9077,0,3.28,0,3.28,qc_approved,2026-03-01,Unallocated
70/2-Dark Royal Blue-Dark Royal Blue-Nylon/Nylon,PO-2026-1036,WAMPUM SYNTEX PRIVATE LIMITED,goods_received,BOX-PO-2026-1036-DW88506-1772346224330-4,69a3db7093145c5b2855013e,DW88506,WN93063,0,10.128,0,10.128,qc_approved,2026-03-01,Unallocated
20/70-Dark Green-Ponderosa Pine-Nylon/Spandex,PO-2026-1036,WAMPUM SYNTEX PRIVATE LIMITED,goods_received,BOX-PO-2026-1036-EW10425-1772346224330-6,69a3db7093145c5b28550142,EW10425,WN94793,0,15.441,0,15.441,qc_approved,2026-03-01,Unallocated
70/2-Slate Grey-Slate Grey-Nylon/Nylon,PO-2026-1036,WAMPUM SYNTEX PRIVATE LIMITED,goods_received,BOX-PO-2026-1036-EW95287-1772346224330-9,69a3db7093145c5b28550148,EW95287,WN95287,0,21.264000000000003,0,21.264000000000003,qc_approved,2026-03-01,Unallocated
20/70-Burgundy-Burgundy-Nylon/Spandex,PO-2026-1036,WAMPUM SYNTEX PRIVATE LIMITED,goods_received,BOX-PO-2026-1036-EW10426-1772346224330-1,69a3db7093145c5b28550138,EW10426,WN94781,0,8.969,0,8.969,qc_approved,2026-03-01,Unallocated
Soft top-Brown-Brown-Rubber/Soft top,PO-2026-1035,VALSON POLYESTER PRIVATE LIMITED,goods_received,BOX-PO-2026-1035-NC/1594-1772344456287-2,69a3d48893145c5b2855005e,NC/1594,VNY7341,0,3.721,0,3.721,qc_approved,2026-03-01,Unallocated
Soft top-Bottle Green-Bottle Green-Rubber/Soft top,PO-2026-1035,VALSON POLYESTER PRIVATE LIMITED,goods_received,BOX-PO-2026-1035-NC/1530-1772344456287-3,69a3d48893145c5b28550060,NC/1530,VNY8038,0,3.6240000000000023,0,3.6240000000000023,qc_approved,2026-03-01,Unallocated
110/70-Light Grey-Light Grey-Rubber/Rubber,PO-2026-1034,SARLA PERFORMANCE FIBERS LIMITED,goods_received,BOX-PO-2026-1034-RLN032384-1772342981420-5,69a3cec593145c5b2854ff20,RLN032384,G-164,0,2.9939999999999998,0,2.9939999999999998,qc_approved,2026-03-01,Unallocated
Soft top-Navy-Navy-Rubber/Soft top,PO-2026-506,VALSON POLYESTER PRIVATE LIMITED,goods_received,BOX-PO-2026-506-NC/1620-1772285055792-10,69a2ec7f93145c5b2854fa92,NC/1620,VNY7340,32,0.007999999999999119,,0.007999999999999119,qc_approved,2026-02-28,Unallocated
Soft top-Navy-Navy-Rubber/Soft top,PO-2026-506,VALSON POLYESTER PRIVATE LIMITED,goods_received,BOX-PO-2026-506-NC/1620-1772285055792-12,69a2ec7f93145c5b2854fa94,NC/1620,VNY7340,0,11.246,0,11.246,qc_approved,2026-02-28,Unallocated
Soft top-Navy-Navy-Rubber/Soft top,PO-2026-506,VALSON POLYESTER PRIVATE LIMITED,goods_received,BOX-PO-2026-506-NC/1620-1772285055792-13,69a2ec7f93145c5b2854fa95,NC/1620,VNY7340,34,4.615999999999998,,4.615999999999998,qc_approved,2026-02-28,Unallocated
Soft top-Navy-Navy-Rubber/Soft top,PO-2026-506,VALSON POLYESTER PRIVATE LIMITED,goods_received,BOX-PO-2026-506-NC/1620-1772285055792-14,69a2ec7f93145c5b2854fa96,NC/1620,VNY7340,35,7.170999999999999,,7.170999999999999,qc_approved,2026-02-28,Unallocated
Soft top-Navy-Navy-Rubber/Soft top,PO-2026-506,VALSON POLYESTER PRIVATE LIMITED,goods_received,BOX-PO-2026-506-NC/1620-1772285055792-1,69a2ec7f93145c5b2854fa89,NC/1620,VNY7340,37,1.4820000000000029,,1.4820000000000029,qc_approved,2026-02-28,Unallocated
Soft top-Navy-Navy-Rubber/Soft top,PO-2026-506,VALSON POLYESTER PRIVATE LIMITED,goods_received,BOX-PO-2026-506-NC/1620-1772285055792-2,69a2ec7f93145c5b2854fa8a,NC/1620,VNY7340,34,10.126000000000001,,10.126000000000001,qc_approved,2026-02-28,Unallocated
Soft top-Navy-Navy-Rubber/Soft top,PO-2026-506,VALSON POLYESTER PRIVATE LIMITED,goods_received,BOX-PO-2026-506-NC/1620-1772285055792-3,69a2ec7f93145c5b2854fa8b,NC/1620,VNY7340,0,9.158999999999999,0,9.158999999999999,qc_approved,2026-02-28,Unallocated
Soft top-Navy-Navy-Rubber/Soft top,PO-2026-506,VALSON POLYESTER PRIVATE LIMITED,goods_received,BOX-PO-2026-506-NC/1620-1772285055792-4,69a2ec7f93145c5b2854fa8c,NC/1620,VNY7340,0,6.483999999999999,0,6.483999999999999,qc_approved,2026-02-28,Unallocated
Soft top-Navy-Navy-Rubber/Soft top,PO-2026-506,VALSON POLYESTER PRIVATE LIMITED,goods_received,BOX-PO-2026-506-NC/1620-1772285055792-5,69a2ec7f93145c5b2854fa8d,NC/1620,VNY7340,0,21.200999999999997,0,21.200999999999997,qc_approved,2026-02-28,Unallocated
Soft top-Navy-Navy-Rubber/Soft top,PO-2026-506,VALSON POLYESTER PRIVATE LIMITED,goods_received,BOX-PO-2026-506-NC/1620-1772285055792-6,69a2ec7f93145c5b2854fa8e,NC/1620,VNY7340,0,19.842000000000006,0,19.842000000000006,qc_approved,2026-02-28,Unallocated
Soft top-Beige-Beige-Rubber/Soft top,PO-2026-278,VALSON POLYESTER PRIVATE LIMITED,goods_received,BOX-PO-2026-278-NC/1623-1772284951693-21,69a2ec1793145c5b2854f9e0,NC/1623,VNY7353,32,4.507999999999997,,4.507999999999997,qc_approved,2026-02-28,Unallocated
Soft top-Beige-Beige-Rubber/Soft top,PO-2026-278,VALSON POLYESTER PRIVATE LIMITED,goods_received,BOX-PO-2026-278-NC/1623-1772284951693-22,69a2ec1793145c5b2854f9e1,NC/1623,VNY7353,37,7.247,,7.247,qc_approved,2026-02-28,Unallocated
Soft top-Beige-Beige-Rubber/Soft top,PO-2026-278,VALSON POLYESTER PRIVATE LIMITED,goods_received,BOX-PO-2026-278-NC/1623-1772284951693-23,69a2ec1793145c5b2854f9e2,NC/1623,VNY7353,37,5.042000000000001,,5.042000000000001,qc_approved,2026-02-28,Unallocated
Soft top-Beige-Beige-Rubber/Soft top,PO-2026-278,VALSON POLYESTER PRIVATE LIMITED,goods_received,BOX-PO-2026-278-NC/1623-1772284951693-24,69a2ec1793145c5b2854f9e3,NC/1623,VNY7353,0,9.48,0,9.48,qc_approved,2026-02-28,Unallocated
Soft top-Black-Black-Rubber/Soft top,PO-2026-278,VALSON POLYESTER PRIVATE LIMITED,goods_received,BOX-PO-2026-278-NC/1614-1772284951693-12,69a2ec1793145c5b2854f9d6,NC/1614,VNY850,0,22.806,0,22.806,qc_approved,2026-02-28,Unallocated
Soft top-Black-Black-Rubber/Soft top,PO-2026-278,VALSON POLYESTER PRIVATE LIMITED,goods_received,BOX-PO-2026-278-NC/1614-1772284951693-13,69a2ec1793145c5b2854f9d7,NC/1614,VNY850,0,21.114999999999995,0,21.114999999999995,qc_approved,2026-02-28,Unallocated
Soft top-Black-Black-Rubber/Soft top,PO-2026-278,VALSON POLYESTER PRIVATE LIMITED,goods_received,BOX-PO-2026-278-NC/1614-1772284951693-14,69a2ec1793145c5b2854f9d8,NC/1614,VNY850,0,10.161999999999999,0,10.161999999999999,qc_approved,2026-02-28,Unallocated
Soft top-Black-Black-Rubber/Soft top,PO-2026-278,VALSON POLYESTER PRIVATE LIMITED,goods_received,BOX-PO-2026-278-NC/1614-1772284951693-2,69a2ec1793145c5b2854f9cc,NC/1614,VNY850,0,10.164,0,10.164,qc_approved,2026-02-28,Unallocated
Soft top-Black-Black-Rubber/Soft top,PO-2026-278,VALSON POLYESTER PRIVATE LIMITED,goods_received,BOX-PO-2026-278-NC/1614-1772284951693-3,69a2ec1793145c5b2854f9cd,NC/1614,VNY850,34,3.7439999999999998,,3.7439999999999998,qc_approved,2026-02-28,Unallocated
Soft top-Black-Black-Rubber/Soft top,PO-2026-278,VALSON POLYESTER PRIVATE LIMITED,goods_received,BOX-PO-2026-278-NC/1614-1772284951693-4,69a2ec1793145c5b2854f9ce,NC/1614,VNY850,37,9.786,,9.786,qc_approved,2026-02-28,Unallocated
Soft top-Black-Black-Rubber/Soft top,PO-2026-278,VALSON POLYESTER PRIVATE LIMITED,goods_received,BOX-PO-2026-278-NC/1614-1772284951693-5,69a2ec1793145c5b2854f9cf,NC/1614,VNY850,42,9.604,,9.604,qc_approved,2026-02-28,Unallocated
Soft top-Black-Black-Rubber/Soft top,PO-2026-278,VALSON POLYESTER PRIVATE LIMITED,goods_received,BOX-PO-2026-278-NC/1614-1772284951693-7,69a2ec1793145c5b2854f9d1,NC/1614,VNY850,0,10.626000000000001,0,10.626000000000001,qc_approved,2026-02-28,Unallocated
Soft top-Black-Black-Rubber/Soft top,PO-2026-278,VALSON POLYESTER PRIVATE LIMITED,goods_received,BOX-PO-2026-278-NC/1614-1772284951693-8,69a2ec1793145c5b2854f9d2,NC/1614,VNY850,0,24.311,0,24.311,qc_approved,2026-02-28,Unallocated
20/70-Black-Black-Nylon/Spandex,PO-2026-506,VALSON POLYESTER PRIVATE LIMITED,goods_received,BOX-PO-2026-506-CN/2090-1772284305253-2,69a2e99193145c5b2854f8c5,CN/2090,VNY850,0,14.26,0,14.26,qc_approved,2026-02-28,Unallocated
20/70-Black-Black-Nylon/Spandex,PO-2026-506,VALSON POLYESTER PRIVATE LIMITED,goods_received,BOX-PO-2026-506-CN/2090-1772284305253-1,69a2e99193145c5b2854f8c4,CN/2090,VNY850,0,14.832,0,14.832,qc_approved,2026-02-28,Unallocated
Soft top-Light Grey-Light Grey-Rubber/Soft top,PO-2026-191,VALSON POLYESTER PRIVATE LIMITED,goods_received,BOX-PO-2026-191-NC/1624-1772282213347-1,69a2e16593145c5b2854f51d,NC/1624,VNY8000,36,6.666999999999999,,6.666999999999999,qc_approved,2026-02-28,Unallocated
Soft top-Light Grey-Light Grey-Rubber/Soft top,PO-2026-191,VALSON POLYESTER PRIVATE LIMITED,goods_received,BOX-PO-2026-191-NC/1624-1772282213347-2,69a2e16593145c5b2854f51e,NC/1624,VNY8000,34,8.097000000000001,,8.097000000000001,qc_approved,2026-02-28,Unallocated
20/70-Light Grey-Light Grey-Nylon/Spandex,PO-2026-680,WAMPUM SYNTEX PRIVATE LIMITED,goods_received,BOX-PO-2026-680-EW67074-1772281014602-3,69a2dcb693145c5b2854f063,EW67074,WN1882,0,24.110000000000003,0,24.110000000000003,qc_approved,2026-02-28,Unallocated
20/70-Light Grey-Light Grey-Nylon/Spandex,PO-2026-680,WAMPUM SYNTEX PRIVATE LIMITED,goods_received,BOX-PO-2026-680-EW67074-1772281014602-1,69a2dcb693145c5b2854f061,EW67074,WN1882,0,41.771,0,41.771,qc_approved,2026-02-28,Unallocated
20/70-Light Grey-Light Grey-Nylon/Spandex,PO-2026-680,WAMPUM SYNTEX PRIVATE LIMITED,goods_received,BOX-PO-2026-680-EW67074-1772281014602-2,69a2dcb693145c5b2854f062,EW67074,WN1882,0,20.817,0,20.817,qc_approved,2026-02-28,Unallocated
110/70-Dark Grey-Dark Grey-Rubber/Rubber,PO-2026-1032,SARLA PERFORMANCE FIBERS LIMITED,goods_received,BOX-PO-2026-1032-RLN035290-1772280669850-1,69a2db5d93145c5b2854efc4,RLN035290,NS-119,35,5.254,,5.254,qc_approved,2026-02-28,Unallocated
20/40-Light Grey-Light Grey-Nylon/Spandex,PO-2026-1030,VALSON POLYESTER PRIVATE LIMITED,goods_received,BOX-PO-2026-1030-CN-1948-1772279636660-1,69a2d75493145c5b2854ec33,CN-1948,VNY8000,0,17.892,0,17.892,qc_approved,2026-02-28,Unallocated
20/70-Black-Black-Nylon/Spandex,PO-2026-535,WAMPUM SYNTEX PRIVATE LIMITED,goods_received,BOX-PO-2026-535-EW67223-1772279440428-8,69a2d69093145c5b2854eab4,EW67223,WN93388,0,20.003999999999998,0,20.003999999999998,qc_approved,2026-02-28,Unallocated
20/70-Brown-Brown-Nylon/Spandex,PO-2026-535,WAMPUM SYNTEX PRIVATE LIMITED,goods_received,BOX-PO-2026-535-EW67079-1772275398329-1,69a2c6c693145c5b2854d2c3,EW67079,WN0042,20,21.611,,21.611,qc_approved,2026-02-28,Unallocated
20/70-Brown-Brown-Nylon/Spandex,PO-2026-535,WAMPUM SYNTEX PRIVATE LIMITED,goods_received,BOX-PO-2026-535-EW67079-1772275398329-2,69a2c6c693145c5b2854d2c4,EW67079,WN0042,20,23.604,,23.604,qc_approved,2026-02-28,Unallocated
20/70-Brown-Brown-Nylon/Spandex,PO-2026-535,WAMPUM SYNTEX PRIVATE LIMITED,goods_received,BOX-PO-2026-535-EW67079-1772275398329-3,69a2c6c693145c5b2854d2c5,EW67079,WN0042,0,18.907999999999998,0,18.907999999999998,qc_approved,2026-02-28,Unallocated
20/70-Brown-Brown-Nylon/Spandex,PO-2026-535,WAMPUM SYNTEX PRIVATE LIMITED,goods_received,BOX-PO-2026-535-EW67079-1772275398329-4,69a2c6c693145c5b2854d2c6,EW67079,WN0042,0,23.66,0,23.66,qc_approved,2026-02-28,Unallocated
20/70-Beige-Beige-Nylon/Spandex,PO-2026-535,WAMPUM SYNTEX PRIVATE LIMITED,goods_received,BOX-PO-2026-535-EW66328-1772273819596-4,69a2c09b93145c5b2854cee2,EW66328,WN1881,19,2.2300000000000004,,2.2300000000000004,qc_approved,2026-02-28,Unallocated
20/70-Beige-Beige-Nylon/Spandex,PO-2026-535,WAMPUM SYNTEX PRIVATE LIMITED,goods_received,BOX-PO-2026-535-EW66328-1772273819596-5,69a2c09b93145c5b2854cee3,EW66328,WN1881,19,10.812999999999999,,10.812999999999999,qc_approved,2026-02-28,Unallocated
70/2-Dark Orange-Dark Orange-Nylon/Nylon,PO-2026-1028,SARLA PERFORMANCE FIBERS LIMITED,goods_received,BOX-PO-2026-1028-LNV17007-1772270592142-1,69a2b40093145c5b2854c4f6,LNV17007,9182,0,13.622,0,13.622,qc_approved,2026-02-28,Unallocated
70/4-Black-Black-Nylon/Nylon,PO-2026-1025,WAMPUM SYNTEX PRIVATE LIMITED,goods_received,BOX-PO-2026-1025-EW37702-1772268177740-8,69a2aa91a47ecd5436f7277b,EW37702,WN93388,0,34.025999999999996,0,34.025999999999996,qc_approved,2026-02-28,Unallocated
70/4-Dark Grey-Dark Grey-Nylon/Nylon,PO-2026-1025,WAMPUM SYNTEX PRIVATE LIMITED,goods_received,BOX-PO-2026-1025-EW37708-1772268177740-9,69a2aa91a47ecd5436f7277d,EW37708,WN1883,0,33.486,0,33.486,qc_approved,2026-02-28,Unallocated
70/4-Light Grey-Light Grey-Nylon/Nylon,PO-2026-1025,WAMPUM SYNTEX PRIVATE LIMITED,goods_received,BOX-PO-2026-1025-EW37709-1772268177740-11,69a2aa91a47ecd5436f72780,EW37709,WN1882,0,31.344999999999995,0,31.344999999999995,qc_approved,2026-02-28,Unallocated
20/70-Light Grey-Light Grey-Nylon/Spandex,PO-2026-1025,WAMPUM SYNTEX PRIVATE LIMITED,goods_received,BOX-PO-2026-1025-EW59335-1772268177740-18,69a2aa91a47ecd5436f7278b,EW59335,WN1882,19,13.561000000000002,,13.561000000000002,qc_approved,2026-02-28,Unallocated
70/2-Beige-Beige-Nylon/Nylon,PO-2026-1025,WAMPUM SYNTEX PRIVATE LIMITED,goods_received,BOX-PO-2026-1025-EW62852/25-1772268177740-19,69a2aa91a47ecd5436f7278d,EW62852/25,WN1881,0,13.269000000000002,0,13.269000000000002,qc_approved,2026-02-28,Unallocated
70/2-Beige-Beige-Nylon/Nylon,PO-2026-1025,WAMPUM SYNTEX PRIVATE LIMITED,goods_received,BOX-PO-2026-1025-EW62852/25-1772268177740-20,69a2aa91a47ecd5436f7278e,EW62852/25,WN1881,21,12.879999999999999,,12.879999999999999,qc_approved,2026-02-28,Unallocated
70/2-Black-Black-Nylon/Nylon,PO-2026-1025,WAMPUM SYNTEX PRIVATE LIMITED,goods_received,BOX-PO-2026-1025-EW64444-1772268177740-22,69a2aa91a47ecd5436f72791,EW64444,WN93388,0,12.698,0,12.698,qc_approved,2026-02-28,Unallocated
70/2-Black-Black-Nylon/Nylon,PO-2026-1025,WAMPUM SYNTEX PRIVATE LIMITED,goods_received,BOX-PO-2026-1025-EW66008-1772268177740-25,69a2aa91a47ecd5436f72797,EW66008,WN93388,0,21.53,0,21.53,qc_approved,2026-02-28,Unallocated
20/70-Raw White-Raw White-Nylon/Spandex,PO-2026-1024,VALSON POLYESTER PRIVATE LIMITED,goods_partially_received,BOX-PO-2026-1024-N/6412-1772259393927-6,69a28841a47ecd5436f72055,N/6412,LT White,16,7.817999999999998,,7.817999999999998,qc_approved,2026-02-28,Unallocated
20/70-Raw White-Raw White-Nylon/Spandex,PO-2026-1024,VALSON POLYESTER PRIVATE LIMITED,goods_partially_received,BOX-PO-2026-1024-N/6412-1772259393927-7,69a28841a47ecd5436f72056,N/6412,LT White,0,37.928,0,37.928,qc_approved,2026-02-28,Unallocated
Soft top-Raw White-Raw White-Rubber/Soft top,PO-2026-1024,VALSON POLYESTER PRIVATE LIMITED,goods_partially_received,BOX-PO-2026-1024-NC/1516-1772259393927-9,69a28841a47ecd5436f72059,NC/1516,Raw White,39,10.086,,10.086,qc_approved,2026-02-28,Unallocated
Soft top-Brown-Brown-Rubber/Soft top,PO-2026-1024,VALSON POLYESTER PRIVATE LIMITED,goods_partially_received,BOX-PO-2026-1024-NC/1594-1772259393927-10,69a28841a47ecd5436f7205b,NC/1594,VNY7341,0,24.812,0,24.812,qc_approved,2026-02-28,Unallocated
20/40-Raw White-Raw White-Nylon/Spandex,PO-2026-1024,VALSON POLYESTER PRIVATE LIMITED,goods_partially_received,BOX-PO-2026-1024-CN/1950-1772259393927-1,69a28841a47ecd5436f7204c,CN/1950,Raw White,0,13.753,0,13.753,qc_approved,2026-02-28,Unallocated
30s-Blue Melange-Blue Melange-Cotton/Combed Melange,PO-2026-1021,TECHNOCRAFT INDUSTRIES (INDIA) LIMITED,goods_received,BOX-PO-2026-1021-A22277-1772198786173-1,69a19b82a47ecd5436f6ed49,A22277,TCC01BL73 / DTMCC-2446D,0,7.07,0,7.07,qc_approved,2026-02-27,Unallocated
30s-Dark Green-Ponderosa Pine-Cotton/Compact,PO-2026-1020,SUTLEJ TEXTILES AND INDUSTRIES LIMITED,goods_partially_received,BOX-PO-2026-1020-95441-1772196876820-21,69a1940ca47ecd5436f6e51b,95441,SDY56778-A,0,7.645,0,7.645,qc_approved,2026-02-27,Unallocated
20/70-Navy-Navy-Nylon/Spandex,PO-2026-1018,WAMPUM SYNTEX PRIVATE LIMITED,goods_received,BOX-PO-2026-1018-EW63939-1772192704420-2,69a183c0a47ecd5436f6da7a,EW63939,WN93329,0,5.84,0,5.84,qc_approved,2026-02-27,Unallocated
20s-Anthra Melange-Anthra Melange-Cotton/Combed Melange,PO-2026-1019,RSWM LTD.,goods_received,BOX-PO-2026-1019-11105-1772191950264-1,69a180cea47ecd5436f6d910,11105,86100006,0,75.024,0,75.024,qc_approved,2026-02-27,Unallocated
20s-Baby Pink-Baby Pink-Cotton/Compact,PO-2026-1019,RSWM LTD.,goods_received,BOX-PO-2026-1019-2254102606-1772191950264-2,69a180cea47ecd5436f6d912,2254102606,8130281 / YS25437-A,0,14.023,0,14.023,qc_approved,2026-02-27,Unallocated
20s-Bottle Green-Bottle Green-Cotton/Compact,PO-2026-1004,SUTLEJ TEXTILES AND INDUSTRIES LIMITED,goods_partially_received,BOX-PO-2026-1004-94847-1772182148643-1,69a15a8480445e52870b4394,94847,SDY56172,0,21.36,0,21.36,qc_approved,2026-02-27,Unallocated
20s-Skin Melange-Skin Melange-Cotton/Combed Melange,PO-2026-1004,SUTLEJ TEXTILES AND INDUSTRIES LIMITED,goods_partially_received,BOX-PO-2026-1004-T5481-1772182148643-4,69a15a8480445e52870b439a,T5481,CM11BR15,24,5.156999999999989,46.035,5.156999999999989,qc_approved,2026-02-27,Unallocated
70/2-Light Grey Melange-Light Grey Melange-Nylon/Nylon,PO-2026-1015,WAMPUM SYNTEX PRIVATE LIMITED,goods_partially_received,BOX-PO-2026-1015-EW157736-1772181529649-2,69a1581980445e52870b2d0b,EW157736,WN96693,0,13.862000000000002,0,13.862000000000002,qc_approved,2026-02-27,Unallocated
70/2-Beige-Travertine-Nylon/Nylon,PO-2026-1015,WAMPUM SYNTEX PRIVATE LIMITED,goods_partially_received,BOX-PO-2026-1015-EW15103-1772181529649-1,69a1581980445e52870b2d09,EW15103,WN95012,0,11.763000000000002,0,11.763000000000002,qc_approved,2026-02-27,Unallocated
70/2-Brown-Brown-Nylon/Nylon,PO-2026-1013,VALSON POLYESTER PRIVATE LIMITED,goods_partially_received,BOX-PO-2026-1013-NL56937-1772181218639-10,69a156e280445e52870b2afa,NL56937,VNY7341,0,20.969999899999998,0,20.969999899999998,qc_approved,2026-02-27,Unallocated
20s-Black-Black-Bamboo/Bamboo,PO-2026-1005,RSWM LTD.,goods_partially_received,BOX-PO-2026-1005-M-2454107621-1772107156858-3,69a035947317942502214809,M-2454107621,8780385,0,7.708,0,7.708,qc_approved,2026-02-26,Unallocated
30s-White-White-Cotton/Compact,PO-2026-198,"GOKAK TEXTILE LTD,",goods_received,BOX-PO-2026-198-2544586-1772102510250-8,69a0236e249d7321ce927dd6,2544586,G00001X,0,39.372,0,39.372,qc_approved,2026-02-26,Unallocated
30s-White-White-Cotton/Compact,PO-2026-198,"GOKAK TEXTILE LTD,",goods_received,BOX-PO-2026-198-2544587-1772102510250-13,69a0236e249d7321ce927ddc,2544587,G00001X,0,38.862,0,38.862,qc_approved,2026-02-26,Unallocated
30s-White-White-Cotton/Compact,PO-2026-198,"GOKAK TEXTILE LTD,",goods_received,BOX-PO-2026-198-2544586-1772102510250-5,69a0236e249d7321ce927dd3,2544586,G00001X,0,36.018,0,36.018,qc_approved,2026-02-26,Unallocated
70/2-Maroon-Maroon-Nylon/Nylon,PO-2026-1002,VALSON POLYESTER PRIVATE LIMITED,goods_received,BOX-PO-2026-1002-NL58775-1772096019950-1,69a00a13249d7321ce92608f,NL58775,NXD4998,24,15.242999999999999,,15.242999999999999,qc_approved,2026-02-26,Unallocated
20s-White-White-Cotton/Compact,PO-2026-306,VARDHMAN TEXTILES LIMITED,goods_received,BOX-PO-2026-306-M0115814-1772083583688-8,699fd97f587b8d1a74042b93,M0115814,MRL03339,0,1.5750000000000002,0,1.5750000000000002,qc_approved,2026-02-26,Unallocated
20s-White-White-Cotton/Compact,PO-2026-306,VARDHMAN TEXTILES LIMITED,goods_received,BOX-PO-2026-306-M0115814-1772083583688-2,699fd97f587b8d1a74042b8d,M0115814,MRL03339,0,31.005,0,31.005,qc_approved,2026-02-26,Unallocated
20s-White-White-Cotton/Compact,PO-2026-306,VARDHMAN TEXTILES LIMITED,goods_received,BOX-PO-2026-306-M0115814-1772083583688-5,699fd97f587b8d1a74042b90,M0115814,MRL03339,0,31.108,0,31.108,qc_approved,2026-02-26,Unallocated
20s-Pastel Green Melange-Pastel Green Melange-Cotton/Combed Melange,PO-2026-869,SUTLEJ TEXTILES AND INDUSTRIES LIMITED,goods_partially_received,BOX-PO-2026-869-U5232-1772024352638-11,699ef220587b8d1a7403f572,U5232,CM1GR02,0,4.837999999999997,0,4.837999999999997,qc_approved,2026-02-25,Unallocated
30s-Dark Brown-Chocolate Brown-Cotton/Compact,PO-2026-869,SUTLEJ TEXTILES AND INDUSTRIES LIMITED,goods_partially_received,BOX-PO-2026-869-94389-1772024352638-3,699ef220587b8d1a7403f567,94389,SDY60357-A,40,11.815999999999999,,11.815999999999999,qc_approved,2026-02-25,Unallocated
30s-Dark Brown-Chocolate Brown-Cotton/Compact,PO-2026-869,SUTLEJ TEXTILES AND INDUSTRIES LIMITED,goods_partially_received,BOX-PO-2026-869-94389-1772024352638-4,699ef220587b8d1a7403f568,94389,SDY60357-A,10,4.454,,4.454,qc_approved,2026-02-25,Unallocated
20s-Sky Blue-Sky Blue-Cotton/Compact,PO-2026-869,SUTLEJ TEXTILES AND INDUSTRIES LIMITED,goods_partially_received,BOX-PO-2026-869-94435-1772024352638-7,699ef220587b8d1a7403f56d,94435,SDY51914-A,0,30.935000000000006,0,30.935000000000006,qc_approved,2026-02-25,Unallocated
20s-Dark Grey-Dark Grey-Cotton/Compact,PO-2026-998,SUTLEJ TEXTILES AND INDUSTRIES LIMITED,goods_received,BOX-PO-2026-998-92623-1772022033048-1,699ee911587b8d1a7403ee42,92623,SDY50111-A,0,0.40300000000000047,0,0.40300000000000047,qc_approved,2026-02-25,Unallocated
20s-Beige-Beige-Cotton/Compact,PO-2026-869,SUTLEJ TEXTILES AND INDUSTRIES LIMITED,goods_partially_received,BOX-PO-2026-869-94436-1772014485510-9,699ecb95bbffbc1a172001a5,94436,SDY50144-B,40,26.133000000000003,,26.133000000000003,qc_approved,2026-02-25,Unallocated
20s-Beige-Beige-Cotton/Compact,PO-2026-869,SUTLEJ TEXTILES AND INDUSTRIES LIMITED,goods_partially_received,BOX-PO-2026-869-94436-1772014485510-3,699ecb95bbffbc1a1720019f,94436,SDY50144-B,40,5.528000000000006,,5.528000000000006,qc_approved,2026-02-25,Unallocated
20s-Beige-Beige-Cotton/Compact,PO-2026-869,SUTLEJ TEXTILES AND INDUSTRIES LIMITED,goods_partially_received,BOX-PO-2026-869-94436-1772014485510-4,699ecb95bbffbc1a172001a0,94436,SDY50144-B,40,0.747000000000007,,0.747000000000007,qc_approved,2026-02-25,Unallocated
20s-Beige-Beige-Cotton/Compact,PO-2026-869,SUTLEJ TEXTILES AND INDUSTRIES LIMITED,goods_partially_received,BOX-PO-2026-869-94436-1772014485510-5,699ecb95bbffbc1a172001a1,94436,SDY50144-B,40,21.929,,21.929,qc_approved,2026-02-25,Unallocated
20s-Beige-Beige-Cotton/Compact,PO-2026-869,SUTLEJ TEXTILES AND INDUSTRIES LIMITED,goods_partially_received,BOX-PO-2026-869-94436-1772014485510-6,699ecb95bbffbc1a172001a2,94436,SDY50144-B,40,1.3700000000000045,,1.3700000000000045,qc_approved,2026-02-25,Unallocated
20s-Anthra Melange-Anthra Melange-Cotton/Combed Melange,PO-2026-419,RSWM LTD.,goods_received,BOX-PO-2026-419-2552307704-1772013950260-1,699ec97ebbffbc1a171ffe6c,2552307704,86100006,0,20.737000000000002,0,20.737000000000002,qc_approved,2026-02-25,Unallocated
30s-Blue Melange-Blue Melange-Cotton/Combed Melange,PO-2026-419,RSWM LTD.,goods_received,BOX-PO-2026-419-2562102291-1772013950260-2,699ec97ebbffbc1a171ffe6e,2562102291,88200182,24,18.035999999999994,61.98,18.035999999999994,qc_approved,2026-02-25,Unallocated
30s-Blue Melange-Blue Melange-Cotton/Combed Melange,PO-2026-419,RSWM LTD.,goods_received,BOX-PO-2026-419-2562102291-1772013950260-6,699ec97ebbffbc1a171ffe72,2562102291,88200182,0,2.9819999999999993,0,2.9819999999999993,qc_approved,2026-02-25,Unallocated
30s-Blue Melange-Blue Melange-Cotton/Combed Melange,PO-2026-419,RSWM LTD.,goods_received,BOX-PO-2026-419-2562102291-1772013950260-7,699ec97ebbffbc1a171ffe73,2562102291,88200182,0,11.362999999999992,0,11.362999999999992,qc_approved,2026-02-25,Unallocated
30s-Blue Melange-Blue Melange-Cotton/Combed Melange,PO-2026-419,RSWM LTD.,goods_received,BOX-PO-2026-419-2562102291-1772013950260-9,699ec97ebbffbc1a171ffe75,2562102291,88200182,0,27.571999999999996,0,27.571999999999996,qc_approved,2026-02-25,Unallocated
70/2-Light Brown Melange-Light Brown Melange-Nylon/Nylon,PO-2026-795,VALSON POLYESTER PRIVATE LIMITED,goods_received,BOX-PO-2026-795-NL58391-1772011225907-4,699ebed9bbffbc1a171fe71c,NL58391,VNY8034,0,8.510000000000002,0,8.510000000000002,qc_approved,2026-02-25,Unallocated
Soft top-Maroon-Deep Maroon-Rubber/Soft top,PO-2026-795,VALSON POLYESTER PRIVATE LIMITED,goods_received,BOX-PO-2026-795-NL11521-1772011225907-5,699ebed9bbffbc1a171fe71e,NL11521,VNY8035,0,3.8269999999999995,0,3.8269999999999995,qc_approved,2026-02-25,Unallocated
Soft top-Sky Blue-Sky Blue-Rubber/Soft top,PO-2026-795,VALSON POLYESTER PRIVATE LIMITED,goods_received,BOX-PO-2026-795-NL1529-1772011225907-8,699ebed9bbffbc1a171fe724,NL1529,VNY8047,0,2.121999999999999,0,2.121999999999999,qc_approved,2026-02-25,Unallocated
30s-Olive-Olive-Cotton/Compact,PO-2026-869,SUTLEJ TEXTILES AND INDUSTRIES LIMITED,goods_partially_received,BOX-PO-2026-869-94361-1772010691430-12,699ebcc3bbffbc1a171fd95a,94361,SDY50128-A,40,9.569999999999993,,9.569999999999993,qc_approved,2026-02-25,Unallocated
30s-Olive-Olive-Cotton/Compact,PO-2026-869,SUTLEJ TEXTILES AND INDUSTRIES LIMITED,goods_partially_received,BOX-PO-2026-869-94361-1772010691430-13,699ebcc3bbffbc1a171fd95b,94361,SDY50128-A,40,29.502000000000006,,29.502000000000006,qc_approved,2026-02-25,Unallocated
70/2-Peach-Peach-Nylon/Nylon,PO-2026-510,SARLA PERFORMANCE FIBERS LIMITED,goods_partially_received,BOX-PO-2026-510-LN01198-1772010398627-35,699ebb9ec926fc0fe858d281,LN01198,120915,6,1.1039999999999992,5.6,1.1039999999999992,qc_approved,2026-02-25,Unallocated
70/2-Light Green-Light Green-Nylon/Nylon,PO-2026-510,SARLA PERFORMANCE FIBERS LIMITED,goods_partially_received,BOX-PO-2026-510-LN00369-1772010398627-12,699ebb9ec926fc0fe858d255,LN00369,3159,31,3.2719999999999985,21.95,3.2719999999999985,qc_approved,2026-02-25,Unallocated
70/2-Denim Blue-Denim Blue-Nylon/Nylon,PO-2026-510,SARLA PERFORMANCE FIBERS LIMITED,goods_partially_received,BOX-PO-2026-510-LN15172-1772010398627-15,699ebb9ec926fc0fe858d25b,LN15172,256,0,4.961,0,4.961,qc_approved,2026-02-25,Unallocated
30s-Maroon-Maroon-Cotton/Compact,PO-2026-085,RSWM LTD.,goods_received,BOX-PO-2026-085-2154104320-1772010367932-1,699ebb7fc926fc0fe858d13f,2154104320,YS22412-A / 8730432,0,30.301,0,30.301,qc_approved,2026-02-25,Unallocated
70/2-Yellow-Sulphur-Nylon/Nylon,PO-2026-390,WAMPUM SYNTEX PRIVATE LIMITED,goods_partially_received,BOX-PO-2026-390-10857-1772010094373-13,699eba6ec926fc0fe858cc3b,10857,WN94807,0,0.9789999999999999,0,0.9789999999999999,qc_approved,2026-02-25,Unallocated
70/4-Beige-Beige-Nylon/Nylon,PO-2026-390,WAMPUM SYNTEX PRIVATE LIMITED,goods_partially_received,BOX-PO-2026-390-EN37689-1772010094373-14,699eba6ec926fc0fe858cc3d,EN37689,WN1881,0,1.834,0,1.834,qc_approved,2026-02-25,Unallocated
70/2-Dark Green-Ponderosa Pine-Nylon/Nylon,PO-2026-390,WAMPUM SYNTEX PRIVATE LIMITED,goods_partially_received,BOX-PO-2026-390-EW16295-1772010094373-17,699eba6ec926fc0fe858cc43,EW16295,WN94793,0,4.702999999999999,0,4.702999999999999,qc_approved,2026-02-25,Unallocated
20/70-Maroon-Maroon-Nylon/Spandex,PO-2026-390,WAMPUM SYNTEX PRIVATE LIMITED,goods_partially_received,BOX-PO-2026-390-EW01161-1772010094373-2,699eba6ec926fc0fe858cc26,EW01161,WN0614,0,7.254999999999998,0,7.254999999999998,qc_approved,2026-02-25,Unallocated
70/2-Sky Blue-Sky Blue-Nylon/Nylon,PO-2026-390,WAMPUM SYNTEX PRIVATE LIMITED,goods_partially_received,BOX-PO-2026-390-DW69736-1772010094373-6,699eba6ec926fc0fe858cc2e,DW69736,WN0053,0,16.038,0,16.038,qc_approved,2026-02-25,Unallocated
70/2-Sky Blue-Sky Blue-Nylon/Nylon,PO-2026-390,WAMPUM SYNTEX PRIVATE LIMITED,goods_partially_received,BOX-PO-2026-390-DW69736-1772010094373-7,699eba6ec926fc0fe858cc2f,DW69736,WN0053,0,8.849,0,8.849,qc_approved,2026-02-25,Unallocated
70/1-Brown-Brown-Nylon/Nylon,PO-2026-390,WAMPUM SYNTEX PRIVATE LIMITED,goods_partially_received,BOX-PO-2026-390-EW50230-1772010094373-9,699eba6ec926fc0fe858cc33,EW50230,WN0042,0,19.173,0,19.173,qc_approved,2026-02-25,Unallocated
30s-Brown-Brown-Cotton/Compact,PO-2026-309,RSWM LTD.,goods_received,BOX-PO-2026-309-2554104412-1772006879358-7,699eaddfc926fc0fe8589863,2554104412,8590196 / YS26410-C,0,15.029999999999998,0,15.029999999999998,qc_approved,2026-02-25,Unallocated
30s-White-White-Cotton/Compact,PO-2026-893,VARDHMAN TEXTILES LIMITED,goods_received,BOX-PO-2026-893-M0114579-1772000046312-5,699e932ec926fc0fe857a939,M0114579,MRL03363,0,16.380000000000003,0,16.380000000000003,qc_approved,2026-02-25,Unallocated
30s-White-White-Cotton/Compact,PO-2026-172,SHRI DAMODAR YARN MFG PVT LTD,goods_received,BOX-PO-2026-172-24257307-1771999680449-1,699e91c0c926fc0fe857a75a,24257307,CSD-42589,0,5.662,0,5.662,qc_approved,2026-02-25,Unallocated
30s-Peacock Blue-Peacock Blue-Cotton/Compact,PO-2026-351,NAHAR SPINNING MILLS LIMITED,goods_partially_received,BOX-PO-2026-351-73893-1771999134931-9,699e8f9ec926fc0fe857984f,73893,NE-52937-D,0,1.3780000000000001,0,1.3780000000000001,qc_approved,2026-02-25,Unallocated
30s-Bluefin-Bluefin-Cotton/Compact,PO-2026-405,SUTLEJ TEXTILES AND INDUSTRIES LIMITED,goods_partially_received,BOX-PO-2026-405-92139-1771995153144-59,699e8011c926fc0fe857248a,92139,SDY60381A,0,0.764,0,0.764,qc_approved,2026-02-25,Unallocated
30s-Anthra Melange-Anthra Melange-Cotton/Combed Melange,PO-2026-405,SUTLEJ TEXTILES AND INDUSTRIES LIMITED,goods_partially_received,BOX-PO-2026-405-7514-1771995153144-45,699e8011c926fc0fe857246f,7514,DM-68500-I,0,1.96,0,1.96,qc_approved,2026-02-25,Unallocated
30s-Pastel Green-Tea-Cotton/Compact,PO-2026-405,SUTLEJ TEXTILES AND INDUSTRIES LIMITED,goods_partially_received,BOX-PO-2026-405-90267-1771995153144-47,699e8011c926fc0fe8572473,90267,SDY60358-A,0,10.721,0,10.721,qc_approved,2026-02-25,Unallocated
30s-Greyish Brown Melange-Greyish Brown Melange-Cotton/Cotton Birla Modal Melange,PO-2026-405,SUTLEJ TEXTILES AND INDUSTRIES LIMITED,goods_partially_received,BOX-PO-2026-405-T1335-1771995153144-33,699e8011c926fc0fe8572457,T1335,PMF2BR28,0,8.761,0,8.761,qc_approved,2026-02-25,Unallocated
30s-Navy-Navy-Cotton/Compact,PO-2026-405,SUTLEJ TEXTILES AND INDUSTRIES LIMITED,goods_partially_received,BOX-PO-2026-405-92920-1771995153144-36,699e8011c926fc0fe857245d,92920,SDY53391-A,0,1.6219999999999999,0,1.6219999999999999,qc_approved,2026-02-25,Unallocated
30s-Black-Black-Cotton/Compact,PO-2026-405,SUTLEJ TEXTILES AND INDUSTRIES LIMITED,goods_partially_received,BOX-PO-2026-405-94001-1771995153144-5,699e8011c926fc0fe8572424,94001,SDY55525,0,4.84,0,4.84,qc_approved,2026-02-25,Unallocated
20/70-Olive-Olive-Nylon/Spandex,PO-2026-535,WAMPUM SYNTEX PRIVATE LIMITED,goods_received,BOX-PO-2026-535-EW67211-1771995118585-1,699e7feec926fc0fe8572390,EW67211,WN9610,20,12.960000000000003,,12.960000000000003,qc_approved,2026-02-25,Unallocated
30s-Olive-Olive-Cotton/Compact,PO-2026-712,SUTLEJ TEXTILES AND INDUSTRIES LIMITED,goods_received,BOX-PO-2026-712-91413-1771994212415-21,699e7c64c926fc0fe8571b57,91413,SDY50128-A,0,16.343,0,16.343,qc_approved,2026-02-25,Unallocated
30s-Beige-Beige-Cotton/Compact,PO-2026-405,SUTLEJ TEXTILES AND INDUSTRIES LIMITED,goods_partially_received,BOX-PO-2026-405-95201-1771939391575-1,699da63fc926fc0fe856e08a,95201,SDY50144-B,0,58.009,0,58.009,qc_approved,2026-02-24,Unallocated
30s-Deep Grey-Eiffel Tower (Deep Grey)-Cotton/Compact,PO-2026-197,SUTLEJ TEXTILES AND INDUSTRIES LIMITED,goods_received,BOX-PO-2026-197-94539-1771934353577-2,699d9291c926fc0fe856c438,94539,SDY61531,0,43.346999999999994,0,43.346999999999994,qc_approved,2026-02-24,Unallocated
30s-Deep Grey-Eiffel Tower (Deep Grey)-Cotton/Compact,PO-2026-197,SUTLEJ TEXTILES AND INDUSTRIES LIMITED,goods_received,BOX-PO-2026-197-94539-1771934353577-3,699d9291c926fc0fe856c439,94539,SDY61531,0,32.512,0,32.512,qc_approved,2026-02-24,Unallocated
30s-Deep Grey-Eiffel Tower (Deep Grey)-Cotton/Compact,PO-2026-197,SUTLEJ TEXTILES AND INDUSTRIES LIMITED,goods_received,BOX-PO-2026-197-94539-1771934353577-6,699d9291c926fc0fe856c43c,94539,SDY61531,0,43.076,0,43.076,qc_approved,2026-02-24,Unallocated
30s-Navy-Navy-Cotton/Compact,PO-2026-869,SUTLEJ TEXTILES AND INDUSTRIES LIMITED,goods_partially_received,BOX-PO-2026-869-94385-1771934078209-45,699d917ec926fc0fe856c327,94385,SDY53391-A,0,35.339999999999996,0,35.339999999999996,qc_approved,2026-02-24,Unallocated
30s-Navy-Navy-Cotton/Compact,PO-2026-869,SUTLEJ TEXTILES AND INDUSTRIES LIMITED,goods_partially_received,BOX-PO-2026-869-94385-1771934078209-46,699d917ec926fc0fe856c328,94385,SDY53391-A,0,42.472,0,42.472,qc_approved,2026-02-24,Unallocated
30s-Navy-Navy-Cotton/Compact,PO-2026-869,SUTLEJ TEXTILES AND INDUSTRIES LIMITED,goods_partially_received,BOX-PO-2026-869-94385-1771934078209-36,699d917ec926fc0fe856c31e,94385,SDY53391-A,0,25.598999999999997,0,25.598999999999997,qc_approved,2026-02-24,Unallocated
30s-Navy-Navy-Cotton/Compact,PO-2026-869,SUTLEJ TEXTILES AND INDUSTRIES LIMITED,goods_partially_received,BOX-PO-2026-869-94385-1771934078209-38,699d917ec926fc0fe856c320,94385,SDY53391-A,0,40.338,0,40.338,qc_approved,2026-02-24,Unallocated
30s-Navy-Navy-Cotton/Compact,PO-2026-869,SUTLEJ TEXTILES AND INDUSTRIES LIMITED,goods_partially_received,BOX-PO-2026-869-94385-1771934078209-39,699d917ec926fc0fe856c321,94385,SDY53391-A,0,42.651999999999994,0,42.651999999999994,qc_approved,2026-02-24,Unallocated
30s-Navy-Navy-Cotton/Compact,PO-2026-869,SUTLEJ TEXTILES AND INDUSTRIES LIMITED,goods_partially_received,BOX-PO-2026-869-94385-1771934078209-40,699d917ec926fc0fe856c322,94385,SDY53391-A,0,42.496,0,42.496,qc_approved,2026-02-24,Unallocated
30s-Navy-Navy-Cotton/Compact,PO-2026-869,SUTLEJ TEXTILES AND INDUSTRIES LIMITED,goods_partially_received,BOX-PO-2026-869-94385-1771934078209-42,699d917ec926fc0fe856c324,94385,SDY53391-A,0,40.477000000000004,0,40.477000000000004,qc_approved,2026-02-24,Unallocated
30s-Navy-Navy-Cotton/Compact,PO-2026-869,SUTLEJ TEXTILES AND INDUSTRIES LIMITED,goods_partially_received,BOX-PO-2026-869-94385-1771934078209-25,699d917ec926fc0fe856c313,94385,SDY53391-A,0,42.381,0,42.381,qc_approved,2026-02-24,Unallocated
30s-Navy-Navy-Cotton/Compact,PO-2026-869,SUTLEJ TEXTILES AND INDUSTRIES LIMITED,goods_partially_received,BOX-PO-2026-869-94385-1771934078209-27,699d917ec926fc0fe856c315,94385,SDY53391-A,0,23.897000000000006,0,23.897000000000006,qc_approved,2026-02-24,Unallocated
30s-Navy-Navy-Cotton/Compact,PO-2026-869,SUTLEJ TEXTILES AND INDUSTRIES LIMITED,goods_partially_received,BOX-PO-2026-869-94385-1771934078209-29,699d917ec926fc0fe856c317,94385,SDY53391-A,0,38.224000000000004,0,38.224000000000004,qc_approved,2026-02-24,Unallocated
30s-Navy-Navy-Cotton/Compact,PO-2026-869,SUTLEJ TEXTILES AND INDUSTRIES LIMITED,goods_partially_received,BOX-PO-2026-869-94385-1771934078209-30,699d917ec926fc0fe856c318,94385,SDY53391-A,0,24.237,0,24.237,qc_approved,2026-02-24,Unallocated
30s-Navy-Navy-Cotton/Compact,PO-2026-869,SUTLEJ TEXTILES AND INDUSTRIES LIMITED,goods_partially_received,BOX-PO-2026-869-94385-1771934078209-32,699d917ec926fc0fe856c31a,94385,SDY53391-A,0,39.177,0,39.177,qc_approved,2026-02-24,Unallocated
20s-Black-Black-Cotton/Compact,PO-2026-869,SUTLEJ TEXTILES AND INDUSTRIES LIMITED,goods_partially_received,BOX-PO-2026-869-94358-1771934078209-15,699d917ec926fc0fe856c308,94358,SDY55525,0,36.955,0,36.955,qc_approved,2026-02-24,Unallocated
20s-Black-Black-Cotton/Compact,PO-2026-869,SUTLEJ TEXTILES AND INDUSTRIES LIMITED,goods_partially_received,BOX-PO-2026-869-94358-1771934078209-16,699d917ec926fc0fe856c309,94358,SDY55525,0,40.372,0,40.372,qc_approved,2026-02-24,Unallocated
20s-Black-Black-Cotton/Compact,PO-2026-869,SUTLEJ TEXTILES AND INDUSTRIES LIMITED,goods_partially_received,BOX-PO-2026-869-94358-1771934078209-17,699d917ec926fc0fe856c30a,94358,SDY55525,0,41.348,0,41.348,qc_approved,2026-02-24,Unallocated
20s-Black-Black-Cotton/Compact,PO-2026-869,SUTLEJ TEXTILES AND INDUSTRIES LIMITED,goods_partially_received,BOX-PO-2026-869-94358-1771934078209-20,699d917ec926fc0fe856c30d,94358,SDY55525,0,42.469,0,42.469,qc_approved,2026-02-24,Unallocated
20s-Black-Black-Cotton/Compact,PO-2026-869,SUTLEJ TEXTILES AND INDUSTRIES LIMITED,goods_partially_received,BOX-PO-2026-869-94358-1771934078209-21,699d917ec926fc0fe856c30e,94358,SDY55525,0,37.06099999999999,0,37.06099999999999,qc_approved,2026-02-24,Unallocated
20s-Black-Black-Cotton/Compact,PO-2026-869,SUTLEJ TEXTILES AND INDUSTRIES LIMITED,goods_partially_received,BOX-PO-2026-869-94358-1771934078209-22,699d917ec926fc0fe856c30f,94358,SDY55525,0,44.745999999999995,0,44.745999999999995,qc_approved,2026-02-24,Unallocated
30s-Navy-Navy-Cotton/Compact,PO-2026-869,SUTLEJ TEXTILES AND INDUSTRIES LIMITED,goods_partially_received,BOX-PO-2026-869-94385-1771934078209-24,699d917ec926fc0fe856c312,94385,SDY53391-A,0,40.579,0,40.579,qc_approved,2026-02-24,Unallocated
20s-Black-Black-Cotton/Compact,PO-2026-869,SUTLEJ TEXTILES AND INDUSTRIES LIMITED,goods_partially_received,BOX-PO-2026-869-94358-1771934078209-7,699d917ec926fc0fe856c300,94358,SDY55525,0,40.478,0,40.478,qc_approved,2026-02-24,Unallocated
20s-Black-Black-Cotton/Compact,PO-2026-869,SUTLEJ TEXTILES AND INDUSTRIES LIMITED,goods_partially_received,BOX-PO-2026-869-94358-1771934078209-9,699d917ec926fc0fe856c302,94358,SDY55525,0,37.49,0,37.49,qc_approved,2026-02-24,Unallocated
20s-Black-Black-Cotton/Compact,PO-2026-869,SUTLEJ TEXTILES AND INDUSTRIES LIMITED,goods_partially_received,BOX-PO-2026-869-94358-1771934078209-13,699d917ec926fc0fe856c306,94358,SDY55525,0,35.931000000000004,0,35.931000000000004,qc_approved,2026-02-24,Unallocated
20s-Black-Black-Cotton/Compact,PO-2026-869,SUTLEJ TEXTILES AND INDUSTRIES LIMITED,goods_partially_received,BOX-PO-2026-869-94358-1771934078209-14,699d917ec926fc0fe856c307,94358,SDY55525,0,43.769999999999996,0,43.769999999999996,qc_approved,2026-02-24,Unallocated
20s-Black-Black-Cotton/Compact,PO-2026-869,SUTLEJ TEXTILES AND INDUSTRIES LIMITED,goods_partially_received,BOX-PO-2026-869-94358-1771934078209-1,699d917ec926fc0fe856c2fa,94358,SDY55525,0,39.513,0,39.513,qc_approved,2026-02-24,Unallocated
20s-Black-Black-Cotton/Compact,PO-2026-869,SUTLEJ TEXTILES AND INDUSTRIES LIMITED,goods_partially_received,BOX-PO-2026-869-94358-1771934078209-3,699d917ec926fc0fe856c2fc,94358,SDY55525,0,33.724999999999994,0,33.724999999999994,qc_approved,2026-02-24,Unallocated
20s-Black-Black-Cotton/Compact,PO-2026-869,SUTLEJ TEXTILES AND INDUSTRIES LIMITED,goods_partially_received,BOX-PO-2026-869-94358-1771934078209-5,699d917ec926fc0fe856c2fe,94358,SDY55525,0,41.686,0,41.686,qc_approved,2026-02-24,Unallocated
30s-White-White-Cotton/Compact,PO-2026-771,VARDHMAN TEXTILES LIMITED,goods_received,BOX-PO-2026-771-M0116001-1771927862096-13,699d7936a4fa520dcb8c8a2a,M0116001,MRL03363,0,24.086000000000002,0,24.086000000000002,qc_approved,2026-02-24,Unallocated
30s-White-White-Cotton/Compact,PO-2026-771,VARDHMAN TEXTILES LIMITED,goods_received,BOX-PO-2026-771-M0116001-1771927862096-1,699d7936a4fa520dcb8c8a1e,M0116001,MRL03363,21,21.407,26.455,21.407,qc_approved,2026-02-24,Unallocated
30s-White-White-Cotton/Compact,PO-2026-771,VARDHMAN TEXTILES LIMITED,goods_received,BOX-PO-2026-771-M0116001-1771927862096-2,699d7936a4fa520dcb8c8a1f,M0116001,MRL03363,0,23.686,0,23.686,qc_approved,2026-02-24,Unallocated
30s-White-White-Cotton/Compact,PO-2026-771,VARDHMAN TEXTILES LIMITED,goods_received,BOX-PO-2026-771-M0116001-1771927862096-3,699d7936a4fa520dcb8c8a20,M0116001,MRL03363,0,24.918,0,24.918,qc_approved,2026-02-24,Unallocated
30s-White-White-Cotton/Compact,PO-2026-771,VARDHMAN TEXTILES LIMITED,goods_received,BOX-PO-2026-771-M0116001-1771927862096-4,699d7936a4fa520dcb8c8a21,M0116001,MRL03363,0,24.854,0,24.854,qc_approved,2026-02-24,Unallocated
30s-White-White-Cotton/Compact,PO-2026-771,VARDHMAN TEXTILES LIMITED,goods_received,BOX-PO-2026-771-M0116001-1771927862096-5,699d7936a4fa520dcb8c8a22,M0116001,MRL03363,0,25.008,0,25.008,qc_approved,2026-02-24,Unallocated
30s-White-White-Cotton/Compact,PO-2026-771,VARDHMAN TEXTILES LIMITED,goods_received,BOX-PO-2026-771-M0116001-1771927862096-6,699d7936a4fa520dcb8c8a23,M0116001,MRL03363,0,25.121000000000002,0,25.121000000000002,qc_approved,2026-02-24,Unallocated
30s-White-White-Cotton/Compact,PO-2026-771,VARDHMAN TEXTILES LIMITED,goods_received,BOX-PO-2026-771-M0116001-1771927862096-8,699d7936a4fa520dcb8c8a25,M0116001,MRL03363,0,22.9159999,0,22.9159999,qc_approved,2026-02-24,Unallocated
30s-White-White-Cotton/Compact,PO-2026-771,VARDHMAN TEXTILES LIMITED,goods_received,BOX-PO-2026-771-M0116001-1771927862096-9,699d7936a4fa520dcb8c8a26,M0116001,MRL03363,0,9.305,0,9.305,qc_approved,2026-02-24,Unallocated
70/2-Sky Blue-Sky Blue-Nylon/Nylon,PO-2026-607,WAMPUM SYNTEX PRIVATE LIMITED,goods_partially_received,BOX-PO-2026-607-EW15576/24-1771916110137-3,699d4b4e4583baeaf6e9084a,EW15576/24,WN0053,24,14.117999999999999,,14.117999999999999,qc_approved,2026-02-24,Unallocated
20/40-Beige-Beige-Nylon/Spandex,PO-2026-607,WAMPUM SYNTEX PRIVATE LIMITED,goods_partially_received,BOX-PO-2026-607-DW59738-1771914965788-1,699d46d54583baeaf6e8dcc9,DW59738,WN1881,0,10.386000000000003,0,10.386000000000003,qc_approved,2026-02-24,Unallocated
20/40-Raw White-Raw White-Nylon/Spandex,PO-2026-607,WAMPUM SYNTEX PRIVATE LIMITED,goods_partially_received,BOX-PO-2026-607-SP00139-1771914729157-1,699d45e94583baeaf6e8d7f4,SP00139,Raw White,28,15.720999999999998,26.415,15.720999999999998,qc_approved,2026-02-24,Unallocated
20s-Brown-Brown-Cotton/Compact,PO-2026-419,RSWM LTD.,goods_received,BOX-PO-2026-419-2554106329-1771908040410-5,699d2bc84583baeaf6e8a766,2554106329,8590196 / YS26410-C,0,45.246,0,45.246,qc_approved,2026-02-24,Unallocated
20s-Brown-Brown-Cotton/Compact,PO-2026-419,RSWM LTD.,goods_received,BOX-PO-2026-419-2554106329-1771908040410-6,699d2bc84583baeaf6e8a767,2554106329,8590196 / YS26410-C,0,40.478,0,40.478,qc_approved,2026-02-24,Unallocated
20s-Brown-Brown-Cotton/Compact,PO-2026-419,RSWM LTD.,goods_received,BOX-PO-2026-419-2554106329-1771908040410-1,699d2bc84583baeaf6e8a762,2554106329,8590196 / YS26410-C,0,42.260000000000005,0,42.260000000000005,qc_approved,2026-02-24,Unallocated
20s-Black-Black-Cotton/Compact,PO-2026-087,RSWM LTD.,goods_received,BOX-PO-2026-087-2554106476-1771907440037-2,699d29704583baeaf6e8a6b1,2554106476,8780340 / YS26174-A,0,52.302,0,52.302,qc_approved,2026-02-24,Unallocated
20s-Black-Black-Cotton/Compact,PO-2026-087,RSWM LTD.,goods_received,BOX-PO-2026-087-2554106476-1771907440037-5,699d29704583baeaf6e8a6b4,2554106476,8780340 / YS26174-A,0,48.161,0,48.161,qc_approved,2026-02-24,Unallocated
70/1-Black-Black-Nylon/Nylon,PO-2026-214,WAMPUM SYNTEX PRIVATE LIMITED,goods_partially_received,BOX-PO-2026-214-EW11364-1771845770650-7,699c388a4583baeaf6e7dc66,EW11364,WN93388,0,16.798,0,16.798,qc_approved,2026-02-23,Unallocated
20s-Purple-Fushia-Cotton/Compact,PO-2026-565,MARAL OVERSEAS LTD.,goods_received,BOX-PO-2026-565-1906178-1771844620166-1,699c340c4583baeaf6e7d5b1,1906178,DYL-25556-C,0,10.092000000000002,0,10.092000000000002,qc_approved,2026-02-23,Unallocated
2/40s-Black-Black-Cotton/Gassed Mercerized Cotton,PO-2026-882,VARDHMAN TEXTILES LIMITED,goods_received,BOX-PO-2026-882-MU2601295-1771830692373-2,699bfda44583baeaf6e71a71,MU2601295,WNASP47245,40,30.261000000000003,,30.261000000000003,qc_approved,2026-02-23,Unallocated
2/40s-Black-Black-Cotton/Gassed Mercerized Cotton,PO-2026-882,VARDHMAN TEXTILES LIMITED,goods_received,BOX-PO-2026-882-MU2601295-1771830692373-7,699bfda44583baeaf6e71a76,MU2601295,WNASP47245,37,37.433,,37.433,qc_approved,2026-02-23,Unallocated
20s-Cream-Cream-Cotton/Compact,PO-2026-953,RSWM LTD.,goods_partially_received,BOX-PO-2026-953-2254104336-1771752244254-1,699acb344583baeaf6e65920,2254104336,8110210,0,3.945,0,3.945,qc_approved,2026-02-22,Unallocated
20s-Cream-Cream-Cotton/Compact,PO-2026-953,RSWM LTD.,goods_partially_received,BOX-PO-2026-953-2454107227-1771752244254-4,699acb344583baeaf6e65926,2454107227,8110210,0,8.235,0,8.235,qc_approved,2026-02-22,Unallocated
20s-MedIum Royal Blue-Medium Royal Blue-Cotton/Compact,PO-2026-953,RSWM LTD.,goods_partially_received,BOX-PO-2026-953-2254102389-1771752244254-5,699acb344583baeaf6e65928,2254102389,YS25463-B / 8560214,0,21.283999999999995,0,21.283999999999995,qc_approved,2026-02-22,Unallocated
20s-Pink-Pink-Cotton/Compact,PO-2026-702,MARAL OVERSEAS LTD.,goods_partially_received,BOX-PO-2026-702-DDM1906342-1771751360868-1,699ac7c04583baeaf6e64aa7,DDM1906342,DYL-28569-A,0,0.5820000000000001,0,0.5820000000000001,qc_approved,2026-02-22,Unallocated
20s-Pink-Pink-Cotton/Compact,PO-2026-702,MARAL OVERSEAS LTD.,goods_partially_received,BOX-PO-2026-702-DDM1906247-1771751360868-2,699ac7c04583baeaf6e64aa9,DDM1906247,DYL-28569-A,0,4.593999999999999,0,4.593999999999999,qc_approved,2026-02-22,Unallocated
2/40s-Slate Grey-Slate Grey-Cotton/Gassed Mercerized Cotton,PO-2026-557,VARDHMAN TEXTILES LIMITED,goods_partially_received,BOX-PO-2026-557-MU2410221-1771748679388-10,699abd474583baeaf6e62f4a,MU2410221,WNADD5139,24,5.499000000000002,,5.499000000000002,qc_approved,2026-02-22,Unallocated
20s-Maroon-Maroon-Cotton/Compact,PO-2026-702,MARAL OVERSEAS LTD.,goods_partially_received,BOX-PO-2026-702-DDM1906343-1771741406263-2,699aa0de4583baeaf6e56fad,DDM1906343,DYL-28564-C,0,6.255000000000001,0,6.255000000000001,qc_approved,2026-02-22,Unallocated
20s-Denim Blue-Denim Blue-Cotton/Compact,PO-2026-426,SUTLEJ TEXTILES AND INDUSTRIES LIMITED,goods_partially_received,BOX-PO-2026-426-93480-1771740124740-9,699a9bdc4583baeaf6e55c2b,93480,SDY50165-A,0,10.573,0,10.573,qc_approved,2026-02-22,Unallocated
20s-Denim Blue-Denim Blue-Cotton/Compact,PO-2026-426,SUTLEJ TEXTILES AND INDUSTRIES LIMITED,goods_partially_received,BOX-PO-2026-426-95132-1771740124740-7,699a9bdc4583baeaf6e55c27,95132,SDY50165-A,0,32.428,0,32.428,qc_approved,2026-02-22,Unallocated
20s-Beige-Beige-Cotton/Compact,PO-2026-655,SUTLEJ TEXTILES AND INDUSTRIES LIMITED,goods_partially_received,BOX-PO-2026-655-94104-1771736841554-12,699a8f094583baeaf6e525b3,94104,SDY50144-B,0,128.1639999999999,0,128.1639999999999,qc_approved,2026-02-22,Unallocated
20s-Light Grey-Light Grey-Cotton/Compact,PO-2026-655,SUTLEJ TEXTILES AND INDUSTRIES LIMITED,goods_partially_received,BOX-PO-2026-655-94623-1771736841554-3,699a8f094583baeaf6e525a1,94623,SDY50374-A,0,39.287000000000006,0,39.287000000000006,qc_approved,2026-02-22,Unallocated
70/4-Light Grey-Light Grey-Nylon/Nylon,PO-2026-970,WAMPUM SYNTEX PRIVATE LIMITED,goods_partially_received,BOX-PO-2026-970-EW37709-1771736156783-3,699a8c5c4583baeaf6e51475,EW37709,WN1882,0,5.9030000000000005,0,5.9030000000000005,qc_approved,2026-02-22,Unallocated
70/2-Dark Green-Ponderosa Pine-Nylon/Nylon,PO-2026-970,WAMPUM SYNTEX PRIVATE LIMITED,goods_partially_received,BOX-PO-2026-970-EW16295-1771736156783-1,699a8c5c4583baeaf6e51471,EW16295,WN94793,0,5.515,0,5.515,qc_approved,2026-02-22,Unallocated
30s-Beige-Beige-Cotton/Cotton Birla Modal Vortex,PO-2026-953,RSWM LTD.,goods_partially_received,BOX-PO-2026-953-M2454106266-1771735954844-3,699a8b924583baeaf6e513e8,M2454106266,8190134/YCM35912-C,0,9.762,0,9.762,qc_approved,2026-02-22,Unallocated
20s-Navy-Navy-Cotton/Compact,PO-2026-426,SUTLEJ TEXTILES AND INDUSTRIES LIMITED,goods_partially_received,BOX-PO-2026-426-91990-1771679853433-3,6999b06d4583baeaf6e4cf6e,91990,SDY53391-A,4,1.703,,1.703,qc_approved,2026-02-21,Unallocated
30s-Brown-Caramel Cafe-Cotton/Compact,PO-2026-426,SUTLEJ TEXTILES AND INDUSTRIES LIMITED,goods_partially_received,BOX-PO-2026-426-90301-1771679853433-5,6999b06d4583baeaf6e4cf72,90301,SDY60351-A,5,0.41800000000000015,,0.41800000000000015,qc_approved,2026-02-21,Unallocated
20s-Light Brown Melange-Light Brown Melange-Cotton/Combed Melange,PO-2026-886,SUTLEJ TEXTILES AND INDUSTRIES LIMITED,goods_partially_received,BOX-PO-2026-886-10029-1771657877378-3,69995a954583baeaf6e43256,10029,CM4BR03,9,0.18399999999999928,,0.18399999999999928,qc_approved,2026-02-21,Unallocated
20s-Navy-Navy-Bamboo/Bamboo,PO-2026-105,RSWM LTD.,goods_partially_received,BOX-PO-2026-105-2454107622-1771656208280-5,699954104583baeaf6e42622,2454107622,8670549,16,1.6240000000000006,,1.6240000000000006,qc_approved,2026-02-21,Unallocated
20s-White-White-Bamboo/Bamboo,PO-2026-895,RSWM LTD.,goods_received,BOX-PO-2026-895-2254107287-1771308238780-87,699404ce9c9936ad06eafe0b,2254107287,8201601,0,34.099000000000004,0,34.099000000000004,qc_approved,2026-02-20,Unallocated
20s-Skin-Skin-Cotton/Compact,PO-2026-895,RSWM LTD.,goods_received,BOX-PO-2026-895-2454101827-1771308238780-42,699404ce9c9936ad06eafdc7,2454101827,8190118/YS 35453-B,0,11.209999999999994,0,11.209999999999994,qc_approved,2026-02-20,Unallocated
20s-Light Grey-Light Grey-Cotton/Compact,PO-2026-895,RSWM LTD.,goods_received,BOX-PO-2026-895-2154103826-1771308238780-15,699404ce9c9936ad06eafd9c,2154103826,8480140,0,1.7420000000000044,0,1.7420000000000044,qc_approved,2026-02-20,Unallocated
20s-Cream-Cream-Cotton/Compact,PO-2026-895,RSWM LTD.,goods_received,BOX-PO-2026-895-2254104336-1771308238780-18,699404ce9c9936ad06eafda0,2254104336,8110210,0,10.979999999999997,0,10.979999999999997,qc_approved,2026-02-20,Unallocated
20s-Maroon-Maroon-Cotton/Compact,PO-2026-895,RSWM LTD.,goods_received,BOX-PO-2026-895-2254102388-1771308238780-4,699404ce9c9936ad06eafd8c,2254102388,YS22412-A / 8730432,0,4.762999999999991,0,4.762999999999991,qc_approved,2026-02-20,Unallocated
30s-Denim Blue-Denim Blue-Cotton/Compact,PO-2026-921,SUTLEJ TEXTILES AND INDUSTRIES LIMITED,goods_received,BOX-PO-2026-921-93070-1771334797903-2,69946c8df0a2c8b07dc47816,93070,SDY50165-A,0,3.851000000000001,0,3.851000000000001,qc_approved,2026-02-17,Unallocated
70/2-Brown-Brown-Nylon/Nylon,PO-2026-977,VALSON POLYESTER PRIVATE LIMITED,goods_partially_received,BOX-PO-2026-977-NL56937-1771333255363-246,69946687f0a2c8b07dc46c9d,NL56937,VNY7341,26,20.158,,20.158,qc_approved,2026-02-17,Unallocated
70/2-Brown-Brown-Nylon/Nylon,PO-2026-977,VALSON POLYESTER PRIVATE LIMITED,goods_partially_received,BOX-PO-2026-977-NL56937-1771333255363-245,69946687f0a2c8b07dc46c9c,NL56937,VNY7341,26,18.691000000000003,,18.691000000000003,qc_approved,2026-02-17,Unallocated
70/1-Slate Grey-Slate Grey-Nylon/Nylon,PO-2026-977,VALSON POLYESTER PRIVATE LIMITED,goods_partially_received,BOX-PO-2026-977-N/56081-1771333255363-232,69946687f0a2c8b07dc46c88,N/56081,VNY8036,0,18.431,0,18.431,qc_approved,2026-02-17,Unallocated
70/1-Bottle Green-Bottle Green-Nylon/Nylon,PO-2026-977,VALSON POLYESTER PRIVATE LIMITED,goods_partially_received,BOX-PO-2026-977-NL56254-1771333255363-203,69946687f0a2c8b07dc46c5e,NL56254,VNY8038,0,20.028,0,20.028,qc_approved,2026-02-17,Unallocated
Soft top-Baby Pink-Baby Pink-Rubber/Soft top,PO-2026-977,VALSON POLYESTER PRIVATE LIMITED,goods_partially_received,BOX-PO-2026-977-NC/1551-1771333255363-176,69946687f0a2c8b07dc46c36,NC/1551,VNY8041,0,0.9099999999999966,0,0.9099999999999966,qc_approved,2026-02-17,Unallocated
Soft top-Light Brown Melange-Light Brown Melange-Rubber/Soft top,PO-2026-977,VALSON POLYESTER PRIVATE LIMITED,goods_partially_received,BOX-PO-2026-977-NC/1525-1771333255363-180,69946687f0a2c8b07dc46c3b,NC/1525,VNY8034,0,17.252000000000002,0,17.252000000000002,qc_approved,2026-02-17,Unallocated
Soft top-Slate Grey-Slate Grey-Rubber/Soft top,PO-2026-977,VALSON POLYESTER PRIVATE LIMITED,goods_partially_received,BOX-PO-2026-977-NC/1527-1771333255363-169,69946687f0a2c8b07dc46c2c,NC/1527,VNY8036,0,1.162,0,1.162,qc_approved,2026-02-17,Unallocated
Soft top-Slate Grey-Slate Grey-Rubber/Soft top,PO-2026-977,VALSON POLYESTER PRIVATE LIMITED,goods_partially_received,BOX-PO-2026-977-NC/1527-1771333255363-172,69946687f0a2c8b07dc46c2f,NC/1527,VNY8036,37,4.414999999999999,,4.414999999999999,qc_approved,2026-02-17,Unallocated
20/70 Twisted-Black-Black-Nylon/Spandex,PO-2026-977,VALSON POLYESTER PRIVATE LIMITED,goods_partially_received,BOX-PO-2026-977-N/751-1771333255363-128,69946687f0a2c8b07dc46bee,N/751,VNY850,40,6.404,,6.404,qc_approved,2026-02-17,Unallocated
70/1-Navy-Navy-Nylon/Nylon,PO-2026-977,VALSON POLYESTER PRIVATE LIMITED,goods_partially_received,BOX-PO-2026-977-N/56627-1771333255363-51,69946687f0a2c8b07dc46b7b,N/56627,VNY7340,0,28.015,0,28.015,qc_approved,2026-02-17,Unallocated
20/70-Olive-Olive-Nylon/Spandex,PO-2026-977,VALSON POLYESTER PRIVATE LIMITED,goods_partially_received,BOX-PO-2026-977-CN/2000-1771333255363-32,69946687f0a2c8b07dc46b5f,CN/2000,VNY8032,0,4.715,0,4.715,qc_approved,2026-02-17,Unallocated
20/70-Olive-Olive-Nylon/Spandex,PO-2026-977,VALSON POLYESTER PRIVATE LIMITED,goods_partially_received,BOX-PO-2026-977-CN/2000-1771333255363-34,69946687f0a2c8b07dc46b61,CN/2000,VNY8032,20,6.003999999999998,,6.003999999999998,qc_approved,2026-02-17,Unallocated
110/70-Maroon-Deep Maroon-Rubber/Rubber,PO-2026-211,SARLA PERFORMANCE FIBERS LIMITED,goods_partially_received,BOX-PO-2026-211-RLN0037901-1771331735247-22,69946097f0a2c8b07dc45080,RLN0037901,NS 8728,38,1.1410000000000018,18.55,1.1410000000000018,qc_approved,2026-02-17,Unallocated
110/70-Navy-Navy-Rubber/Rubber,PO-2026-211,SARLA PERFORMANCE FIBERS LIMITED,goods_partially_received,BOX-PO-2026-211-RE38039-1771331735247-1,69946097f0a2c8b07dc45066,RE38039,NS-4415B,0,8.144999999999996,0,8.144999999999996,qc_approved,2026-02-17,Unallocated
20s-Navy-Navy-Cotton/Compact,PO-2026-975,VARDHMAN TEXTILES LIMITED,goods_received,BOX-PO-2026-975-M0112103-1771331073708-31,69945e01f0a2c8b07dc44c16,M0112103,MRX81520,0,31.762000000000004,0,31.762000000000004,qc_approved,2026-02-17,Unallocated
20s-Navy-Navy-Cotton/Compact,PO-2026-975,VARDHMAN TEXTILES LIMITED,goods_received,BOX-PO-2026-975-M0112103-1771331073708-33,69945e01f0a2c8b07dc44c18,M0112103,MRX81520,0,2.959999999999999,0,2.959999999999999,qc_approved,2026-02-17,Unallocated
20s-Navy-Navy-Cotton/Compact,PO-2026-975,VARDHMAN TEXTILES LIMITED,goods_received,BOX-PO-2026-975-M0112007-1771331073708-3,69945e01f0a2c8b07dc44bf5,M0112007,MRX81520,0,14.428,0,14.428,qc_approved,2026-02-17,Unallocated
20s-Navy-Navy-Cotton/Compact,PO-2026-975,VARDHMAN TEXTILES LIMITED,goods_received,BOX-PO-2026-975-M0112007-1771331073708-4,69945e01f0a2c8b07dc44bf6,M0112007,MRX81520,0,16.002,0,16.002,qc_approved,2026-02-17,Unallocated
20s-Navy-Navy-Cotton/Compact,PO-2026-975,VARDHMAN TEXTILES LIMITED,goods_received,BOX-PO-2026-975-M0112007-1771331073708-6,69945e01f0a2c8b07dc44bf8,M0112007,MRX81520,0,8.768000000000002,0,8.768000000000002,qc_approved,2026-02-17,Unallocated
20s-Navy-Navy-Cotton/Compact,PO-2026-975,VARDHMAN TEXTILES LIMITED,goods_received,BOX-PO-2026-975-M0112007-1771331073708-7,69945e01f0a2c8b07dc44bf9,M0112007,MRX81520,0,14.991999999999999,0,14.991999999999999,qc_approved,2026-02-17,Unallocated
20s-Navy-Navy-Cotton/Compact,PO-2026-975,VARDHMAN TEXTILES LIMITED,goods_received,BOX-PO-2026-975-M0112007-1771331073708-8,69945e01f0a2c8b07dc44bfa,M0112007,MRX81520,0,14.671,0,14.671,qc_approved,2026-02-17,Unallocated
20s-Navy-Navy-Cotton/Compact,PO-2026-975,VARDHMAN TEXTILES LIMITED,goods_received,BOX-PO-2026-975-M0112007-1771331073708-9,69945e01f0a2c8b07dc44bfb,M0112007,MRX81520,7,4.968999999999999,,4.968999999999999,qc_approved,2026-02-17,Unallocated
20s-Navy-Navy-Cotton/Compact,PO-2026-975,VARDHMAN TEXTILES LIMITED,goods_received,BOX-PO-2026-975-M0112007-1771331073708-10,69945e01f0a2c8b07dc44bfc,M0112007,MRX81520,18,6.392000000000001,,6.392000000000001,qc_approved,2026-02-17,Unallocated
70/2-Light Grey-Light Grey-Nylon/Nylon,PO-2026-015,WAMPUM SYNTEX PRIVATE LIMITED,goods_received,BOX-PO-2026-015-EW57667-1771329550901-12,6994580ef0a2c8b07dc41cff,EW57667,WN1882,23,13.124000000000002,,13.124000000000002,qc_approved,2026-02-17,Unallocated
70/2-Light Grey-Light Grey-Nylon/Nylon,PO-2026-015,WAMPUM SYNTEX PRIVATE LIMITED,goods_received,BOX-PO-2026-015-EW57667-1771329550901-19,6994580ef0a2c8b07dc41d06,EW57667,WN1882,7,0.4079999999999995,,0.4079999999999995,qc_approved,2026-02-17,Unallocated
70/2-Dark Grey-Dark Grey-Nylon/Nylon,PO-2026-015,WAMPUM SYNTEX PRIVATE LIMITED,goods_received,BOX-PO-2026-015-EW57656-1771329550901-21,6994580ef0a2c8b07dc41d09,EW57656,WN1883,0,19.138,0,19.138,qc_approved,2026-02-17,Unallocated
70/2-Beige-Beige-Nylon/Nylon,PO-2026-015,WAMPUM SYNTEX PRIVATE LIMITED,goods_received,BOX-PO-2026-015-EW64759-1771329550901-2,6994580ef0a2c8b07dc41cf3,EW64759,WN1881,20,4.458,9.26,4.458,qc_approved,2026-02-17,Unallocated
70/2-Beige-Beige-Nylon/Nylon,PO-2026-015,WAMPUM SYNTEX PRIVATE LIMITED,goods_received,BOX-PO-2026-015-EW64759-1771329550901-3,6994580ef0a2c8b07dc41cf4,EW64759,WN1881,20,17.284,21.65,17.284,qc_approved,2026-02-17,Unallocated
70/2-Beige-Beige-Nylon/Nylon,PO-2026-015,WAMPUM SYNTEX PRIVATE LIMITED,goods_received,BOX-PO-2026-015-EW64759-1771329550901-5,6994580ef0a2c8b07dc41cf6,EW64759,WN1881,20,14.665000000000001,,14.665000000000001,qc_approved,2026-02-17,Unallocated
70/2-Beige-Beige-Nylon/Nylon,PO-2026-015,WAMPUM SYNTEX PRIVATE LIMITED,goods_received,BOX-PO-2026-015-EW64759-1771329550901-6,6994580ef0a2c8b07dc41cf7,EW64759,WN1881,20,10.914000000000001,,10.914000000000001,qc_approved,2026-02-17,Unallocated
20/70-Beige-Beige-Nylon/Spandex,PO-2026-015,WAMPUM SYNTEX PRIVATE LIMITED,goods_received,BOX-PO-2026-015-EW65742-1771329550901-7,6994580ef0a2c8b07dc41cf9,EW65742,WN1881,23,6.178000000000001,,6.178000000000001,qc_approved,2026-02-17,Unallocated
20/70-Beige-Beige-Nylon/Spandex,PO-2026-015,WAMPUM SYNTEX PRIVATE LIMITED,goods_received,BOX-PO-2026-015-EW65742-1771329550901-9,6994580ef0a2c8b07dc41cfb,EW65742,WN1881,23,0.006999999999997897,,0.006999999999997897,qc_approved,2026-02-17,Unallocated
30s-Anthra Melange-Anthra Melange-Cotton/Combed Melange,PO-2026-415,RSWM LTD.,goods_partially_received,BOX-PO-2026-415-2583106212-1771328821195-49,69945535f0a2c8b07dc41990,2583106212,86100006,0,34.925999999999995,0,34.925999999999995,qc_approved,2026-02-17,Unallocated
30s-Light Grey Melange-Light Grey Melange-Cotton/Combed Melange,PO-2026-415,RSWM LTD.,goods_partially_received,BOX-PO-2026-415-2552307525-1771328821195-51,69945535f0a2c8b07dc41993,2552307525,81110067,0,39.84,0,39.84,qc_approved,2026-02-17,Unallocated
30s-Light Grey Melange-Light Grey Melange-Cotton/Combed Melange,PO-2026-415,RSWM LTD.,goods_partially_received,BOX-PO-2026-415-2552307525-1771328821195-54,69945535f0a2c8b07dc41996,2552307525,81110067,0,58.964,0,58.964,qc_approved,2026-02-17,Unallocated
30s-Blue Melange-Blue Melange-Cotton/Combed Melange,PO-2026-415,RSWM LTD.,goods_partially_received,BOX-PO-2026-415-2552306001-1771328821195-34,69945535f0a2c8b07dc4197e,2552306001,88200182,0,50.524,0,50.524,qc_approved,2026-02-17,Unallocated
30s-Anthra Melange-Anthra Melange-Cotton/Combed Melange,PO-2026-415,RSWM LTD.,goods_partially_received,BOX-PO-2026-415-2583106212-1771328821195-42,69945535f0a2c8b07dc41989,2583106212,86100006,0,48.00800000000001,0,48.00800000000001,qc_approved,2026-02-17,Unallocated
30s-Anthra Melange-Anthra Melange-Cotton/Combed Melange,PO-2026-415,RSWM LTD.,goods_partially_received,BOX-PO-2026-415-2583106212-1771328821195-43,69945535f0a2c8b07dc4198a,2583106212,86100006,0,54.434,0,54.434,qc_approved,2026-02-17,Unallocated
30s-Anthra Melange-Anthra Melange-Cotton/Combed Melange,PO-2026-415,RSWM LTD.,goods_partially_received,BOX-PO-2026-415-2583106212-1771328821195-44,69945535f0a2c8b07dc4198b,2583106212,86100006,0,13.580999999999996,0,13.580999999999996,qc_approved,2026-02-17,Unallocated
30s-Anthra Melange-Anthra Melange-Cotton/Combed Melange,PO-2026-415,RSWM LTD.,goods_partially_received,BOX-PO-2026-415-2583106212-1771328821195-45,69945535f0a2c8b07dc4198c,2583106212,86100006,0,47.021,0,47.021,qc_approved,2026-02-17,Unallocated
30s-Anthra Melange-Anthra Melange-Cotton/Combed Melange,PO-2026-415,RSWM LTD.,goods_partially_received,BOX-PO-2026-415-2583106212-1771328821195-46,69945535f0a2c8b07dc4198d,2583106212,86100006,0,38.861,0,38.861,qc_approved,2026-02-17,Unallocated
30s-Anthra Melange-Anthra Melange-Cotton/Combed Melange,PO-2026-415,RSWM LTD.,goods_partially_received,BOX-PO-2026-415-2583106212-1771328821195-47,69945535f0a2c8b07dc4198e,2583106212,86100006,0,53.785,0,53.785,qc_approved,2026-02-17,Unallocated
20s-Light Grey Melange-Light Grey Melange-Cotton/Combed Melange,PO-2026-415,RSWM LTD.,goods_partially_received,BOX-PO-2026-415-2552307424-1771328821195-20,69945535f0a2c8b07dc4196b,2552307424,81110067,0,44.429,0,44.429,qc_approved,2026-02-17,Unallocated
20s-Light Grey Melange-Light Grey Melange-Cotton/Combed Melange,PO-2026-415,RSWM LTD.,goods_partially_received,BOX-PO-2026-415-2552307424-1771328821195-22,69945535f0a2c8b07dc4196d,2552307424,81110067,0,49.325,0,49.325,qc_approved,2026-02-17,Unallocated
30s-Anthra Melange-Anthra Melange-Cotton/Combed Melange,PO-2026-415,RSWM LTD.,goods_partially_received,BOX-PO-2026-415-2552307132-1771328821195-23,69945535f0a2c8b07dc4196f,2552307132,86100006,0,20.657,0,20.657,qc_approved,2026-02-17,Unallocated
20s-Skin-Skin-Cotton/Compact,PO-2026-415,RSWM LTD.,goods_partially_received,BOX-PO-2026-415-2554104462-1771328821195-24,69945535f0a2c8b07dc41971,2554104462,8190118/YS 35453-B,40,32.598,51.68,32.598,qc_approved,2026-02-17,Unallocated
20s-Brown-Brown-Cotton/Compact,PO-2026-415,RSWM LTD.,goods_partially_received,BOX-PO-2026-415-2554104465-1771328821195-28,69945535f0a2c8b07dc41977,2554104465,8590196 / YS26410-C,40,22.694999999999997,54.3,22.694999999999997,qc_approved,2026-02-17,Unallocated
20s-Brown-Brown-Cotton/Compact,PO-2026-415,RSWM LTD.,goods_partially_received,BOX-PO-2026-415-2554104465-1771328821195-30,69945535f0a2c8b07dc41979,2554104465,8590196 / YS26410-C,39,36.161,,36.161,qc_approved,2026-02-17,Unallocated
30s-Blue Melange-Blue Melange-Cotton/Combed Melange,PO-2026-415,RSWM LTD.,goods_partially_received,BOX-PO-2026-415-2552306001-1771328821195-33,69945535f0a2c8b07dc4197d,2552306001,88200182,0,39.217,0,39.217,qc_approved,2026-02-17,Unallocated
20s-Navy-Navy-Bamboo/Bamboo,PO-2026-415,RSWM LTD.,goods_partially_received,BOX-PO-2026-415-2454107622-1771328821195-5,69945535f0a2c8b07dc4195a,2454107622,8670483 / YS25882-B,0,9.009,0,9.009,qc_approved,2026-02-17,Unallocated
20s-Navy-Navy-Bamboo/Bamboo,PO-2026-415,RSWM LTD.,goods_partially_received,BOX-PO-2026-415-2454107622-1771328821195-6,69945535f0a2c8b07dc4195b,2454107622,8670483 / YS25882-B,0,6.856,0,6.856,qc_approved,2026-02-17,Unallocated
20s-Light Grey Melange-Light Grey Melange-Cotton/Combed Melange,PO-2026-986,SUTLEJ TEXTILES AND INDUSTRIES LIMITED,goods_partially_received,BOX-PO-2026-986-11121-1771328615255-99,69945467f0a2c8b07dc414f0,11121,DM68503-I,0,44.959,0,44.959,qc_approved,2026-02-17,Unallocated
20s-Light Grey Melange-Light Grey Melange-Cotton/Combed Melange,PO-2026-986,SUTLEJ TEXTILES AND INDUSTRIES LIMITED,goods_partially_received,BOX-PO-2026-986-11121-1771328615255-101,69945467f0a2c8b07dc414f2,11121,DM68503-I,0,27.33,0,27.33,qc_approved,2026-02-17,Unallocated
30s-Pastel Green-Tea-Cotton/Compact,PO-2026-986,SUTLEJ TEXTILES AND INDUSTRIES LIMITED,goods_partially_received,BOX-PO-2026-986-92178-1771328615255-90,69945467f0a2c8b07dc414e4,92178,SDY60358-A,0,3.895999999999999,0,3.895999999999999,qc_approved,2026-02-17,Unallocated
20s-Light Grey Melange-Light Grey Melange-Cotton/Combed Melange,PO-2026-986,SUTLEJ TEXTILES AND INDUSTRIES LIMITED,goods_partially_received,BOX-PO-2026-986-11121-1771328615255-94,69945467f0a2c8b07dc414eb,11121,DM68503-I,0,29.831999999999997,0,29.831999999999997,qc_approved,2026-02-17,Unallocated
20s-Light Grey Melange-Light Grey Melange-Cotton/Combed Melange,PO-2026-986,SUTLEJ TEXTILES AND INDUSTRIES LIMITED,goods_partially_received,BOX-PO-2026-986-11121-1771328615255-95,69945467f0a2c8b07dc414ec,11121,DM68503-I,0,16.538000000000004,0,16.538000000000004,qc_approved,2026-02-17,Unallocated
20s-Light Grey Melange-Light Grey Melange-Cotton/Combed Melange,PO-2026-986,SUTLEJ TEXTILES AND INDUSTRIES LIMITED,goods_partially_received,BOX-PO-2026-986-11121-1771328615255-96,69945467f0a2c8b07dc414ed,11121,DM68503-I,0,48.731,0,48.731,qc_approved,2026-02-17,Unallocated
20s-Light Grey Melange-Light Grey Melange-Cotton/Combed Melange,PO-2026-986,SUTLEJ TEXTILES AND INDUSTRIES LIMITED,goods_partially_received,BOX-PO-2026-986-11121-1771328615255-97,69945467f0a2c8b07dc414ee,11121,DM68503-I,0,43.158,0,43.158,qc_approved,2026-02-17,Unallocated
20s-Skin Melange-Skin Melange-Cotton/Combed Melange,PO-2026-986,SUTLEJ TEXTILES AND INDUSTRIES LIMITED,goods_partially_received,BOX-PO-2026-986-T5481-1771328615255-63,69945467f0a2c8b07dc414c0,T5481,CM11BR15,0,15.858999999999995,0,15.858999999999995,qc_approved,2026-02-17,Unallocated
20s-Navy-Navy-Cotton/Compact,PO-2026-986,SUTLEJ TEXTILES AND INDUSTRIES LIMITED,goods_partially_received,BOX-PO-2026-986-91353-1771328615255-66,69945467f0a2c8b07dc414c4,91353,SDY53391-A,0,42.714999999999996,0,42.714999999999996,qc_approved,2026-02-17,Unallocated
20s-Olive-Olive-Cotton/Compact,PO-2026-986,SUTLEJ TEXTILES AND INDUSTRIES LIMITED,goods_partially_received,BOX-PO-2026-986-91412-1771328615255-38,69945467f0a2c8b07dc4149d,91412,SDY50128-A,0,20.853999999999996,0,20.853999999999996,qc_approved,2026-02-17,Unallocated
30s-Light Brown Melange-Light Brown Melange-Cotton/Combed Melange,PO-2026-986,SUTLEJ TEXTILES AND INDUSTRIES LIMITED,goods_partially_received,BOX-PO-2026-986-U3801-1771328615255-47,69945467f0a2c8b07dc414aa,U3801,CM4BR03,30,4.207999999999998,,4.207999999999998,qc_approved,2026-02-17,Unallocated
30s-Light Brown Melange-Light Brown Melange-Cotton/Combed Melange,PO-2026-986,SUTLEJ TEXTILES AND INDUSTRIES LIMITED,goods_partially_received,BOX-PO-2026-986-U3801-1771328615255-48,69945467f0a2c8b07dc414ab,U3801,CM4BR03,0,9.958,0,9.958,qc_approved,2026-02-17,Unallocated
20s-Dark Grey Melange-Dark Grey Melange-Cotton/Combed Melange,PO-2026-986,SUTLEJ TEXTILES AND INDUSTRIES LIMITED,goods_partially_received,BOX-PO-2026-986-18737-1771328615255-54,69945467f0a2c8b07dc414b3,18737,DM-68501-K,24,14.355999999999995,52.24,14.355999999999995,qc_approved,2026-02-17,Unallocated
20s-Dark Grey Melange-Dark Grey Melange-Cotton/Combed Melange,PO-2026-986,SUTLEJ TEXTILES AND INDUSTRIES LIMITED,goods_partially_received,BOX-PO-2026-986-18737-1771328615255-55,69945467f0a2c8b07dc414b4,18737,DM-68501-K,0,47.083,0,47.083,qc_approved,2026-02-17,Unallocated
20s-Dark Grey Melange-Dark Grey Melange-Cotton/Combed Melange,PO-2026-986,SUTLEJ TEXTILES AND INDUSTRIES LIMITED,goods_partially_received,BOX-PO-2026-986-18737-1771328615255-56,69945467f0a2c8b07dc414b5,18737,DM-68501-K,0,36.218,0,36.218,qc_approved,2026-02-17,Unallocated
20s-Denim Blue-Denim Blue-Cotton/Compact,PO-2026-986,SUTLEJ TEXTILES AND INDUSTRIES LIMITED,goods_partially_received,BOX-PO-2026-986-93071-1771328615255-23,69945467f0a2c8b07dc4148b,93071,SDY50165-A,40,2.216000000000001,47.75,2.216000000000001,qc_approved,2026-02-17,Unallocated
20s-Light Brown Melange-Light Brown Melange-Cotton/Combed Melange,PO-2026-986,SUTLEJ TEXTILES AND INDUSTRIES LIMITED,goods_partially_received,BOX-PO-2026-986-10029-1771328615255-32,69945467f0a2c8b07dc41496,10029,CM4BR03,24,21.536,,21.536,qc_approved,2026-02-17,Unallocated
20s-Light Brown Melange-Light Brown Melange-Cotton/Combed Melange,PO-2026-986,SUTLEJ TEXTILES AND INDUSTRIES LIMITED,goods_partially_received,BOX-PO-2026-986-10029-1771328615255-34,69945467f0a2c8b07dc41498,10029,CM4BR03,0,36.141000000000005,0,36.141000000000005,qc_approved,2026-02-17,Unallocated
30s-Gold-Antique Gold-Cotton/Compact,PO-2026-986,SUTLEJ TEXTILES AND INDUSTRIES LIMITED,goods_partially_received,BOX-PO-2026-986-90134-1771328615255-8,69945467f0a2c8b07dc41473,90134,SDY60382-B,0,0.1530000000000058,0,0.1530000000000058,qc_approved,2026-02-17,Unallocated
110/70-Dark Grey-Dark Grey-Rubber/Rubber,PO-2026-450,SARLA PERFORMANCE FIBERS LIMITED,goods_partially_received,BOX-PO-2026-450-RLN035290-1771327447669-74,69944fd7f0a2c8b07dc40389,RLN035290,NS-119,40,8.952,0.06,8.952,qc_approved,2026-02-17,Unallocated
33/2/120-Dark Grey-Dark Grey-Nylon/Nylon,PO-2026-450,SARLA PERFORMANCE FIBERS LIMITED,goods_partially_received,BOX-PO-2026-450-LN00036707-1771327447669-53,69944fd7f0a2c8b07dc40360,LN00036707,NS-119,17,1.8730000000000002,8.865,1.8730000000000002,qc_approved,2026-02-17,Unallocated
110/70-Beige-Beige-Rubber/Rubber,PO-2026-450,SARLA PERFORMANCE FIBERS LIMITED,goods_partially_received,BOX-PO-2026-450-RLN032203-1771327447669-45,69944fd7f0a2c8b07dc40352,RLN032203,242,0,2.104,0,2.104,qc_approved,2026-02-17,Unallocated
Soft top-Dark Grey-Dark Grey-Rubber/Soft top,PO-2026-450,SARLA PERFORMANCE FIBERS LIMITED,goods_partially_received,BOX-PO-2026-450-SLN033685-1771327447669-27,69944fd7f0a2c8b07dc4033c,SLN033685,NS-119,0,22.062000000000005,0,22.062000000000005,qc_approved,2026-02-17,Unallocated
110/70-Dark Grey-Dark Grey-Rubber/Rubber,PO-2026-450,SARLA PERFORMANCE FIBERS LIMITED,goods_partially_received,BOX-PO-2026-450-RLN027756-1771327447669-31,69944fd7f0a2c8b07dc40341,RLN027756,NS-119,48,9.326,,9.326,qc_approved,2026-02-17,Unallocated
110/70-Dark Grey-Dark Grey-Rubber/Rubber,PO-2026-450,SARLA PERFORMANCE FIBERS LIMITED,goods_partially_received,BOX-PO-2026-450-RLN027756-1771327447669-32,69944fd7f0a2c8b07dc40342,RLN027756,NS-119,19,1.5589999999999997,,1.5589999999999997,qc_approved,2026-02-17,Unallocated
110/70-Dark Grey-Dark Grey-Rubber/Rubber,PO-2026-450,SARLA PERFORMANCE FIBERS LIMITED,goods_partially_received,BOX-PO-2026-450-RLN027756-1771327447669-33,69944fd7f0a2c8b07dc40343,RLN027756,NS-119,50,5.263999999999999,,5.263999999999999,qc_approved,2026-02-17,Unallocated
110/70-Raw White-Raw White-Rubber/Rubber,PO-2026-450,SARLA PERFORMANCE FIBERS LIMITED,goods_partially_received,BOX-PO-2026-450-IZRRW-8-1771327447669-38,69944fd7f0a2c8b07dc40349,IZRRW-8,207,0,23.418999999999997,0,23.418999999999997,qc_approved,2026-02-17,Unallocated
Soft top-Dark Grey-Dark Grey-Rubber/Soft top,PO-2026-450,SARLA PERFORMANCE FIBERS LIMITED,goods_partially_received,BOX-PO-2026-450-SLN034619-1771327447669-17,69944fd7f0a2c8b07dc4032f,SLN034619,NS-119,0,18.943,0,18.943,qc_approved,2026-02-17,Unallocated
Soft top-Brown-Brown-Rubber/Soft top,PO-2026-450,SARLA PERFORMANCE FIBERS LIMITED,goods_partially_received,BOX-PO-2026-450-224-1771327447669-24,69944fd7f0a2c8b07dc40338,224,224,25,6.756,,6.756,qc_approved,2026-02-17,Unallocated
Soft top-Dark Grey-Dark Grey-Rubber/Soft top,PO-2026-450,SARLA PERFORMANCE FIBERS LIMITED,goods_partially_received,BOX-PO-2026-450-SLN033685-1771327447669-26,69944fd7f0a2c8b07dc4033b,SLN033685,NS-119,0,6.9479999999999995,0,6.9479999999999995,qc_approved,2026-02-17,Unallocated
Soft top-Dark Grey-Dark Grey-Rubber/Soft top,PO-2026-450,SARLA PERFORMANCE FIBERS LIMITED,goods_partially_received,BOX-PO-2026-450-SLN0277561-1771327447669-13,69944fd7f0a2c8b07dc4032a,SLN0277561,NS-119,0,6.327,0,6.327,qc_approved,2026-02-17,Unallocated
Soft top-Dark Grey-Dark Grey-Rubber/Soft top,PO-2026-450,SARLA PERFORMANCE FIBERS LIMITED,goods_partially_received,BOX-PO-2026-450-SLN034619-1771327447669-15,69944fd7f0a2c8b07dc4032d,SLN034619,NS-119,0,5.371000000000001,0,5.371000000000001,qc_approved,2026-02-17,Unallocated
70/2-Raw White-Raw White-Nylon/Nylon,PO-2026-997,VALSON POLYESTER PRIVATE LIMITED,goods_partially_received,BOX-PO-2026-997-G79157/80-1771326641728-221,69944cb1f0a2c8b07dc3fe14,G79157/80,Raw White,0,37.30299999999999,0,37.30299999999999,qc_approved,2026-02-17,Unallocated
70/2-Raw White-Raw White-Nylon/Nylon,PO-2026-997,VALSON POLYESTER PRIVATE LIMITED,goods_partially_received,BOX-PO-2026-997-G79157/80-1771326641728-222,69944cb1f0a2c8b07dc3fe15,G79157/80,Raw White,12,12.488999999999997,,12.488999999999997,qc_approved,2026-02-17,Unallocated
70/2-Raw White-Raw White-Nylon/Nylon,PO-2026-997,VALSON POLYESTER PRIVATE LIMITED,goods_partially_received,BOX-PO-2026-997-G79157/80-1771326641728-223,69944cb1f0a2c8b07dc3fe16,G79157/80,Raw White,0,15.782000000000002,0,15.782000000000002,qc_approved,2026-02-17,Unallocated
70/2-Raw White-Raw White-Nylon/Nylon,PO-2026-997,VALSON POLYESTER PRIVATE LIMITED,goods_partially_received,BOX-PO-2026-997-G79157/80-1771326641728-224,69944cb1f0a2c8b07dc3fe17,G79157/80,Raw White,12,15.822999999999999,,15.822999999999999,qc_approved,2026-02-17,Unallocated
20/70-Raw White-Raw White-Nylon/Spandex,PO-2026-997,VALSON POLYESTER PRIVATE LIMITED,goods_partially_received,BOX-PO-2026-997-N/6412-1771326641728-201,69944cb1f0a2c8b07dc3fdff,N/6412,LT White,16,7.158000000000001,,7.158000000000001,qc_approved,2026-02-17,Unallocated
20/70-Raw White-Raw White-Nylon/Spandex,PO-2026-997,VALSON POLYESTER PRIVATE LIMITED,goods_partially_received,BOX-PO-2026-997-N/6412-1771326641728-202,69944cb1f0a2c8b07dc3fe00,N/6412,LT White,0,16.792,0,16.792,qc_approved,2026-02-17,Unallocated
20/70-Raw White-Raw White-Nylon/Spandex,PO-2026-997,VALSON POLYESTER PRIVATE LIMITED,goods_partially_received,BOX-PO-2026-997-N/6412-1771326641728-203,69944cb1f0a2c8b07dc3fe01,N/6412,LT White,0,15.06,0,15.06,qc_approved,2026-02-17,Unallocated
20/70-Raw White-Raw White-Nylon/Spandex,PO-2026-997,VALSON POLYESTER PRIVATE LIMITED,goods_partially_received,BOX-PO-2026-997-N/6412-1771326641728-206,69944cb1f0a2c8b07dc3fe04,N/6412,LT White,0,13.083000000000002,0,13.083000000000002,qc_approved,2026-02-17,Unallocated
70/2-Raw White-Raw White-Nylon/Nylon,PO-2026-997,VALSON POLYESTER PRIVATE LIMITED,goods_partially_received,BOX-PO-2026-997-G79157/80-1771326641728-208,69944cb1f0a2c8b07dc3fe07,G79157/80,Raw White,0,14.109000000000002,0,14.109000000000002,qc_approved,2026-02-17,Unallocated
70/2-Raw White-Raw White-Nylon/Nylon,PO-2026-997,VALSON POLYESTER PRIVATE LIMITED,goods_partially_received,BOX-PO-2026-997-G79157/80-1771326641728-209,69944cb1f0a2c8b07dc3fe08,G79157/80,Raw White,0,14.881,0,14.881,qc_approved,2026-02-17,Unallocated
70/2-Raw White-Raw White-Nylon/Nylon,PO-2026-997,VALSON POLYESTER PRIVATE LIMITED,goods_partially_received,BOX-PO-2026-997-G79157/80-1771326641728-210,69944cb1f0a2c8b07dc3fe09,G79157/80,Raw White,0,16.74,0,16.74,qc_approved,2026-02-17,Unallocated
70/2-Raw White-Raw White-Nylon/Nylon,PO-2026-997,VALSON POLYESTER PRIVATE LIMITED,goods_partially_received,BOX-PO-2026-997-G79157/80-1771326641728-211,69944cb1f0a2c8b07dc3fe0a,G79157/80,Raw White,12,13.783999999999999,3.66,13.783999999999999,qc_approved,2026-02-17,Unallocated
70/2-Raw White-Raw White-Nylon/Nylon,PO-2026-997,VALSON POLYESTER PRIVATE LIMITED,goods_partially_received,BOX-PO-2026-997-G79157/80-1771326641728-212,69944cb1f0a2c8b07dc3fe0b,G79157/80,Raw White,0,16.898999999999997,0,16.898999999999997,qc_approved,2026-02-17,Unallocated
70/2-Raw White-Raw White-Nylon/Nylon,PO-2026-997,VALSON POLYESTER PRIVATE LIMITED,goods_partially_received,BOX-PO-2026-997-G79157/80-1771326641728-213,69944cb1f0a2c8b07dc3fe0c,G79157/80,Raw White,0,16.865000000000002,0,16.865000000000002,qc_approved,2026-02-17,Unallocated
70/2-Raw White-Raw White-Nylon/Nylon,PO-2026-997,VALSON POLYESTER PRIVATE LIMITED,goods_partially_received,BOX-PO-2026-997-G79157/80-1771326641728-216,69944cb1f0a2c8b07dc3fe0f,G79157/80,Raw White,0,14.354,0,14.354,qc_approved,2026-02-17,Unallocated
70/2-Raw White-Raw White-Nylon/Nylon,PO-2026-997,VALSON POLYESTER PRIVATE LIMITED,goods_partially_received,BOX-PO-2026-997-G79157/80-1771326641728-218,69944cb1f0a2c8b07dc3fe11,G79157/80,Raw White,0,14.664,0,14.664,qc_approved,2026-02-17,Unallocated
70/2-Raw White-Raw White-Nylon/Nylon,PO-2026-997,VALSON POLYESTER PRIVATE LIMITED,goods_partially_received,BOX-PO-2026-997-G79157/80-1771326641728-219,69944cb1f0a2c8b07dc3fe12,G79157/80,Raw White,0,32.928000000000004,0,32.928000000000004,qc_approved,2026-02-17,Unallocated
70/2-Raw White-Raw White-Nylon/Nylon,PO-2026-997,VALSON POLYESTER PRIVATE LIMITED,goods_partially_received,BOX-PO-2026-997-G79157/80-1771326641728-220,69944cb1f0a2c8b07dc3fe13,G79157/80,Raw White,0,16.554,0,16.554,qc_approved,2026-02-17,Unallocated
20/70-Raw White-Raw White-Nylon/Spandex,PO-2026-997,VALSON POLYESTER PRIVATE LIMITED,goods_partially_received,BOX-PO-2026-997-CN/2033-1771326641728-156,69944cb1f0a2c8b07dc3fdc9,CN/2033,LT White,15,11.316999999999997,,11.316999999999997,qc_approved,2026-02-17,Unallocated
20/70-Raw White-Raw White-Nylon/Spandex,PO-2026-997,VALSON POLYESTER PRIVATE LIMITED,goods_partially_received,BOX-PO-2026-997-CN/2033-1771326641728-157,69944cb1f0a2c8b07dc3fdca,CN/2033,LT White,0,14.042,0,14.042,qc_approved,2026-02-17,Unallocated
20/70-Raw White-Raw White-Nylon/Spandex,PO-2026-997,VALSON POLYESTER PRIVATE LIMITED,goods_partially_received,BOX-PO-2026-997-CN/2033-1771326641728-159,69944cb1f0a2c8b07dc3fdcc,CN/2033,LT White,0,36.367000000000004,0,36.367000000000004,qc_approved,2026-02-17,Unallocated
70/2-Black-Black-Nylon/Nylon,PO-2026-997,VALSON POLYESTER PRIVATE LIMITED,goods_partially_received,BOX-PO-2026-997-NL61132-1771326641728-166,69944cb1f0a2c8b07dc3fdd6,NL61132,VNY850,35,20.267999999999997,,20.267999999999997,qc_approved,2026-02-17,Unallocated
70/2-Black-Black-Nylon/Nylon,PO-2026-997,VALSON POLYESTER PRIVATE LIMITED,goods_partially_received,BOX-PO-2026-997-NL61132-1771326641728-167,69944cb1f0a2c8b07dc3fdd7,NL61132,VNY850,0,59.929,0,59.929,qc_approved,2026-02-17,Unallocated
70/2-Black-Black-Nylon/Nylon,PO-2026-997,VALSON POLYESTER PRIVATE LIMITED,goods_partially_received,BOX-PO-2026-997-NL61132-1771326641728-168,69944cb1f0a2c8b07dc3fdd8,NL61132,VNY850,35,22.489,,22.489,qc_approved,2026-02-17,Unallocated
70/2-Black-Black-Nylon/Nylon,PO-2026-997,VALSON POLYESTER PRIVATE LIMITED,goods_partially_received,BOX-PO-2026-997-NL61132-1771326641728-169,69944cb1f0a2c8b07dc3fdd9,NL61132,VNY850,0,22.448,0,22.448,qc_approved,2026-02-17,Unallocated
70/2-Black-Black-Nylon/Nylon,PO-2026-997,VALSON POLYESTER PRIVATE LIMITED,goods_partially_received,BOX-PO-2026-997-NL61132-1771326641728-170,69944cb1f0a2c8b07dc3fdda,NL61132,VNY850,34,23.553,,23.553,qc_approved,2026-02-17,Unallocated
70/2-Black-Black-Nylon/Nylon,PO-2026-997,VALSON POLYESTER PRIVATE LIMITED,goods_partially_received,BOX-PO-2026-997-NL61132-1771326641728-172,69944cb1f0a2c8b07dc3fddc,NL61132,VNY850,0,22.361999899999997,0,22.361999899999997,qc_approved,2026-02-17,Unallocated
70/2-Black-Black-Nylon/Nylon,PO-2026-997,VALSON POLYESTER PRIVATE LIMITED,goods_partially_received,BOX-PO-2026-997-NL61132-1771326641728-173,69944cb1f0a2c8b07dc3fddd,NL61132,VNY850,0,26.64,0,26.64,qc_approved,2026-02-17,Unallocated
Soft top-Raw White-Raw White-Rubber/Soft top,PO-2026-997,VALSON POLYESTER PRIVATE LIMITED,goods_partially_received,BOX-PO-2026-997-NC/1618-1771326641728-177,69944cb1f0a2c8b07dc3fde3,NC/1618,Raw White,34,5.984,22.68,5.984,qc_approved,2026-02-17,Unallocated
20/40-Raw White-Raw White-Nylon/Spandex,PO-2026-997,VALSON POLYESTER PRIVATE LIMITED,goods_partially_received,BOX-PO-2026-997-CN/1950-1771326641728-131,69944cb1f0a2c8b07dc3fdad,CN/1950,Raw White,19,2.425999999999995,,2.425999999999995,qc_approved,2026-02-17,Unallocated
20/70-Raw White-Raw White-Nylon/Spandex,PO-2026-997,VALSON POLYESTER PRIVATE LIMITED,goods_partially_received,BOX-PO-2026-997-CN/2033-1771326641728-145,69944cb1f0a2c8b07dc3fdbe,CN/2033,LT White,0,12.905,0,12.905,qc_approved,2026-02-17,Unallocated
20/70-Raw White-Raw White-Nylon/Spandex,PO-2026-997,VALSON POLYESTER PRIVATE LIMITED,goods_partially_received,BOX-PO-2026-997-CN/2033-1771326641728-147,69944cb1f0a2c8b07dc3fdc0,CN/2033,LT White,15,10.105999999999998,,10.105999999999998,qc_approved,2026-02-17,Unallocated
20/40-Black-Black-Nylon/Spandex,PO-2026-997,VALSON POLYESTER PRIVATE LIMITED,goods_partially_received,BOX-PO-2026-997-CN/2055-1771326641728-112,69944cb1f0a2c8b07dc3fd99,CN/2055,VNY850,23,9.248999999999999,,9.248999999999999,qc_approved,2026-02-17,Unallocated
20/40-Raw White-Raw White-Nylon/Spandex,PO-2026-997,VALSON POLYESTER PRIVATE LIMITED,goods_partially_received,BOX-PO-2026-997-CN/1950-1771326641728-124,69944cb1f0a2c8b07dc3fda6,CN/1950,Raw White,16,8.776,,8.776,qc_approved,2026-02-17,Unallocated
20/40-Raw White-Raw White-Nylon/Spandex,PO-2026-997,VALSON POLYESTER PRIVATE LIMITED,goods_partially_received,BOX-PO-2026-997-CN/1950-1771326641728-125,69944cb1f0a2c8b07dc3fda7,CN/1950,Raw White,16,6.563000000000001,47.54,6.563000000000001,qc_approved,2026-02-17,Unallocated
20/40-Raw White-Raw White-Nylon/Spandex,PO-2026-997,VALSON POLYESTER PRIVATE LIMITED,goods_partially_received,BOX-PO-2026-997-CN/1950-1771326641728-127,69944cb1f0a2c8b07dc3fda9,CN/1950,Raw White,17,12.245,,12.245,qc_approved,2026-02-17,Unallocated
20/40-Raw White-Raw White-Nylon/Spandex,PO-2026-997,VALSON POLYESTER PRIVATE LIMITED,goods_partially_received,BOX-PO-2026-997-CN/1950-1771326641728-128,69944cb1f0a2c8b07dc3fdaa,CN/1950,Raw White,18,2.032,19.53,2.032,qc_approved,2026-02-17,Unallocated
20/40-Raw White-Raw White-Nylon/Spandex,PO-2026-997,VALSON POLYESTER PRIVATE LIMITED,goods_partially_received,BOX-PO-2026-997-CN/1950-1771326641728-130,69944cb1f0a2c8b07dc3fdac,CN/1950,Raw White,20,6.720000000000002,18.315,6.720000000000002,qc_approved,2026-02-17,Unallocated
Soft top-Navy-Navy-Rubber/Soft top,PO-2026-997,VALSON POLYESTER PRIVATE LIMITED,goods_partially_received,BOX-PO-2026-997-NC/1610-1771326641728-85,69944cb1f0a2c8b07dc3fd77,NC/1610,VNY7340,32,7.2219999999999995,,7.2219999999999995,qc_approved,2026-02-17,Unallocated
Soft top-Navy-Navy-Rubber/Soft top,PO-2026-997,VALSON POLYESTER PRIVATE LIMITED,goods_partially_received,BOX-PO-2026-997-NC/1610-1771326641728-89,69944cb1f0a2c8b07dc3fd7b,NC/1610,VNY7340,32,9.257000000000001,,9.257000000000001,qc_approved,2026-02-17,Unallocated
Soft top-Light Grey-Light Grey-Rubber/Soft top,PO-2026-997,VALSON POLYESTER PRIVATE LIMITED,goods_partially_received,BOX-PO-2026-997-NC/1593-1771326641728-97,69944cb1f0a2c8b07dc3fd87,NC/1593,VNY8000,0,11.759,0,11.759,qc_approved,2026-02-17,Unallocated
Soft top-Light Grey-Light Grey-Rubber/Soft top,PO-2026-997,VALSON POLYESTER PRIVATE LIMITED,goods_partially_received,BOX-PO-2026-997-NC/1593-1771326641728-98,69944cb1f0a2c8b07dc3fd88,NC/1593,VNY8000,44,4.395000000000001,15.56,4.395000000000001,qc_approved,2026-02-17,Unallocated
Soft top-Light Grey-Light Grey-Rubber/Soft top,PO-2026-997,VALSON POLYESTER PRIVATE LIMITED,goods_partially_received,BOX-PO-2026-997-NC/1593-1771326641728-100,69944cb1f0a2c8b07dc3fd8a,NC/1593,VNY8000,0,9.538,0,9.538,qc_approved,2026-02-17,Unallocated
Soft top-Light Grey-Light Grey-Rubber/Soft top,PO-2026-997,VALSON POLYESTER PRIVATE LIMITED,goods_partially_received,BOX-PO-2026-997-NC/1580-1771326641728-104,69944cb1f0a2c8b07dc3fd8f,NC/1580,VNY8000,0,12.328,0,12.328,qc_approved,2026-02-17,Unallocated
Soft top-Light Grey-Light Grey-Rubber/Soft top,PO-2026-997,VALSON POLYESTER PRIVATE LIMITED,goods_partially_received,BOX-PO-2026-997-NC/1580-1771326641728-105,69944cb1f0a2c8b07dc3fd90,NC/1580,VNY8000,52,8.293000000000001,,8.293000000000001,qc_approved,2026-02-17,Unallocated
Soft top-Navy-Navy-Rubber/Soft top,PO-2026-997,VALSON POLYESTER PRIVATE LIMITED,goods_partially_received,BOX-PO-2026-997-NC/1610-1771326641728-71,69944cb1f0a2c8b07dc3fd69,NC/1610,VNY7340,0,11.562999999999999,0,11.562999999999999,qc_approved,2026-02-17,Unallocated
Soft top-Navy-Navy-Rubber/Soft top,PO-2026-997,VALSON POLYESTER PRIVATE LIMITED,goods_partially_received,BOX-PO-2026-997-NC/1610-1771326641728-79,69944cb1f0a2c8b07dc3fd71,NC/1610,VNY7340,32,6.260999999999999,2.82,6.260999999999999,qc_approved,2026-02-17,Unallocated
Soft top-Navy-Navy-Rubber/Soft top,PO-2026-997,VALSON POLYESTER PRIVATE LIMITED,goods_partially_received,BOX-PO-2026-997-NC/1610-1771326641728-81,69944cb1f0a2c8b07dc3fd73,NC/1610,VNY7340,36,12.485,15.655,12.485,qc_approved,2026-02-17,Unallocated
Soft top-Raw White-Raw White-Rubber/Soft top,PO-2026-997,VALSON POLYESTER PRIVATE LIMITED,goods_partially_received,BOX-PO-2026-997-NC/1516-1771326641728-41,69944cb1f0a2c8b07dc3fd48,NC/1516,Raw White,32,1.4389999999999983,,1.4389999999999983,qc_approved,2026-02-17,Unallocated
Soft top-Raw White-Raw White-Rubber/Soft top,PO-2026-997,VALSON POLYESTER PRIVATE LIMITED,goods_partially_received,BOX-PO-2026-997-NC/1516-1771326641728-42,69944cb1f0a2c8b07dc3fd49,NC/1516,Raw White,32,10.688,15.935,10.688,qc_approved,2026-02-17,Unallocated
Soft top-Raw White-Raw White-Rubber/Soft top,PO-2026-997,VALSON POLYESTER PRIVATE LIMITED,goods_partially_received,BOX-PO-2026-997-NC/1516-1771326641728-43,69944cb1f0a2c8b07dc3fd4a,NC/1516,Raw White,32,8.762,14.955,8.762,qc_approved,2026-02-17,Unallocated
Soft top-Raw White-Raw White-Rubber/Soft top,PO-2026-997,VALSON POLYESTER PRIVATE LIMITED,goods_partially_received,BOX-PO-2026-997-NC/1516-1771326641728-47,69944cb1f0a2c8b07dc3fd4e,NC/1516,Raw White,0,8.145,0,8.145,qc_approved,2026-02-17,Unallocated
70/1-Light Grey-Light Grey-Nylon/Nylon,PO-2026-997,VALSON POLYESTER PRIVATE LIMITED,goods_partially_received,BOX-PO-2026-997-NL56811-1771326641728-56,69944cb1f0a2c8b07dc3fd58,NL56811,VNY8000,25,17.291,25.16,17.291,qc_approved,2026-02-17,Unallocated
70/1-Light Grey-Light Grey-Nylon/Nylon,PO-2026-997,VALSON POLYESTER PRIVATE LIMITED,goods_partially_received,BOX-PO-2026-997-NL56811-1771326641728-58,69944cb1f0a2c8b07dc3fd5a,NL56811,VNY8000,26,16.011,,16.011,qc_approved,2026-02-17,Unallocated
70/2-Brown-Brown-Nylon/Nylon,PO-2026-997,VALSON POLYESTER PRIVATE LIMITED,goods_partially_received,BOX-PO-2026-997-NL56937-1771326641728-21,69944cb1f0a2c8b07dc3fd33,NL56937,VNY7341,0,40.725,0,40.725,qc_approved,2026-02-17,Unallocated
Soft top-Raw White-Raw White-Rubber/Soft top,PO-2026-997,VALSON POLYESTER PRIVATE LIMITED,goods_partially_received,BOX-PO-2026-997-NC/1516-1771326641728-32,69944cb1f0a2c8b07dc3fd3f,NC/1516,Raw White,0,8.388,0,8.388,qc_approved,2026-02-17,Unallocated
Soft top-Raw White-Raw White-Rubber/Soft top,PO-2026-997,VALSON POLYESTER PRIVATE LIMITED,goods_partially_received,BOX-PO-2026-997-NC/1516-1771326641728-37,69944cb1f0a2c8b07dc3fd44,NC/1516,Raw White,48,1.0090000000000021,,1.0090000000000021,qc_approved,2026-02-17,Unallocated
70/2-Black-Black-Nylon/Nylon,PO-2026-997,VALSON POLYESTER PRIVATE LIMITED,goods_partially_received,BOX-PO-2026-997-NL60325-1771326641728-4,69944cb1f0a2c8b07dc3fd1e,NL60325,VNY850,17,6.112,,6.112,qc_approved,2026-02-17,Unallocated
70/2-Raw White-Raw White-Nylon/Nylon,PO-2026-997,VALSON POLYESTER PRIVATE LIMITED,goods_partially_received,BOX-PO-2026-997-G77171-1771326641728-14,69944cb1f0a2c8b07dc3fd2b,G77171,Raw White,0,13.267,0,13.267,qc_approved,2026-02-17,Unallocated
70/2-Raw White-Raw White-Nylon/Nylon,PO-2026-997,VALSON POLYESTER PRIVATE LIMITED,goods_partially_received,BOX-PO-2026-997-G77171-1771326641728-15,69944cb1f0a2c8b07dc3fd2c,G77171,Raw White,0,38.103,0,38.103,qc_approved,2026-02-17,Unallocated
70/2-Raw White-Raw White-Nylon/Nylon,PO-2026-997,VALSON POLYESTER PRIVATE LIMITED,goods_partially_received,BOX-PO-2026-997-G77171-1771326641728-19,69944cb1f0a2c8b07dc3fd30,G77171,Raw White,0,33.306,0,33.306,qc_approved,2026-02-17,Unallocated
20/40-Black-Black-Nylon/Spandex,PO-2026-961,WAMPUM SYNTEX PRIVATE LIMITED,goods_partially_received,BOX-PO-2026-961-EW66035-1771325239626-258,69944737f0a2c8b07dc3eb30,EW66035,WN93388,25,6.681999999999997,,6.681999999999997,qc_approved,2026-02-17,Unallocated
20/40-Black-Black-Nylon/Spandex,PO-2026-961,WAMPUM SYNTEX PRIVATE LIMITED,goods_partially_received,BOX-PO-2026-961-EW66035-1771325239626-259,69944737f0a2c8b07dc3eb31,EW66035,WN93388,24,13.399,26.415,13.399,qc_approved,2026-02-17,Unallocated
20/40-Black-Black-Nylon/Spandex,PO-2026-961,WAMPUM SYNTEX PRIVATE LIMITED,goods_partially_received,BOX-PO-2026-961-EW66035-1771325239626-260,69944737f0a2c8b07dc3eb32,EW66035,WN93388,0,12.306000000000001,0,12.306000000000001,qc_approved,2026-02-17,Unallocated
20/40-Black-Black-Nylon/Spandex,PO-2026-961,WAMPUM SYNTEX PRIVATE LIMITED,goods_partially_received,BOX-PO-2026-961-EW66035-1771325239626-262,69944737f0a2c8b07dc3eb34,EW66035,WN93388,24,14.402999999999999,,14.402999999999999,qc_approved,2026-02-17,Unallocated
20/40-Black-Black-Nylon/Spandex,PO-2026-961,WAMPUM SYNTEX PRIVATE LIMITED,goods_partially_received,BOX-PO-2026-961-EW66035-1771325239626-263,69944737f0a2c8b07dc3eb35,EW66035,WN93388,0,19,0,19,qc_approved,2026-02-17,Unallocated
70/2-Olive-Olive-Nylon/Nylon,PO-2026-961,WAMPUM SYNTEX PRIVATE LIMITED,goods_partially_received,BOX-PO-2026-961-EW66023-1771325239626-247,69944737f0a2c8b07dc3eb23,EW66023,WN9610,0,19.209,0,19.209,qc_approved,2026-02-17,Unallocated
20/40-Navy-Navy-Nylon/Spandex,PO-2026-961,WAMPUM SYNTEX PRIVATE LIMITED,goods_partially_received,BOX-PO-2026-961-EW66033-1771325239626-255,69944737f0a2c8b07dc3eb2c,EW66033,WN93329,0,18.011000000000003,0,18.011000000000003,qc_approved,2026-02-17,Unallocated
70/2-Black-Black-Nylon/Nylon,PO-2026-961,WAMPUM SYNTEX PRIVATE LIMITED,goods_partially_received,BOX-PO-2026-961-EW66008-1771325239626-231,69944737f0a2c8b07dc3eb10,EW66008,WN93388,0,10.472000000000001,0,10.472000000000001,qc_approved,2026-02-17,Unallocated
70/2-Dark Grey-Dark Grey-Nylon/Nylon,PO-2026-961,WAMPUM SYNTEX PRIVATE LIMITED,goods_partially_received,BOX-PO-2026-961-EW65600-1771325239626-234,69944737f0a2c8b07dc3eb14,EW65600,WN1883,0,17.387999999999998,0,17.387999999999998,qc_approved,2026-02-17,Unallocated
70/2-Dark Grey-Dark Grey-Nylon/Nylon,PO-2026-961,WAMPUM SYNTEX PRIVATE LIMITED,goods_partially_received,BOX-PO-2026-961-EW65600-1771325239626-238,69944737f0a2c8b07dc3eb18,EW65600,WN1883,0,15.844,0,15.844,qc_approved,2026-02-17,Unallocated
70/2-Black-Black-Nylon/Nylon,PO-2026-961,WAMPUM SYNTEX PRIVATE LIMITED,goods_partially_received,BOX-PO-2026-961-EW66008-1771325239626-225,69944737f0a2c8b07dc3eb0a,EW66008,WN93388,0,20.636,0,20.636,qc_approved,2026-02-17,Unallocated
70/2-Black-Black-Nylon/Nylon,PO-2026-961,WAMPUM SYNTEX PRIVATE LIMITED,goods_partially_received,BOX-PO-2026-961-EW66008-1771325239626-228,69944737f0a2c8b07dc3eb0d,EW66008,WN93388,0,20.881999999999998,0,20.881999999999998,qc_approved,2026-02-17,Unallocated
20/70-Pastel Green-Tea-Nylon/Spandex,PO-2026-961,WAMPUM SYNTEX PRIVATE LIMITED,goods_partially_received,BOX-PO-2026-961-EW53427-1771325239626-199,69944737f0a2c8b07dc3eaeb,EW53427,WN97521,0,5.767999999999999,0,5.767999999999999,qc_approved,2026-02-17,Unallocated
20/70-Dark Brown-Chocolate Brown-Nylon/Spandex,PO-2026-961,WAMPUM SYNTEX PRIVATE LIMITED,goods_partially_received,BOX-PO-2026-961-EW51927-1771325239626-189,69944737f0a2c8b07dc3eadb,EW51927,WN97530,0,15.645999999999999,0,15.645999999999999,qc_approved,2026-02-17,Unallocated
20/70-Slate Grey-Slate Grey-Nylon/Spandex,PO-2026-961,WAMPUM SYNTEX PRIVATE LIMITED,goods_partially_received,BOX-PO-2026-961-EW50007-1771325239626-184,69944737f0a2c8b07dc3ead3,EW50007,WN95287,0,14.395,0,14.395,qc_approved,2026-02-17,Unallocated
20/70-Light Grey Melange-Light Grey Melange-Nylon/Spandex,PO-2026-961,WAMPUM SYNTEX PRIVATE LIMITED,goods_partially_received,BOX-PO-2026-961-EW64238-1771325239626-159,69944737f0a2c8b07dc3eab4,EW64238,WN96693,0,15.100000000000001,0,15.100000000000001,qc_approved,2026-02-17,Unallocated
70/4-Dark Grey-Dark Grey-Nylon/Nylon,PO-2026-961,WAMPUM SYNTEX PRIVATE LIMITED,goods_partially_received,BOX-PO-2026-961-EW37708-1771325239626-145,69944737f0a2c8b07dc3eaa3,EW37708,WN1883,20,10.552999999999999,0.02,10.552999999999999,qc_approved,2026-02-17,Unallocated
70/4-Black-Black-Nylon/Nylon,PO-2026-961,WAMPUM SYNTEX PRIVATE LIMITED,goods_partially_received,BOX-PO-2026-961-EW37702-1771325239626-149,69944737f0a2c8b07dc3eaa9,EW37702,WN93388,20,7.704000000000002,,7.704000000000002,qc_approved,2026-02-17,Unallocated
70/4-Black-Black-Nylon/Nylon,PO-2026-961,WAMPUM SYNTEX PRIVATE LIMITED,goods_partially_received,BOX-PO-2026-961-EW37702-1771325239626-150,69944737f0a2c8b07dc3eaaa,EW37702,WN93388,0,30.309,0,30.309,qc_approved,2026-02-17,Unallocated
20/40-Navy-Navy-Nylon/Spandex,PO-2026-961,WAMPUM SYNTEX PRIVATE LIMITED,goods_partially_received,BOX-PO-2026-961-EW49825-1771325239626-129,69944737f0a2c8b07dc3ea8b,EW49825,WN93329,29,6.799999999999997,0.28,6.799999999999997,qc_approved,2026-02-17,Unallocated
70/1-Beige-Beige-Nylon/Nylon,PO-2026-961,WAMPUM SYNTEX PRIVATE LIMITED,goods_partially_received,BOX-PO-2026-961-EW32765-1771325239626-121,69944737f0a2c8b07dc3ea7f,EW32765,WN1881,23,10.887999999999998,,10.887999999999998,qc_approved,2026-02-17,Unallocated
20/40-Light Grey Melange-Light Grey Melange-Nylon/Spandex,PO-2026-961,WAMPUM SYNTEX PRIVATE LIMITED,goods_partially_received,BOX-PO-2026-961-EW60546-1771325239626-125,69944737f0a2c8b07dc3ea86,EW60546,WN96693,23,8.819,,8.819,qc_approved,2026-02-17,Unallocated
20/40-Light Grey Melange-Light Grey Melange-Nylon/Spandex,PO-2026-961,WAMPUM SYNTEX PRIVATE LIMITED,goods_partially_received,BOX-PO-2026-961-EW60546-1771325239626-128,69944737f0a2c8b07dc3ea89,EW60546,WN96693,0,39.677,0,39.677,qc_approved,2026-02-17,Unallocated
70/1-Dark Grey-Dark Grey-Nylon/Nylon,PO-2026-961,WAMPUM SYNTEX PRIVATE LIMITED,goods_partially_received,BOX-PO-2026-961-EW28074-1771325239626-107,69944737f0a2c8b07dc3ea66,EW28074,WN1883,0,15.546,0,15.546,qc_approved,2026-02-17,Unallocated
70/1-Dark Grey-Dark Grey-Nylon/Nylon,PO-2026-961,WAMPUM SYNTEX PRIVATE LIMITED,goods_partially_received,BOX-PO-2026-961-EW28074-1771325239626-108,69944737f0a2c8b07dc3ea67,EW28074,WN1883,0,37.004999999999995,0,37.004999999999995,qc_approved,2026-02-17,Unallocated
70/1-Beige-Beige-Nylon/Nylon,PO-2026-961,WAMPUM SYNTEX PRIVATE LIMITED,goods_partially_received,BOX-PO-2026-961-EW44096-1771325239626-111,69944737f0a2c8b07dc3ea6d,EW44096,WN1881,0,18.835,0,18.835,qc_approved,2026-02-17,Unallocated
70/1-Dark Grey-Dark Grey-Nylon/Nylon,PO-2026-961,WAMPUM SYNTEX PRIVATE LIMITED,goods_partially_received,BOX-PO-2026-961-EW41671-1771325239626-115,69944737f0a2c8b07dc3ea75,EW41671,WN1883,0,13.143,0,13.143,qc_approved,2026-02-17,Unallocated
70/2-Pastel Green-Tea-Nylon/Nylon,PO-2026-961,WAMPUM SYNTEX PRIVATE LIMITED,goods_partially_received,BOX-PO-2026-961-EW53426-1771325239626-97,69944737f0a2c8b07dc3ea55,EW53426,WN97520/N.SAM 10829/2,0,10.870999999999999,0,10.870999999999999,qc_approved,2026-02-17,Unallocated
70/2-MedIum Royal Blue-Medium Royal Blue-Nylon/Nylon,PO-2026-961,WAMPUM SYNTEX PRIVATE LIMITED,goods_partially_received,BOX-PO-2026-961-EW18283-1771325239626-103,69944737f0a2c8b07dc3ea60,EW18283,WN93064,0,41.607,0,41.607,qc_approved,2026-02-17,Unallocated
70/2-Olive-Olive-Nylon/Nylon,PO-2026-961,WAMPUM SYNTEX PRIVATE LIMITED,goods_partially_received,BOX-PO-2026-961-EW64361-1771325239626-83,69944737f0a2c8b07dc3ea42,EW64361,WN9610,20,9.051000000000002,,9.051000000000002,qc_approved,2026-02-17,Unallocated
70/2-Beige-Beige-Nylon/Nylon,PO-2026-961,WAMPUM SYNTEX PRIVATE LIMITED,goods_partially_received,BOX-PO-2026-961-EW62852-1771325239626-89,69944737f0a2c8b07dc3ea49,EW62852,WN1881,0,23.925,0,23.925,qc_approved,2026-02-17,Unallocated
70/2-Light Grey Melange-Light Grey Melange-Nylon/Nylon,PO-2026-961,WAMPUM SYNTEX PRIVATE LIMITED,goods_partially_received,BOX-PO-2026-961-EW63148-1771325239626-73,69944737f0a2c8b07dc3ea35,EW63148,WN96693,0,6.762,0,6.762,qc_approved,2026-02-17,Unallocated
70/2-Light Grey Melange-Light Grey Melange-Nylon/Nylon,PO-2026-961,WAMPUM SYNTEX PRIVATE LIMITED,goods_partially_received,BOX-PO-2026-961-EW63148-1771325239626-74,69944737f0a2c8b07dc3ea36,EW63148,WN96693,0,18.716,0,18.716,qc_approved,2026-02-17,Unallocated
70/2-Light Grey Melange-Light Grey Melange-Nylon/Nylon,PO-2026-961,WAMPUM SYNTEX PRIVATE LIMITED,goods_partially_received,BOX-PO-2026-961-EW63148-1771325239626-76,69944737f0a2c8b07dc3ea38,EW63148,WN96693,0,14.302000000000001,0,14.302000000000001,qc_approved,2026-02-17,Unallocated
70/2-Light Beige-Pebble-Nylon/Nylon,PO-2026-961,WAMPUM SYNTEX PRIVATE LIMITED,goods_partially_received,BOX-PO-2026-961-EW55417-1771325239626-35,69944737f0a2c8b07dc3ea07,EW55417,WN97664 (N.SAM 10860/3),0,6.02,0,6.02,qc_approved,2026-02-17,Unallocated
70/2-Black-Black-Nylon/Nylon,PO-2026-961,WAMPUM SYNTEX PRIVATE LIMITED,goods_partially_received,BOX-PO-2026-961-EW64664-1771325239626-40,69944737f0a2c8b07dc3ea0d,EW64664,WN93388,0,16.528000000000002,0,16.528000000000002,qc_approved,2026-02-17,Unallocated
70/2-Black-Black-Nylon/Nylon,PO-2026-961,WAMPUM SYNTEX PRIVATE LIMITED,goods_partially_received,BOX-PO-2026-961-EW64664-1771325239626-41,69944737f0a2c8b07dc3ea0e,EW64664,WN93388,0,26.478,0,26.478,qc_approved,2026-02-17,Unallocated
70/2-Black-Black-Nylon/Nylon,PO-2026-961,WAMPUM SYNTEX PRIVATE LIMITED,goods_partially_received,BOX-PO-2026-961-EW64664-1771325239626-43,69944737f0a2c8b07dc3ea10,EW64664,WN93388,0,15.689,0,15.689,qc_approved,2026-02-17,Unallocated
70/2-Purple-Fushia-Nylon/Nylon,PO-2026-011,SARLA PERFORMANCE FIBERS LIMITED,goods_partially_received,BOX-PO-2026-011-NV03495-1771321024189-21,699436c0f0a2c8b07dc3b590,NV03495,NS-5066,0,9.436,0,9.436,qc_approved,2026-02-17,Unallocated
20/70-Beige-Beige-Nylon/Spandex,PO-2026-607,WAMPUM SYNTEX PRIVATE LIMITED,goods_partially_received,BOX-PO-2026-607-DW77000-1771315444089-127,699420f49c9936ad06eb507f,DW77000,WN1881,15,7.778,16.275,7.778,qc_approved,2026-02-17,Unallocated
20/40-Raw White-Raw White-Nylon/Spandex,PO-2026-607,WAMPUM SYNTEX PRIVATE LIMITED,goods_partially_received,BOX-PO-2026-607-SP00110-1771315444089-128,699420f49c9936ad06eb5081,SP00110,Raw White,25,13.177999999999999,25.4,13.177999999999999,qc_approved,2026-02-17,Unallocated
70/1-Black-Black-Nylon/Nylon,PO-2026-607,WAMPUM SYNTEX PRIVATE LIMITED,goods_partially_received,BOX-PO-2026-607-EW06317-1771315444089-84,699420f49c9936ad06eb5038,EW06317,WN93388,0,13.134,0,13.134,qc_approved,2026-02-17,Unallocated
70/1-Dark Grey-Dark Grey-Nylon/Nylon,PO-2026-607,WAMPUM SYNTEX PRIVATE LIMITED,goods_partially_received,BOX-PO-2026-607-DM64232-1771315444089-91,699420f49c9936ad06eb5041,DM64232,WN1883,24,11.275000000000002,,11.275000000000002,qc_approved,2026-02-17,Unallocated
70/1-Dark Grey-Dark Grey-Nylon/Nylon,PO-2026-607,WAMPUM SYNTEX PRIVATE LIMITED,goods_partially_received,BOX-PO-2026-607-DM64232-1771315444089-92,699420f49c9936ad06eb5042,DM64232,WN1883,25,7.77,,7.77,qc_approved,2026-02-17,Unallocated
70/1-Dark Grey-Dark Grey-Nylon/Nylon,PO-2026-607,WAMPUM SYNTEX PRIVATE LIMITED,goods_partially_received,BOX-PO-2026-607-DM92954-1771315444089-93,699420f49c9936ad06eb5044,DM92954,WN1883,24,0.35099999999999554,,0.35099999999999554,qc_approved,2026-02-17,Unallocated
70/1-Dark Grey-Dark Grey-Nylon/Nylon,PO-2026-607,WAMPUM SYNTEX PRIVATE LIMITED,goods_partially_received,BOX-PO-2026-607-DM92954-1771315444089-94,699420f49c9936ad06eb5045,DM92954,WN1883,0,11.184000000000001,0,11.184000000000001,qc_approved,2026-02-17,Unallocated
20/40-Light Grey-Light Grey-Nylon/Spandex,PO-2026-607,WAMPUM SYNTEX PRIVATE LIMITED,goods_partially_received,BOX-PO-2026-607-EW13988-1771315444089-101,699420f49c9936ad06eb5052,EW13988,WN1882,0,8.019999999999996,0,8.019999999999996,qc_approved,2026-02-17,Unallocated
70/2-Denim Blue-Denim Blue-Nylon/Nylon,PO-2026-607,WAMPUM SYNTEX PRIVATE LIMITED,goods_partially_received,BOX-PO-2026-607-EW09356-1771315444089-37,699420f49c9936ad06eb4fe9,EW09356,WN8942,0,6.721000000000001,0,6.721000000000001,qc_approved,2026-02-17,Unallocated
20/70-Dark Green-Ponderosa Pine-Nylon/Spandex,PO-2026-607,WAMPUM SYNTEX PRIVATE LIMITED,goods_partially_received,BOX-PO-2026-607-EW10425/23-1771315444089-18,699420f49c9936ad06eb4fce,EW10425/23,WN94793,0,14.166,0,14.166,qc_approved,2026-02-17,Unallocated
20/70-Dark Green-Ponderosa Pine-Nylon/Spandex,PO-2026-607,WAMPUM SYNTEX PRIVATE LIMITED,goods_partially_received,BOX-PO-2026-607-EW10425/23-1771315444089-19,699420f49c9936ad06eb4fcf,EW10425/23,WN94793,0,17.916999999999998,0,17.916999999999998,qc_approved,2026-02-17,Unallocated
2/40s-Navy-Navy-Cotton/Gassed Mercerized Cotton,PO-2026-993,VARDHMAN TEXTILES LIMITED,goods_partially_received,BOX-PO-2026-993-MU2502423-1771315081697-78,69941f899c9936ad06eb4952,MU2502423,HD47232,40,13.326000000000008,,13.326000000000008,qc_approved,2026-02-17,Unallocated
2/40s-Navy-Navy-Cotton/Gassed Mercerized Cotton,PO-2026-993,VARDHMAN TEXTILES LIMITED,goods_partially_received,BOX-PO-2026-993-MU2502423-1771315081697-80,69941f899c9936ad06eb4954,MU2502423,HD47232,40,35.122,,35.122,qc_approved,2026-02-17,Unallocated
20s-Black-Black-Bamboo/Bamboo,PO-2026-993,VARDHMAN TEXTILES LIMITED,goods_partially_received,BOX-PO-2026-993-M0115171-1771315081697-83,69941f899c9936ad06eb4959,M0115171,MRP91492,18,6.973999999999997,,6.973999999999997,qc_approved,2026-02-17,Unallocated
20s-Black-Black-Bamboo/Bamboo,PO-2026-993,VARDHMAN TEXTILES LIMITED,goods_partially_received,BOX-PO-2026-993-M0115171-1771315081697-87,69941f899c9936ad06eb495d,M0115171,MRP91492,18,13.039,,13.039,qc_approved,2026-02-17,Unallocated
20s-Black-Black-Bamboo/Bamboo,PO-2026-993,VARDHMAN TEXTILES LIMITED,goods_partially_received,BOX-PO-2026-993-M0115171-1771315081697-88,69941f899c9936ad06eb495e,M0115171,MRP91492,18,9.844,,9.844,qc_approved,2026-02-17,Unallocated
20s-Black-Black-Bamboo/Bamboo,PO-2026-993,VARDHMAN TEXTILES LIMITED,goods_partially_received,BOX-PO-2026-993-M0115171-1771315081697-90,69941f899c9936ad06eb4960,M0115171,MRP91492,18,17.034,,17.034,qc_approved,2026-02-17,Unallocated
20s-Black-Black-Bamboo/Bamboo,PO-2026-993,VARDHMAN TEXTILES LIMITED,goods_partially_received,BOX-PO-2026-993-M0115171-1771315081697-92,69941f899c9936ad06eb4962,M0115171,MRP91492,18,2.421999999999999,,2.421999999999999,qc_approved,2026-02-17,Unallocated
20s-Black-Black-Bamboo/Bamboo,PO-2026-993,VARDHMAN TEXTILES LIMITED,goods_partially_received,BOX-PO-2026-993-M0115171-1771315081697-93,69941f899c9936ad06eb4963,M0115171,MRP91492,18,9.936,,9.936,qc_approved,2026-02-17,Unallocated
20s-Navy-Navy-Bamboo/Bamboo,PO-2026-993,VARDHMAN TEXTILES LIMITED,goods_partially_received,BOX-PO-2026-993-M0115191-1771315081697-94,69941f899c9936ad06eb4965,M0115191,MRX81560,34,10.614,,10.614,qc_approved,2026-02-17,Unallocated
20s-Navy-Navy-Bamboo/Bamboo,PO-2026-993,VARDHMAN TEXTILES LIMITED,goods_partially_received,BOX-PO-2026-993-M0115191-1771315081697-95,69941f899c9936ad06eb4966,M0115191,MRX81560,36,13.575999999999997,,13.575999999999997,qc_approved,2026-02-17,Unallocated
2/40s-Slate Grey-Slate Grey-Cotton/Gassed Mercerized Cotton,PO-2026-993,VARDHMAN TEXTILES LIMITED,goods_partially_received,BOX-PO-2026-993-MU2410221-1771315081697-54,69941f899c9936ad06eb4929,MU2410221,WNADD5139,40,15.345000000000002,,15.345000000000002,qc_approved,2026-02-17,Unallocated
2/40s-Slate Grey-Slate Grey-Cotton/Gassed Mercerized Cotton,PO-2026-993,VARDHMAN TEXTILES LIMITED,goods_partially_received,BOX-PO-2026-993-MU2410221-1771315081697-55,69941f899c9936ad06eb492a,MU2410221,WNADD5139,40,24.155,,24.155,qc_approved,2026-02-17,Unallocated
2/40s-Black-Black-Cotton/Gassed Mercerized Cotton,PO-2026-993,VARDHMAN TEXTILES LIMITED,goods_partially_received,BOX-PO-2026-993-MU2501211-1771315081697-65,69941f899c9936ad06eb493b,MU2501211,WNASP47245,40,34.601,,34.601,qc_approved,2026-02-17,Unallocated
2/40s-Dark Grey-Earl Grey-Cotton/Gassed Mercerized Cotton,PO-2026-993,VARDHMAN TEXTILES LIMITED,goods_partially_received,BOX-PO-2026-993-MU2501215-1771315081697-30,69941f899c9936ad06eb48fd,MU2501215,WNAMD5266,40,7.2259999999999955,,7.2259999999999955,qc_approved,2026-02-17,Unallocated
2/40s-Olive-Olive-Cotton/Gassed Mercerized Cotton,PO-2026-993,VARDHMAN TEXTILES LIMITED,goods_partially_received,BOX-PO-2026-993-MU2502351-1771315081697-44,69941f899c9936ad06eb4917,MU2502351,WNAED32308,40,7.6640000000000015,,7.6640000000000015,qc_approved,2026-02-17,Unallocated
30s-Navy-Navy-Cotton/Cotton Birla Modal Vortex,PO-2026-767,SILKON SYNTHETICS  COTTON DYEING PVT LTD,goods_received,BOX-PO-2026-767-C02558-1771314903901-2,69941ed79c9936ad06eb45f5,C02558,SAH-96168-DK,0,22.694,0,22.694,qc_approved,2026-02-17,Unallocated
30s-Navy-Navy-Cotton/Cotton Birla Modal Vortex,PO-2026-767,SILKON SYNTHETICS  COTTON DYEING PVT LTD,goods_received,BOX-PO-2026-767-C02558-1771314903901-4,69941ed79c9936ad06eb45f7,C02558,SAH-96168-DK,0,2.7959999999999994,0,2.7959999999999994,qc_approved,2026-02-17,Unallocated
20s-Light Grey Melange-Light Grey Melange-Bamboo/Bamboo Melange,PO-2026-282,SAMBANDAM SPINNING MILLS LIMITED,goods_partially_received,BOX-PO-2026-282-3B2.01.6-1771314450509-3,69941d129c9936ad06eb441a,3B2.01.6,SSM-8165,0,41.86,0,41.86,qc_approved,2026-02-17,Unallocated
20s-Light Grey Melange-Light Grey Melange-Bamboo/Bamboo Melange,PO-2026-282,SAMBANDAM SPINNING MILLS LIMITED,goods_partially_received,BOX-PO-2026-282-3B2.01.6-1771314450509-4,69941d129c9936ad06eb441b,3B2.01.6,SSM-8165,32,1.3999999999999915,,1.3999999999999915,qc_approved,2026-02-17,Unallocated
20s-Blue Melange-Blue Melange-Bamboo/Bamboo Melange,PO-2026-282,SAMBANDAM SPINNING MILLS LIMITED,goods_partially_received,BOX-PO-2026-282-382-1-1771314450509-1,69941d129c9936ad06eb4416,382-1,SSM-8164-A,32,18.049,,18.049,qc_approved,2026-02-17,Unallocated
30s-Burgundy-Burgundy-Cotton/Compact,PO-2026-104,SUTLEJ TEXTILES AND INDUSTRIES LIMITED,goods_partially_received,BOX-PO-2026-104-95410-1771313123196-211,699417e39c9936ad06eb37b3,95410,SDY56788-C,0,23.901000000000003,0,23.901000000000003,qc_approved,2026-02-17,Unallocated
30s-Beige-Travertine-Cotton/Compact,PO-2026-104,SUTLEJ TEXTILES AND INDUSTRIES LIMITED,goods_partially_received,BOX-PO-2026-104-95411-1771313123196-199,699417e39c9936ad06eb37a4,95411,SDY56800-A,40,10.104999999999993,,10.104999999999993,qc_approved,2026-02-17,Unallocated
30s-Cream-Almond Milk-Cotton/Compact,PO-2026-104,SUTLEJ TEXTILES AND INDUSTRIES LIMITED,goods_partially_received,BOX-PO-2026-104-95409-1771313123196-204,699417e39c9936ad06eb37aa,95409,SDY56799-C,40,22.037,,22.037,qc_approved,2026-02-17,Unallocated
30s-Dark Green-Ponderosa Pine-Cotton/Compact,PO-2026-104,SUTLEJ TEXTILES AND INDUSTRIES LIMITED,goods_partially_received,BOX-PO-2026-104-95441-1771313123196-190,699417e39c9936ad06eb3796,95441,SDY56778-A,40,15.164000000000001,,15.164000000000001,qc_approved,2026-02-17,Unallocated
30s-Anthra Melange-Anthra Melange-Cotton/Cotton Birla Modal Melange,PO-2026-104,SUTLEJ TEXTILES AND INDUSTRIES LIMITED,goods_partially_received,BOX-PO-2026-104-T1340-1771313123196-182,699417e39c9936ad06eb378a,T1340,DM-68500-I,0,11.879000000000005,0,11.879000000000005,qc_approved,2026-02-17,Unallocated
30s-Light Grey Melange-Light Grey Melange-Cotton/Cotton Birla Modal Melange,PO-2026-104,SUTLEJ TEXTILES AND INDUSTRIES LIMITED,goods_partially_received,BOX-PO-2026-104-T1318-1771313123196-169,699417e39c9936ad06eb3777,T1318,DM68503-I,0,3.23299999999999,0,3.23299999999999,qc_approved,2026-02-17,Unallocated
30s-Navy-Navy-Cotton/Compact,PO-2026-104,SUTLEJ TEXTILES AND INDUSTRIES LIMITED,goods_partially_received,BOX-PO-2026-104-95788-1771313123196-145,699417e39c9936ad06eb374c,95788,SDY53391-A,0,16.048,0,16.048,qc_approved,2026-02-17,Unallocated
20s-Navy-Navy-Cotton/Compact,PO-2026-104,SUTLEJ TEXTILES AND INDUSTRIES LIMITED,goods_partially_received,BOX-PO-2026-104-91990-1771313123196-147,699417e39c9936ad06eb3750,91990,SDY53391-A,0,11.103000000000002,0,11.103000000000002,qc_approved,2026-02-17,Unallocated
20s-Navy-Navy-Cotton/Compact,PO-2026-104,SUTLEJ TEXTILES AND INDUSTRIES LIMITED,goods_partially_received,BOX-PO-2026-104-90980-1771313123196-151,699417e39c9936ad06eb3757,90980,SDY53391-A,0,68.586,0,68.586,qc_approved,2026-02-17,Unallocated
20s-Light Grey-Light Grey-Cotton/Compact,PO-2026-104,SUTLEJ TEXTILES AND INDUSTRIES LIMITED,goods_partially_received,BOX-PO-2026-104-92250-1771313123196-139,699417e39c9936ad06eb3742,92250,SDY50374-A,0,40.214,0,40.214,qc_approved,2026-02-17,Unallocated
20s-Light Purple-Lavender-Cotton/Compact,PO-2026-104,SUTLEJ TEXTILES AND INDUSTRIES LIMITED,goods_partially_received,BOX-PO-2026-104-92667-1771313123196-109,699417e39c9936ad06eb370d,92667,SDY53198-D,0,10.092000000000006,0,10.092000000000006,qc_approved,2026-02-17,Unallocated
20s-Light Grey-Light Grey-Cotton/Compact,PO-2026-104,SUTLEJ TEXTILES AND INDUSTRIES LIMITED,goods_partially_received,BOX-PO-2026-104-92372-1771313123196-91,699417e39c9936ad06eb36f5,92372,SDY50374-A,0,28.673000000000002,0,28.673000000000002,qc_approved,2026-02-17,Unallocated
20s-Red-Red-Cotton/Compact,PO-2026-104,SUTLEJ TEXTILES AND INDUSTRIES LIMITED,goods_partially_received,BOX-PO-2026-104-92685-1771313123196-65,699417e39c9936ad06eb36d3,92685,SDY50157-A,0,8.680999999999997,0,8.680999999999997,qc_approved,2026-02-17,Unallocated
20s-Sea Green-Sea Green-Cotton/Compact,PO-2026-104,SUTLEJ TEXTILES AND INDUSTRIES LIMITED,goods_partially_received,BOX-PO-2026-104-92615-1771313123196-40,699417e39c9936ad06eb36b2,92615,SDY53192-D,40,3.404999999999994,46.715,3.404999999999994,qc_approved,2026-02-17,Unallocated
20s-Light Grey-Light Grey-Cotton/Compact,PO-2026-104,SUTLEJ TEXTILES AND INDUSTRIES LIMITED,goods_partially_received,BOX-PO-2026-104-92130-1771313123196-24,699417e39c9936ad06eb369f,92130,SDY50374-A,0,18.575999999999997,0,18.575999999999997,qc_approved,2026-02-17,Unallocated
20s-Blue Melange-Blue Melange-Cotton/Combed Melange,PO-2026-104,SUTLEJ TEXTILES AND INDUSTRIES LIMITED,goods_partially_received,BOX-PO-2026-104-18996-1771313123196-28,699417e39c9936ad06eb36a4,18996,DM-68758-C,24,29.05,,29.05,qc_approved,2026-02-17,Unallocated
30s-Light Grey-Light Grey-Cotton/Compact,PO-2026-104,SUTLEJ TEXTILES AND INDUSTRIES LIMITED,goods_partially_received,BOX-PO-2026-104-94525-1771313123196-6,699417e39c9936ad06eb3685,94525,SDY50374-A,0,13.362999999999996,0,13.362999999999996,qc_approved,2026-02-17,Unallocated
30s-Light Grey-Light Grey-Cotton/Compact,PO-2026-104,SUTLEJ TEXTILES AND INDUSTRIES LIMITED,goods_partially_received,BOX-PO-2026-104-94525-1771313123196-7,699417e39c9936ad06eb3686,94525,SDY50374-A,0,13.271,0,13.271,qc_approved,2026-02-17,Unallocated
30s-Light Grey-Light Grey-Cotton/Compact,PO-2026-104,SUTLEJ TEXTILES AND INDUSTRIES LIMITED,goods_partially_received,BOX-PO-2026-104-94525-1771313123196-9,699417e39c9936ad06eb3688,94525,SDY50374-A,0,9.981000000000002,0,9.981000000000002,qc_approved,2026-02-17,Unallocated
20s-Sea Green-Sea Green-Cotton/Compact,PO-2026-019,MARAL OVERSEAS LTD.,goods_partially_received,BOX-PO-2026-019-DDM1904955-1771310399923-116,69940d3f9c9936ad06eb139e,DDM1904955,DYL-37609-A,0,19.908,0,19.908,qc_approved,2026-02-17,Unallocated